run,bc,grade_deg,frame,bin,x_centre_m,depth_m
closed_g64,closed,0.0,0,0,0.932360,0.260610
closed_g64,closed,0.0,0,1,1.619362,0.252470
closed_g64,closed,0.0,0,2,2.306364,0.255428
closed_g64,closed,0.0,0,3,2.993366,0.254045
closed_g64,closed,0.0,0,4,3.680368,0.255328
closed_g64,closed,0.0,0,5,4.367370,0.254394
closed_g64,closed,0.0,0,6,5.054372,0.254700
closed_g64,closed,0.0,0,7,5.741374,0.254015
closed_g64,closed,0.0,0,8,6.428376,0.254739
closed_g64,closed,0.0,0,9,7.115378,0.254494
closed_g64,closed,0.0,0,10,7.802380,0.252630
closed_g64,closed,0.0,0,11,8.489382,0.259067
closed_g64,closed,0.0,1,0,0.932360,0.243506
closed_g64,closed,0.0,1,1,1.619362,0.248132
closed_g64,closed,0.0,1,2,2.306364,0.249824
closed_g64,closed,0.0,1,3,2.993366,0.256727
closed_g64,closed,0.0,1,4,3.680368,0.250596
closed_g64,closed,0.0,1,5,4.367370,0.248866
closed_g64,closed,0.0,1,6,5.054372,0.261278
closed_g64,closed,0.0,1,7,5.741374,0.247938
closed_g64,closed,0.0,1,8,6.428376,0.252119
closed_g64,closed,0.0,1,9,7.115378,0.250002
closed_g64,closed,0.0,1,10,7.802380,0.247362
closed_g64,closed,0.0,1,11,8.489382,0.257759
closed_g64,closed,0.0,2,0,0.932360,0.224859
closed_g64,closed,0.0,2,1,1.619362,0.248863
closed_g64,closed,0.0,2,2,2.306364,0.263541
closed_g64,closed,0.0,2,3,2.993366,0.258969
closed_g64,closed,0.0,2,4,3.680368,0.254134
closed_g64,closed,0.0,2,5,4.367370,0.267648
closed_g64,closed,0.0,2,6,5.054372,0.252439
closed_g64,closed,0.0,2,7,5.741374,0.260975
closed_g64,closed,0.0,2,8,6.428376,0.256823
closed_g64,closed,0.0,2,9,7.115378,0.254231
closed_g64,closed,0.0,2,10,7.802380,0.252252
closed_g64,closed,0.0,2,11,8.489382,0.281381
closed_g64,closed,0.0,3,0,0.932360,0.212970
closed_g64,closed,0.0,3,1,1.619362,0.251619
closed_g64,closed,0.0,3,2,2.306364,0.264234
closed_g64,closed,0.0,3,3,2.993366,0.260488
closed_g64,closed,0.0,3,4,3.680368,0.269500
closed_g64,closed,0.0,3,5,4.367370,0.269190
closed_g64,closed,0.0,3,6,5.054372,0.262535
closed_g64,closed,0.0,3,7,5.741374,0.270974
closed_g64,closed,0.0,3,8,6.428376,0.274196
closed_g64,closed,0.0,3,9,7.115378,0.259672
closed_g64,closed,0.0,3,10,7.802380,0.264652
closed_g64,closed,0.0,3,11,8.489382,0.306517
closed_g64,closed,0.0,4,0,0.932360,0.208627
closed_g64,closed,0.0,4,1,1.619362,0.256448
closed_g64,closed,0.0,4,2,2.306364,0.258744
closed_g64,closed,0.0,4,3,2.993366,0.264573
closed_g64,closed,0.0,4,4,3.680368,0.276771
closed_g64,closed,0.0,4,5,4.367370,0.270124
closed_g64,closed,0.0,4,6,5.054372,0.268380
closed_g64,closed,0.0,4,7,5.741374,0.277825
closed_g64,closed,0.0,4,8,6.428376,0.273187
closed_g64,closed,0.0,4,9,7.115378,0.265021
closed_g64,closed,0.0,4,10,7.802380,0.270343
closed_g64,closed,0.0,4,11,8.489382,0.317134
closed_g64,closed,0.0,5,0,0.932360,0.201503
closed_g64,closed,0.0,5,1,1.619362,0.260257
closed_g64,closed,0.0,5,2,2.306364,0.266137
closed_g64,closed,0.0,5,3,2.993366,0.270876
closed_g64,closed,0.0,5,4,3.680368,0.281742
closed_g64,closed,0.0,5,5,4.367370,0.278885
closed_g64,closed,0.0,5,6,5.054372,0.262150
closed_g64,closed,0.0,5,7,5.741374,0.285521
closed_g64,closed,0.0,5,8,6.428376,0.259785
closed_g64,closed,0.0,5,9,7.115378,0.261363
closed_g64,closed,0.0,5,10,7.802380,0.277805
closed_g64,closed,0.0,5,11,8.489382,0.353405
closed_g64,closed,0.0,6,0,0.932360,0.202092
closed_g64,closed,0.0,6,1,1.619362,0.265304
closed_g64,closed,0.0,6,2,2.306364,0.275780
closed_g64,closed,0.0,6,3,2.993366,0.282168
closed_g64,closed,0.0,6,4,3.680368,0.271716
closed_g64,closed,0.0,6,5,4.367370,0.272595
closed_g64,closed,0.0,6,6,5.054372,0.270685
closed_g64,closed,0.0,6,7,5.741374,0.277699
closed_g64,closed,0.0,6,8,6.428376,0.261096
closed_g64,closed,0.0,6,9,7.115378,0.268172
closed_g64,closed,0.0,6,10,7.802380,0.268281
closed_g64,closed,0.0,6,11,8.489382,0.356976
closed_g64,closed,0.0,7,0,0.932360,0.202465
closed_g64,closed,0.0,7,1,1.619362,0.266402
closed_g64,closed,0.0,7,2,2.306364,0.282747
closed_g64,closed,0.0,7,3,2.993366,0.286675
closed_g64,closed,0.0,7,4,3.680368,0.281311
closed_g64,closed,0.0,7,5,4.367370,0.270335
closed_g64,closed,0.0,7,6,5.054372,0.276042
closed_g64,closed,0.0,7,7,5.741374,0.289585
closed_g64,closed,0.0,7,8,6.428376,0.267841
closed_g64,closed,0.0,7,9,7.115378,0.270984
closed_g64,closed,0.0,7,10,7.802380,0.288129
closed_g64,closed,0.0,7,11,8.489382,0.372011
closed_g64,closed,0.0,8,0,0.932360,0.197854
closed_g64,closed,0.0,8,1,1.619362,0.270152
closed_g64,closed,0.0,8,2,2.306364,0.289176
closed_g64,closed,0.0,8,3,2.993366,0.288717
closed_g64,closed,0.0,8,4,3.680368,0.284166
closed_g64,closed,0.0,8,5,4.367370,0.277166
closed_g64,closed,0.0,8,6,5.054372,0.279124
closed_g64,closed,0.0,8,7,5.741374,0.284351
closed_g64,closed,0.0,8,8,6.428376,0.273347
closed_g64,closed,0.0,8,9,7.115378,0.278189
closed_g64,closed,0.0,8,10,7.802380,0.277157
closed_g64,closed,0.0,8,11,8.489382,0.395453
closed_g64,closed,0.0,9,0,0.932360,0.176213
closed_g64,closed,0.0,9,1,1.619362,0.265004
closed_g64,closed,0.0,9,2,2.306364,0.292938
closed_g64,closed,0.0,9,3,2.993366,0.294791
closed_g64,closed,0.0,9,4,3.680368,0.288402
closed_g64,closed,0.0,9,5,4.367370,0.281435
closed_g64,closed,0.0,9,6,5.054372,0.294067
closed_g64,closed,0.0,9,7,5.741374,0.285716
closed_g64,closed,0.0,9,8,6.428376,0.275437
closed_g64,closed,0.0,9,9,7.115378,0.281496
closed_g64,closed,0.0,9,10,7.802380,0.284939
closed_g64,closed,0.0,9,11,8.489382,0.400600
closed_g64,closed,0.0,10,0,0.932360,0.191606
closed_g64,closed,0.0,10,1,1.619362,0.262494
closed_g64,closed,0.0,10,2,2.306364,0.295901
closed_g64,closed,0.0,10,3,2.993366,0.290964
closed_g64,closed,0.0,10,4,3.680368,0.297330
closed_g64,closed,0.0,10,5,4.367370,0.297369
closed_g64,closed,0.0,10,6,5.054372,0.289331
closed_g64,closed,0.0,10,7,5.741374,0.303312
closed_g64,closed,0.0,10,8,6.428376,0.276113
closed_g64,closed,0.0,10,9,7.115378,0.280824
closed_g64,closed,0.0,10,10,7.802380,0.309647
closed_g64,closed,0.0,10,11,8.489382,0.411013
closed_g64,closed,0.0,11,0,0.932360,0.169830
closed_g64,closed,0.0,11,1,1.619362,0.264875
closed_g64,closed,0.0,11,2,2.306364,0.296283
closed_g64,closed,0.0,11,3,2.993366,0.291465
closed_g64,closed,0.0,11,4,3.680368,0.301126
closed_g64,closed,0.0,11,5,4.367370,0.310056
closed_g64,closed,0.0,11,6,5.054372,0.286626
closed_g64,closed,0.0,11,7,5.741374,0.313191
closed_g64,closed,0.0,11,8,6.428376,0.306023
closed_g64,closed,0.0,11,9,7.115378,0.315580
closed_g64,closed,0.0,11,10,7.802380,0.306760
closed_g64,closed,0.0,11,11,8.489382,0.428574
closed_g64,closed,0.0,12,0,0.932360,0.150646
closed_g64,closed,0.0,12,1,1.619362,0.265952
closed_g64,closed,0.0,12,2,2.306364,0.299107
closed_g64,closed,0.0,12,3,2.993366,0.295087
closed_g64,closed,0.0,12,4,3.680368,0.302592
closed_g64,closed,0.0,12,5,4.367370,0.295894
closed_g64,closed,0.0,12,6,5.054372,0.309436
closed_g64,closed,0.0,12,7,5.741374,0.314478
closed_g64,closed,0.0,12,8,6.428376,0.295021
closed_g64,closed,0.0,12,9,7.115378,0.288318
closed_g64,closed,0.0,12,10,7.802380,0.316961
closed_g64,closed,0.0,12,11,8.489382,0.449752
closed_g64,closed,0.0,13,0,0.932360,0.130049
closed_g64,closed,0.0,13,1,1.619362,0.262150
closed_g64,closed,0.0,13,2,2.306364,0.299438
closed_g64,closed,0.0,13,3,2.993366,0.291619
closed_g64,closed,0.0,13,4,3.680368,0.307571
closed_g64,closed,0.0,13,5,4.367370,0.291311
closed_g64,closed,0.0,13,6,5.054372,0.289445
closed_g64,closed,0.0,13,7,5.741374,0.313624
closed_g64,closed,0.0,13,8,6.428376,0.307342
closed_g64,closed,0.0,13,9,7.115378,0.281303
closed_g64,closed,0.0,13,10,7.802380,0.314368
closed_g64,closed,0.0,13,11,8.489382,0.466786
closed_g64,closed,0.0,14,0,0.932360,0.106450
closed_g64,closed,0.0,14,1,1.619362,0.255039
closed_g64,closed,0.0,14,2,2.306364,0.302832
closed_g64,closed,0.0,14,3,2.993366,0.299390
closed_g64,closed,0.0,14,4,3.680368,0.298030
closed_g64,closed,0.0,14,5,4.367370,0.293741
closed_g64,closed,0.0,14,6,5.054372,0.295010
closed_g64,closed,0.0,14,7,5.741374,0.297499
closed_g64,closed,0.0,14,8,6.428376,0.293309
closed_g64,closed,0.0,14,9,7.115378,0.322626
closed_g64,closed,0.0,14,10,7.802380,0.293075
closed_g64,closed,0.0,14,11,8.489382,0.481411
closed_g64,closed,0.0,15,0,0.932360,0.096284
closed_g64,closed,0.0,15,1,1.619362,0.255271
closed_g64,closed,0.0,15,2,2.306364,0.298536
closed_g64,closed,0.0,15,3,2.993366,0.297488
closed_g64,closed,0.0,15,4,3.680368,0.306768
closed_g64,closed,0.0,15,5,4.367370,0.296818
closed_g64,closed,0.0,15,6,5.054372,0.284698
closed_g64,closed,0.0,15,7,5.741374,0.316126
closed_g64,closed,0.0,15,8,6.428376,0.291686
closed_g64,closed,0.0,15,9,7.115378,0.282878
closed_g64,closed,0.0,15,10,7.802380,0.315018
closed_g64,closed,0.0,15,11,8.489382,0.499599
closed_g64,closed,0.0,16,0,0.932360,0.058922
closed_g64,closed,0.0,16,1,1.619362,0.258390
closed_g64,closed,0.0,16,2,2.306364,0.292722
closed_g64,closed,0.0,16,3,2.993366,0.302666
closed_g64,closed,0.0,16,4,3.680368,0.303436
closed_g64,closed,0.0,16,5,4.367370,0.295671
closed_g64,closed,0.0,16,6,5.054372,0.320616
closed_g64,closed,0.0,16,7,5.741374,0.281927
closed_g64,closed,0.0,16,8,6.428376,0.311736
closed_g64,closed,0.0,16,9,7.115378,0.283800
closed_g64,closed,0.0,16,10,7.802380,0.329559
closed_g64,closed,0.0,16,11,8.489382,0.515626
closed_g64,closed,0.0,17,0,0.932360,
closed_g64,closed,0.0,17,1,1.619362,0.247447
closed_g64,closed,0.0,17,2,2.306364,0.306701
closed_g64,closed,0.0,17,3,2.993366,0.300943
closed_g64,closed,0.0,17,4,3.680368,0.308114
closed_g64,closed,0.0,17,5,4.367370,0.296724
closed_g64,closed,0.0,17,6,5.054372,0.287431
closed_g64,closed,0.0,17,7,5.741374,0.323992
closed_g64,closed,0.0,17,8,6.428376,0.300360
closed_g64,closed,0.0,17,9,7.115378,0.284651
closed_g64,closed,0.0,17,10,7.802380,0.315597
closed_g64,closed,0.0,17,11,8.489382,0.692078
closed_g64,closed,0.0,18,0,0.932360,
closed_g64,closed,0.0,18,1,1.619362,0.230448
closed_g64,closed,0.0,18,2,2.306364,0.295593
closed_g64,closed,0.0,18,3,2.993366,0.304356
closed_g64,closed,0.0,18,4,3.680368,0.308279
closed_g64,closed,0.0,18,5,4.367370,0.288629
closed_g64,closed,0.0,18,6,5.054372,0.317376
closed_g64,closed,0.0,18,7,5.741374,0.304864
closed_g64,closed,0.0,18,8,6.428376,0.296930
closed_g64,closed,0.0,18,9,7.115378,0.286352
closed_g64,closed,0.0,18,10,7.802380,0.320911
closed_g64,closed,0.0,18,11,8.489382,0.798329
closed_g64,closed,0.0,19,0,0.932360,
closed_g64,closed,0.0,19,1,1.619362,0.233985
closed_g64,closed,0.0,19,2,2.306364,0.298686
closed_g64,closed,0.0,19,3,2.993366,0.301407
closed_g64,closed,0.0,19,4,3.680368,0.299010
closed_g64,closed,0.0,19,5,4.367370,0.299502
closed_g64,closed,0.0,19,6,5.054372,0.291263
closed_g64,closed,0.0,19,7,5.741374,0.323240
closed_g64,closed,0.0,19,8,6.428376,0.297204
closed_g64,closed,0.0,19,9,7.115378,0.304118
closed_g64,closed,0.0,19,10,7.802380,0.334762
closed_g64,closed,0.0,19,11,8.489382,0.788804
closed_g64,closed,0.0,20,0,0.932360,
closed_g64,closed,0.0,20,1,1.619362,0.225007
closed_g64,closed,0.0,20,2,2.306364,0.298611
closed_g64,closed,0.0,20,3,2.993366,0.298787
closed_g64,closed,0.0,20,4,3.680368,0.298508
closed_g64,closed,0.0,20,5,4.367370,0.305144
closed_g64,closed,0.0,20,6,5.054372,0.293117
closed_g64,closed,0.0,20,7,5.741374,0.311835
closed_g64,closed,0.0,20,8,6.428376,0.315457
closed_g64,closed,0.0,20,9,7.115378,0.325839
closed_g64,closed,0.0,20,10,7.802380,0.342453
closed_g64,closed,0.0,20,11,8.489382,0.773979
closed_g64,closed,0.0,21,0,0.932360,
closed_g64,closed,0.0,21,1,1.619362,0.217658
closed_g64,closed,0.0,21,2,2.306364,0.299655
closed_g64,closed,0.0,21,3,2.993366,0.300630
closed_g64,closed,0.0,21,4,3.680368,0.300396
closed_g64,closed,0.0,21,5,4.367370,0.298831
closed_g64,closed,0.0,21,6,5.054372,0.312347
closed_g64,closed,0.0,21,7,5.741374,0.308493
closed_g64,closed,0.0,21,8,6.428376,0.317259
closed_g64,closed,0.0,21,9,7.115378,0.284793
closed_g64,closed,0.0,21,10,7.802380,0.344049
closed_g64,closed,0.0,21,11,8.489382,0.757786
closed_g64,closed,0.0,22,0,0.932360,
closed_g64,closed,0.0,22,1,1.619362,0.215623
closed_g64,closed,0.0,22,2,2.306364,0.298181
closed_g64,closed,0.0,22,3,2.993366,0.299837
closed_g64,closed,0.0,22,4,3.680368,0.294112
closed_g64,closed,0.0,22,5,4.367370,0.303365
closed_g64,closed,0.0,22,6,5.054372,0.295709
closed_g64,closed,0.0,22,7,5.741374,0.303806
closed_g64,closed,0.0,22,8,6.428376,0.310496
closed_g64,closed,0.0,22,9,7.115378,0.316806
closed_g64,closed,0.0,22,10,7.802380,0.358812
closed_g64,closed,0.0,22,11,8.489382,0.742988
closed_g64,closed,0.0,23,0,0.932360,
closed_g64,closed,0.0,23,1,1.619362,0.206979
closed_g64,closed,0.0,23,2,2.306364,0.300345
closed_g64,closed,0.0,23,3,2.993366,0.298851
closed_g64,closed,0.0,23,4,3.680368,0.291869
closed_g64,closed,0.0,23,5,4.367370,0.307895
closed_g64,closed,0.0,23,6,5.054372,0.285047
closed_g64,closed,0.0,23,7,5.741374,0.318425
closed_g64,closed,0.0,23,8,6.428376,0.305775
closed_g64,closed,0.0,23,9,7.115378,0.297015
closed_g64,closed,0.0,23,10,7.802380,0.365830
closed_g64,closed,0.0,23,11,8.489382,0.729513
closed_g64,closed,0.0,24,0,0.932360,
closed_g64,closed,0.0,24,1,1.619362,0.168106
closed_g64,closed,0.0,24,2,2.306364,0.298399
closed_g64,closed,0.0,24,3,2.993366,0.296224
closed_g64,closed,0.0,24,4,3.680368,0.295386
closed_g64,closed,0.0,24,5,4.367370,0.307290
closed_g64,closed,0.0,24,6,5.054372,0.299343
closed_g64,closed,0.0,24,7,5.741374,0.287237
closed_g64,closed,0.0,24,8,6.428376,0.292245
closed_g64,closed,0.0,24,9,7.115378,0.324817
closed_g64,closed,0.0,24,10,7.802380,0.376865
closed_g64,closed,0.0,24,11,8.489382,0.716691
closed_g64,closed,0.0,25,0,0.932360,
closed_g64,closed,0.0,25,1,1.619362,0.172343
closed_g64,closed,0.0,25,2,2.306364,0.290399
closed_g64,closed,0.0,25,3,2.993366,0.297215
closed_g64,closed,0.0,25,4,3.680368,0.293785
closed_g64,closed,0.0,25,5,4.367370,0.315675
closed_g64,closed,0.0,25,6,5.054372,0.297167
closed_g64,closed,0.0,25,7,5.741374,0.323166
closed_g64,closed,0.0,25,8,6.428376,0.287809
closed_g64,closed,0.0,25,9,7.115378,0.328440
closed_g64,closed,0.0,25,10,7.802380,0.389618
closed_g64,closed,0.0,25,11,8.489382,0.703905
closed_g64,closed,0.0,26,0,0.932360,
closed_g64,closed,0.0,26,1,1.619362,0.156371
closed_g64,closed,0.0,26,2,2.306364,0.282829
closed_g64,closed,0.0,26,3,2.993366,0.297287
closed_g64,closed,0.0,26,4,3.680368,0.290995
closed_g64,closed,0.0,26,5,4.367370,0.316053
closed_g64,closed,0.0,26,6,5.054372,0.299834
closed_g64,closed,0.0,26,7,5.741374,0.305730
closed_g64,closed,0.0,26,8,6.428376,0.310515
closed_g64,closed,0.0,26,9,7.115378,0.298691
closed_g64,closed,0.0,26,10,7.802380,0.406458
closed_g64,closed,0.0,26,11,8.489382,0.693423
closed_g64,closed,0.0,27,0,0.932360,
closed_g64,closed,0.0,27,1,1.619362,0.131705
closed_g64,closed,0.0,27,2,2.306364,0.285005
closed_g64,closed,0.0,27,3,2.993366,0.292118
closed_g64,closed,0.0,27,4,3.680368,0.294803
closed_g64,closed,0.0,27,5,4.367370,0.306628
closed_g64,closed,0.0,27,6,5.054372,0.297223
closed_g64,closed,0.0,27,7,5.741374,0.306801
closed_g64,closed,0.0,27,8,6.428376,0.326612
closed_g64,closed,0.0,27,9,7.115378,0.301208
closed_g64,closed,0.0,27,10,7.802380,0.417444
closed_g64,closed,0.0,27,11,8.489382,0.681230
closed_g64,closed,0.0,28,0,0.932360,
closed_g64,closed,0.0,28,1,1.619362,0.129144
closed_g64,closed,0.0,28,2,2.306364,0.285524
closed_g64,closed,0.0,28,3,2.993366,0.290757
closed_g64,closed,0.0,28,4,3.680368,0.287349
closed_g64,closed,0.0,28,5,4.367370,0.300107
closed_g64,closed,0.0,28,6,5.054372,0.297060
closed_g64,closed,0.0,28,7,5.741374,0.304579
closed_g64,closed,0.0,28,8,6.428376,0.323113
closed_g64,closed,0.0,28,9,7.115378,0.303076
closed_g64,closed,0.0,28,10,7.802380,0.435924
closed_g64,closed,0.0,28,11,8.489382,0.669031
closed_g64,closed,0.0,29,0,0.932360,
closed_g64,closed,0.0,29,1,1.619362,0.119317
closed_g64,closed,0.0,29,2,2.306364,0.281456
closed_g64,closed,0.0,29,3,2.993366,0.287935
closed_g64,closed,0.0,29,4,3.680368,0.286810
closed_g64,closed,0.0,29,5,4.367370,0.298458
closed_g64,closed,0.0,29,6,5.054372,0.305420
closed_g64,closed,0.0,29,7,5.741374,0.287527
closed_g64,closed,0.0,29,8,6.428376,0.306059
closed_g64,closed,0.0,29,9,7.115378,0.308524
closed_g64,closed,0.0,29,10,7.802380,0.452833
closed_g64,closed,0.0,29,11,8.489382,0.660780
closed_g64,closed,0.0,30,0,0.932360,
closed_g64,closed,0.0,30,1,1.619362,0.086366
closed_g64,closed,0.0,30,2,2.306364,0.276312
closed_g64,closed,0.0,30,3,2.993366,0.288668
closed_g64,closed,0.0,30,4,3.680368,0.286677
closed_g64,closed,0.0,30,5,4.367370,0.296674
closed_g64,closed,0.0,30,6,5.054372,0.305690
closed_g64,closed,0.0,30,7,5.741374,0.300837
closed_g64,closed,0.0,30,8,6.428376,0.300544
closed_g64,closed,0.0,30,9,7.115378,0.316057
closed_g64,closed,0.0,30,10,7.802380,0.473155
closed_g64,closed,0.0,30,11,8.489382,0.657100
closed_g64,closed,0.0,31,0,0.932360,
closed_g64,closed,0.0,31,1,1.619362,0.057158
closed_g64,closed,0.0,31,2,2.306364,0.272139
closed_g64,closed,0.0,31,3,2.993366,0.286455
closed_g64,closed,0.0,31,4,3.680368,0.286546
closed_g64,closed,0.0,31,5,4.367370,0.294548
closed_g64,closed,0.0,31,6,5.054372,0.306173
closed_g64,closed,0.0,31,7,5.741374,0.314363
closed_g64,closed,0.0,31,8,6.428376,0.286089
closed_g64,closed,0.0,31,9,7.115378,0.337163
closed_g64,closed,0.0,31,10,7.802380,0.493023
closed_g64,closed,0.0,31,11,8.489382,0.647374
closed_g64,closed,0.0,32,0,0.932360,
closed_g64,closed,0.0,32,1,1.619362,0.063295
closed_g64,closed,0.0,32,2,2.306364,0.266559
closed_g64,closed,0.0,32,3,2.993366,0.285668
closed_g64,closed,0.0,32,4,3.680368,0.285474
closed_g64,closed,0.0,32,5,4.367370,0.291789
closed_g64,closed,0.0,32,6,5.054372,0.305598
closed_g64,closed,0.0,32,7,5.741374,0.291526
closed_g64,closed,0.0,32,8,6.428376,0.316882
closed_g64,closed,0.0,32,9,7.115378,0.333000
closed_g64,closed,0.0,32,10,7.802380,0.512669
closed_g64,closed,0.0,32,11,8.489382,0.634809
closed_g64,closed,0.0,33,0,0.932360,
closed_g64,closed,0.0,33,1,1.619362,0.042978
closed_g64,closed,0.0,33,2,2.306364,0.262248
closed_g64,closed,0.0,33,3,2.993366,0.282277
closed_g64,closed,0.0,33,4,3.680368,0.284595
closed_g64,closed,0.0,33,5,4.367370,0.291400
closed_g64,closed,0.0,33,6,5.054372,0.320945
closed_g64,closed,0.0,33,7,5.741374,0.301152
closed_g64,closed,0.0,33,8,6.428376,0.287899
closed_g64,closed,0.0,33,9,7.115378,0.338199
closed_g64,closed,0.0,33,10,7.802380,0.541230
closed_g64,closed,0.0,33,11,8.489382,0.625447
closed_g64,closed,0.0,34,0,0.932360,
closed_g64,closed,0.0,34,1,1.619362,0.036715
closed_g64,closed,0.0,34,2,2.306364,0.256148
closed_g64,closed,0.0,34,3,2.993366,0.279489
closed_g64,closed,0.0,34,4,3.680368,0.282292
closed_g64,closed,0.0,34,5,4.367370,0.291042
closed_g64,closed,0.0,34,6,5.054372,0.321300
closed_g64,closed,0.0,34,7,5.741374,0.297329
closed_g64,closed,0.0,34,8,6.428376,0.317076
closed_g64,closed,0.0,34,9,7.115378,0.338513
closed_g64,closed,0.0,34,10,7.802380,0.560729
closed_g64,closed,0.0,34,11,8.489382,0.616311
closed_g64,closed,0.0,35,0,0.932360,
closed_g64,closed,0.0,35,1,1.619362,0.030929
closed_g64,closed,0.0,35,2,2.306364,0.232083
closed_g64,closed,0.0,35,3,2.993366,0.275937
closed_g64,closed,0.0,35,4,3.680368,0.280415
closed_g64,closed,0.0,35,5,4.367370,0.296833
closed_g64,closed,0.0,35,6,5.054372,0.305342
closed_g64,closed,0.0,35,7,5.741374,0.301069
closed_g64,closed,0.0,35,8,6.428376,0.318498
closed_g64,closed,0.0,35,9,7.115378,0.338112
closed_g64,closed,0.0,35,10,7.802380,0.572486
closed_g64,closed,0.0,35,11,8.489382,0.607240
closed_g64,closed,0.0,36,0,0.932360,
closed_g64,closed,0.0,36,1,1.619362,0.024524
closed_g64,closed,0.0,36,2,2.306364,0.227980
closed_g64,closed,0.0,36,3,2.993366,0.277596
closed_g64,closed,0.0,36,4,3.680368,0.280563
closed_g64,closed,0.0,36,5,4.367370,0.293917
closed_g64,closed,0.0,36,6,5.054372,0.292400
closed_g64,closed,0.0,36,7,5.741374,0.302727
closed_g64,closed,0.0,36,8,6.428376,0.296235
closed_g64,closed,0.0,36,9,7.115378,0.352481
closed_g64,closed,0.0,36,10,7.802380,0.584549
closed_g64,closed,0.0,36,11,8.489382,0.596951
closed_g64,closed,0.0,37,0,0.932360,
closed_g64,closed,0.0,37,1,1.619362,0.011847
closed_g64,closed,0.0,37,2,2.306364,0.223764
closed_g64,closed,0.0,37,3,2.993366,0.268043
closed_g64,closed,0.0,37,4,3.680368,0.280542
closed_g64,closed,0.0,37,5,4.367370,0.291373
closed_g64,closed,0.0,37,6,5.054372,0.291109
closed_g64,closed,0.0,37,7,5.741374,0.301589
closed_g64,closed,0.0,37,8,6.428376,0.315542
closed_g64,closed,0.0,37,9,7.115378,0.368274
closed_g64,closed,0.0,37,10,7.802380,0.596240
closed_g64,closed,0.0,37,11,8.489382,0.587451
closed_g64,closed,0.0,38,0,0.932360,
closed_g64,closed,0.0,38,1,1.619362,
closed_g64,closed,0.0,38,2,2.306364,0.216737
closed_g64,closed,0.0,38,3,2.993366,0.261059
closed_g64,closed,0.0,38,4,3.680368,0.273005
closed_g64,closed,0.0,38,5,4.367370,0.291578
closed_g64,closed,0.0,38,6,5.054372,0.291849
closed_g64,closed,0.0,38,7,5.741374,0.307893
closed_g64,closed,0.0,38,8,6.428376,0.295615
closed_g64,closed,0.0,38,9,7.115378,0.369856
closed_g64,closed,0.0,38,10,7.802380,0.603392
closed_g64,closed,0.0,38,11,8.489382,0.581516
closed_g64,closed,0.0,39,0,0.932360,
closed_g64,closed,0.0,39,1,1.619362,
closed_g64,closed,0.0,39,2,2.306364,0.203458
closed_g64,closed,0.0,39,3,2.993366,0.254609
closed_g64,closed,0.0,39,4,3.680368,0.273541
closed_g64,closed,0.0,39,5,4.367370,0.288037
closed_g64,closed,0.0,39,6,5.054372,0.293889
closed_g64,closed,0.0,39,7,5.741374,0.307063
closed_g64,closed,0.0,39,8,6.428376,0.311971
closed_g64,closed,0.0,39,9,7.115378,0.375219
closed_g64,closed,0.0,39,10,7.802380,0.619225
closed_g64,closed,0.0,39,11,8.489382,0.573664
closed_g64,closed,0.0,40,0,0.932360,
closed_g64,closed,0.0,40,1,1.619362,
closed_g64,closed,0.0,40,2,2.306364,0.194635
closed_g64,closed,0.0,40,3,2.993366,0.250142
closed_g64,closed,0.0,40,4,3.680368,0.273313
closed_g64,closed,0.0,40,5,4.367370,0.287579
closed_g64,closed,0.0,40,6,5.054372,0.293490
closed_g64,closed,0.0,40,7,5.741374,0.307079
closed_g64,closed,0.0,40,8,6.428376,0.321025
closed_g64,closed,0.0,40,9,7.115378,0.383983
closed_g64,closed,0.0,40,10,7.802380,0.637244
closed_g64,closed,0.0,40,11,8.489382,0.568386
closed_g64,closed,0.0,41,0,0.932360,
closed_g64,closed,0.0,41,1,1.619362,
closed_g64,closed,0.0,41,2,2.306364,0.190429
closed_g64,closed,0.0,41,3,2.993366,0.240610
closed_g64,closed,0.0,41,4,3.680368,0.269340
closed_g64,closed,0.0,41,5,4.367370,0.282987
closed_g64,closed,0.0,41,6,5.054372,0.289134
closed_g64,closed,0.0,41,7,5.741374,0.320776
closed_g64,closed,0.0,41,8,6.428376,0.304695
closed_g64,closed,0.0,41,9,7.115378,0.392543
closed_g64,closed,0.0,41,10,7.802380,0.624250
closed_g64,closed,0.0,41,11,8.489382,0.566920
closed_g64,closed,0.0,42,0,0.932360,
closed_g64,closed,0.0,42,1,1.619362,
closed_g64,closed,0.0,42,2,2.306364,0.183682
closed_g64,closed,0.0,42,3,2.993366,0.235179
closed_g64,closed,0.0,42,4,3.680368,0.270043
closed_g64,closed,0.0,42,5,4.367370,0.282411
closed_g64,closed,0.0,42,6,5.054372,0.289600
closed_g64,closed,0.0,42,7,5.741374,0.322516
closed_g64,closed,0.0,42,8,6.428376,0.300991
closed_g64,closed,0.0,42,9,7.115378,0.408275
closed_g64,closed,0.0,42,10,7.802380,0.620507
closed_g64,closed,0.0,42,11,8.489382,0.566478
closed_g64,closed,0.0,43,0,0.932360,
closed_g64,closed,0.0,43,1,1.619362,
closed_g64,closed,0.0,43,2,2.306364,0.178264
closed_g64,closed,0.0,43,3,2.993366,0.228907
closed_g64,closed,0.0,43,4,3.680368,0.267237
closed_g64,closed,0.0,43,5,4.367370,0.282180
closed_g64,closed,0.0,43,6,5.054372,0.291664
closed_g64,closed,0.0,43,7,5.741374,0.315685
closed_g64,closed,0.0,43,8,6.428376,0.309153
closed_g64,closed,0.0,43,9,7.115378,0.421334
closed_g64,closed,0.0,43,10,7.802380,0.637437
closed_g64,closed,0.0,43,11,8.489382,0.566408
closed_g64,closed,0.0,44,0,0.932360,
closed_g64,closed,0.0,44,1,1.619362,
closed_g64,closed,0.0,44,2,2.306364,0.169663
closed_g64,closed,0.0,44,3,2.993366,0.219582
closed_g64,closed,0.0,44,4,3.680368,0.266724
closed_g64,closed,0.0,44,5,4.367370,0.280886
closed_g64,closed,0.0,44,6,5.054372,0.292473
closed_g64,closed,0.0,44,7,5.741374,0.315498
closed_g64,closed,0.0,44,8,6.428376,0.306801
closed_g64,closed,0.0,44,9,7.115378,0.436630
closed_g64,closed,0.0,44,10,7.802380,0.642983
closed_g64,closed,0.0,44,11,8.489382,0.564999
closed_g64,closed,0.0,45,0,0.932360,
closed_g64,closed,0.0,45,1,1.619362,
closed_g64,closed,0.0,45,2,2.306364,0.162292
closed_g64,closed,0.0,45,3,2.993366,0.212872
closed_g64,closed,0.0,45,4,3.680368,0.259917
closed_g64,closed,0.0,45,5,4.367370,0.278648
closed_g64,closed,0.0,45,6,5.054372,0.291697
closed_g64,closed,0.0,45,7,5.741374,0.308047
closed_g64,closed,0.0,45,8,6.428376,0.311886
closed_g64,closed,0.0,45,9,7.115378,0.461386
closed_g64,closed,0.0,45,10,7.802380,0.639285
closed_g64,closed,0.0,45,11,8.489382,0.563183
closed_g64,closed,0.0,46,0,0.932360,
closed_g64,closed,0.0,46,1,1.619362,
closed_g64,closed,0.0,46,2,2.306364,0.156149
closed_g64,closed,0.0,46,3,2.993366,0.201769
closed_g64,closed,0.0,46,4,3.680368,0.252790
closed_g64,closed,0.0,46,5,4.367370,0.281831
closed_g64,closed,0.0,46,6,5.054372,0.288556
closed_g64,closed,0.0,46,7,5.741374,0.292121
closed_g64,closed,0.0,46,8,6.428376,0.318971
closed_g64,closed,0.0,46,9,7.115378,0.485512
closed_g64,closed,0.0,46,10,7.802380,0.624467
closed_g64,closed,0.0,46,11,8.489382,0.560289
closed_g64,closed,0.0,47,0,0.932360,
closed_g64,closed,0.0,47,1,1.619362,
closed_g64,closed,0.0,47,2,2.306364,0.147701
closed_g64,closed,0.0,47,3,2.993366,0.196089
closed_g64,closed,0.0,47,4,3.680368,0.239993
closed_g64,closed,0.0,47,5,4.367370,0.275327
closed_g64,closed,0.0,47,6,5.054372,0.291547
closed_g64,closed,0.0,47,7,5.741374,0.289194
closed_g64,closed,0.0,47,8,6.428376,0.327116
closed_g64,closed,0.0,47,9,7.115378,0.505198
closed_g64,closed,0.0,47,10,7.802380,0.622975
closed_g64,closed,0.0,47,11,8.489382,0.557605
closed_g64,closed,0.0,48,0,0.932360,
closed_g64,closed,0.0,48,1,1.619362,
closed_g64,closed,0.0,48,2,2.306364,0.138468
closed_g64,closed,0.0,48,3,2.993366,0.190421
closed_g64,closed,0.0,48,4,3.680368,0.234309
closed_g64,closed,0.0,48,5,4.367370,0.272299
closed_g64,closed,0.0,48,6,5.054372,0.290983
closed_g64,closed,0.0,48,7,5.741374,0.286814
closed_g64,closed,0.0,48,8,6.428376,0.332332
closed_g64,closed,0.0,48,9,7.115378,0.526282
closed_g64,closed,0.0,48,10,7.802380,0.620097
closed_g64,closed,0.0,48,11,8.489382,0.557959
closed_g64,closed,0.0,49,0,0.932360,
closed_g64,closed,0.0,49,1,1.619362,
closed_g64,closed,0.0,49,2,2.306364,0.131231
closed_g64,closed,0.0,49,3,2.993366,0.179096
closed_g64,closed,0.0,49,4,3.680368,0.231996
closed_g64,closed,0.0,49,5,4.367370,0.269883
closed_g64,closed,0.0,49,6,5.054372,0.288210
closed_g64,closed,0.0,49,7,5.741374,0.288963
closed_g64,closed,0.0,49,8,6.428376,0.337848
closed_g64,closed,0.0,49,9,7.115378,0.542037
closed_g64,closed,0.0,49,10,7.802380,0.618980
closed_g64,closed,0.0,49,11,8.489382,0.558888
closed_g64,closed,0.0,50,0,0.932360,
closed_g64,closed,0.0,50,1,1.619362,
closed_g64,closed,0.0,50,2,2.306364,0.124604
closed_g64,closed,0.0,50,3,2.993366,0.172972
closed_g64,closed,0.0,50,4,3.680368,0.231987
closed_g64,closed,0.0,50,5,4.367370,0.265422
closed_g64,closed,0.0,50,6,5.054372,0.282811
closed_g64,closed,0.0,50,7,5.741374,0.289222
closed_g64,closed,0.0,50,8,6.428376,0.347720
closed_g64,closed,0.0,50,9,7.115378,0.555802
closed_g64,closed,0.0,50,10,7.802380,0.620178
closed_g64,closed,0.0,50,11,8.489382,0.560439
closed_g64,closed,0.0,51,0,0.932360,
closed_g64,closed,0.0,51,1,1.619362,
closed_g64,closed,0.0,51,2,2.306364,0.114189
closed_g64,closed,0.0,51,3,2.993366,0.160907
closed_g64,closed,0.0,51,4,3.680368,0.224249
closed_g64,closed,0.0,51,5,4.367370,0.264081
closed_g64,closed,0.0,51,6,5.054372,0.279237
closed_g64,closed,0.0,51,7,5.741374,0.289661
closed_g64,closed,0.0,51,8,6.428376,0.359485
closed_g64,closed,0.0,51,9,7.115378,0.566604
closed_g64,closed,0.0,51,10,7.802380,0.611442
closed_g64,closed,0.0,51,11,8.489382,0.561634
closed_g64,closed,0.0,52,0,0.932360,
closed_g64,closed,0.0,52,1,1.619362,
closed_g64,closed,0.0,52,2,2.306364,0.110124
closed_g64,closed,0.0,52,3,2.993366,0.156729
closed_g64,closed,0.0,52,4,3.680368,0.216343
closed_g64,closed,0.0,52,5,4.367370,0.260083
closed_g64,closed,0.0,52,6,5.054372,0.278496
closed_g64,closed,0.0,52,7,5.741374,0.291064
closed_g64,closed,0.0,52,8,6.428376,0.371633
closed_g64,closed,0.0,52,9,7.115378,0.578132
closed_g64,closed,0.0,52,10,7.802380,0.608163
closed_g64,closed,0.0,52,11,8.489382,0.563174
closed_g64,closed,0.0,53,0,0.932360,
closed_g64,closed,0.0,53,1,1.619362,
closed_g64,closed,0.0,53,2,2.306364,0.105808
closed_g64,closed,0.0,53,3,2.993366,0.152158
closed_g64,closed,0.0,53,4,3.680368,0.209494
closed_g64,closed,0.0,53,5,4.367370,0.254423
closed_g64,closed,0.0,53,6,5.054372,0.278903
closed_g64,closed,0.0,53,7,5.741374,0.292599
closed_g64,closed,0.0,53,8,6.428376,0.374392
closed_g64,closed,0.0,53,9,7.115378,0.587498
closed_g64,closed,0.0,53,10,7.802380,0.601381
closed_g64,closed,0.0,53,11,8.489382,0.563416
closed_g64,closed,0.0,54,0,0.932360,
closed_g64,closed,0.0,54,1,1.619362,
closed_g64,closed,0.0,54,2,2.306364,0.100364
closed_g64,closed,0.0,54,3,2.993366,0.147957
closed_g64,closed,0.0,54,4,3.680368,0.204027
closed_g64,closed,0.0,54,5,4.367370,0.247825
closed_g64,closed,0.0,54,6,5.054372,0.277882
closed_g64,closed,0.0,54,7,5.741374,0.293073
closed_g64,closed,0.0,54,8,6.428376,0.389251
closed_g64,closed,0.0,54,9,7.115378,0.595758
closed_g64,closed,0.0,54,10,7.802380,0.592600
closed_g64,closed,0.0,54,11,8.489382,0.563020
closed_g64,closed,0.0,55,0,0.932360,
closed_g64,closed,0.0,55,1,1.619362,
closed_g64,closed,0.0,55,2,2.306364,0.096979
closed_g64,closed,0.0,55,3,2.993366,0.142715
closed_g64,closed,0.0,55,4,3.680368,0.201468
closed_g64,closed,0.0,55,5,4.367370,0.245033
closed_g64,closed,0.0,55,6,5.054372,0.277902
closed_g64,closed,0.0,55,7,5.741374,0.287764
closed_g64,closed,0.0,55,8,6.428376,0.396220
closed_g64,closed,0.0,55,9,7.115378,0.603946
closed_g64,closed,0.0,55,10,7.802380,0.583840
closed_g64,closed,0.0,55,11,8.489382,0.561947
closed_g64,closed,0.0,56,0,0.932360,
closed_g64,closed,0.0,56,1,1.619362,
closed_g64,closed,0.0,56,2,2.306364,0.093739
closed_g64,closed,0.0,56,3,2.993366,0.135776
closed_g64,closed,0.0,56,4,3.680368,0.196839
closed_g64,closed,0.0,56,5,4.367370,0.240807
closed_g64,closed,0.0,56,6,5.054372,0.271812
closed_g64,closed,0.0,56,7,5.741374,0.297906
closed_g64,closed,0.0,56,8,6.428376,0.400830
closed_g64,closed,0.0,56,9,7.115378,0.609782
closed_g64,closed,0.0,56,10,7.802380,0.575087
closed_g64,closed,0.0,56,11,8.489382,0.560567
closed_g64,closed,0.0,57,0,0.932360,
closed_g64,closed,0.0,57,1,1.619362,
closed_g64,closed,0.0,57,2,2.306364,0.090654
closed_g64,closed,0.0,57,3,2.993366,0.132068
closed_g64,closed,0.0,57,4,3.680368,0.194296
closed_g64,closed,0.0,57,5,4.367370,0.238411
closed_g64,closed,0.0,57,6,5.054372,0.270252
closed_g64,closed,0.0,57,7,5.741374,0.297520
closed_g64,closed,0.0,57,8,6.428376,0.410224
closed_g64,closed,0.0,57,9,7.115378,0.613349
closed_g64,closed,0.0,57,10,7.802380,0.567002
closed_g64,closed,0.0,57,11,8.489382,0.560463
closed_g64,closed,0.0,58,0,0.932360,
closed_g64,closed,0.0,58,1,1.619362,
closed_g64,closed,0.0,58,2,2.306364,0.087667
closed_g64,closed,0.0,58,3,2.993366,0.127893
closed_g64,closed,0.0,58,4,3.680368,0.190868
closed_g64,closed,0.0,58,5,4.367370,0.234161
closed_g64,closed,0.0,58,6,5.054372,0.265161
closed_g64,closed,0.0,58,7,5.741374,0.292097
closed_g64,closed,0.0,58,8,6.428376,0.414878
closed_g64,closed,0.0,58,9,7.115378,0.619578
closed_g64,closed,0.0,58,10,7.802380,0.557664
closed_g64,closed,0.0,58,11,8.489382,0.560119
closed_g64,closed,0.0,59,0,0.932360,
closed_g64,closed,0.0,59,1,1.619362,
closed_g64,closed,0.0,59,2,2.306364,0.085069
closed_g64,closed,0.0,59,3,2.993366,0.124144
closed_g64,closed,0.0,59,4,3.680368,0.187470
closed_g64,closed,0.0,59,5,4.367370,0.222271
closed_g64,closed,0.0,59,6,5.054372,0.264780
closed_g64,closed,0.0,59,7,5.741374,0.297962
closed_g64,closed,0.0,59,8,6.428376,0.428114
closed_g64,closed,0.0,59,9,7.115378,0.621852
closed_g64,closed,0.0,59,10,7.802380,0.547220
closed_g64,closed,0.0,59,11,8.489382,0.560073
closed_g64,closed,0.0,60,0,0.932360,
closed_g64,closed,0.0,60,1,1.619362,
closed_g64,closed,0.0,60,2,2.306364,0.082842
closed_g64,closed,0.0,60,3,2.993366,0.121010
closed_g64,closed,0.0,60,4,3.680368,0.182425
closed_g64,closed,0.0,60,5,4.367370,0.214788
closed_g64,closed,0.0,60,6,5.054372,0.256004
closed_g64,closed,0.0,60,7,5.741374,0.288140
closed_g64,closed,0.0,60,8,6.428376,0.438885
closed_g64,closed,0.0,60,9,7.115378,0.618591
closed_g64,closed,0.0,60,10,7.802380,0.542998
closed_g64,closed,0.0,60,11,8.489382,0.559884
closed_g64,closed,0.0,61,0,0.932360,
closed_g64,closed,0.0,61,1,1.619362,
closed_g64,closed,0.0,61,2,2.306364,0.080803
closed_g64,closed,0.0,61,3,2.993366,0.118341
closed_g64,closed,0.0,61,4,3.680368,0.174490
closed_g64,closed,0.0,61,5,4.367370,0.212622
closed_g64,closed,0.0,61,6,5.054372,0.255065
closed_g64,closed,0.0,61,7,5.741374,0.288600
closed_g64,closed,0.0,61,8,6.428376,0.456268
closed_g64,closed,0.0,61,9,7.115378,0.623063
closed_g64,closed,0.0,61,10,7.802380,0.537740
closed_g64,closed,0.0,61,11,8.489382,0.558447
closed_g64,closed,0.0,62,0,0.932360,
closed_g64,closed,0.0,62,1,1.619362,
closed_g64,closed,0.0,62,2,2.306364,0.078952
closed_g64,closed,0.0,62,3,2.993366,0.115198
closed_g64,closed,0.0,62,4,3.680368,0.168171
closed_g64,closed,0.0,62,5,4.367370,0.209835
closed_g64,closed,0.0,62,6,5.054372,0.243920
closed_g64,closed,0.0,62,7,5.741374,0.291327
closed_g64,closed,0.0,62,8,6.428376,0.473163
closed_g64,closed,0.0,62,9,7.115378,0.622406
closed_g64,closed,0.0,62,10,7.802380,0.530005
closed_g64,closed,0.0,62,11,8.489382,0.556576
closed_g64,closed,0.0,63,0,0.932360,
closed_g64,closed,0.0,63,1,1.619362,
closed_g64,closed,0.0,63,2,2.306364,0.077425
closed_g64,closed,0.0,63,3,2.993366,0.111607
closed_g64,closed,0.0,63,4,3.680368,0.166203
closed_g64,closed,0.0,63,5,4.367370,0.201252
closed_g64,closed,0.0,63,6,5.054372,0.243015
closed_g64,closed,0.0,63,7,5.741374,0.297333
closed_g64,closed,0.0,63,8,6.428376,0.485224
closed_g64,closed,0.0,63,9,7.115378,0.624357
closed_g64,closed,0.0,63,10,7.802380,0.521103
closed_g64,closed,0.0,63,11,8.489382,0.554338
closed_g64,closed,0.0,64,0,0.932360,
closed_g64,closed,0.0,64,1,1.619362,
closed_g64,closed,0.0,64,2,2.306364,0.076169
closed_g64,closed,0.0,64,3,2.993366,0.109205
closed_g64,closed,0.0,64,4,3.680368,0.160386
closed_g64,closed,0.0,64,5,4.367370,0.194311
closed_g64,closed,0.0,64,6,5.054372,0.232393
closed_g64,closed,0.0,64,7,5.741374,0.305945
closed_g64,closed,0.0,64,8,6.428376,0.497368
closed_g64,closed,0.0,64,9,7.115378,0.628136
closed_g64,closed,0.0,64,10,7.802380,0.518466
closed_g64,closed,0.0,64,11,8.489382,0.552476
closed_g64,closed,0.0,65,0,0.932360,
closed_g64,closed,0.0,65,1,1.619362,
closed_g64,closed,0.0,65,2,2.306364,0.074905
closed_g64,closed,0.0,65,3,2.993366,0.106526
closed_g64,closed,0.0,65,4,3.680368,0.152632
closed_g64,closed,0.0,65,5,4.367370,0.186860
closed_g64,closed,0.0,65,6,5.054372,0.233051
closed_g64,closed,0.0,65,7,5.741374,0.312598
closed_g64,closed,0.0,65,8,6.428376,0.507521
closed_g64,closed,0.0,65,9,7.115378,0.625641
closed_g64,closed,0.0,65,10,7.802380,0.510071
closed_g64,closed,0.0,65,11,8.489382,0.551017
closed_g64,closed,0.0,66,0,0.932360,
closed_g64,closed,0.0,66,1,1.619362,
closed_g64,closed,0.0,66,2,2.306364,0.074791
closed_g64,closed,0.0,66,3,2.993366,0.103897
closed_g64,closed,0.0,66,4,3.680368,0.152052
closed_g64,closed,0.0,66,5,4.367370,0.180971
closed_g64,closed,0.0,66,6,5.054372,0.227929
closed_g64,closed,0.0,66,7,5.741374,0.309434
closed_g64,closed,0.0,66,8,6.428376,0.519096
closed_g64,closed,0.0,66,9,7.115378,0.620414
closed_g64,closed,0.0,66,10,7.802380,0.507401
closed_g64,closed,0.0,66,11,8.489382,0.549058
closed_g64,closed,0.0,67,0,0.932360,
closed_g64,closed,0.0,67,1,1.619362,
closed_g64,closed,0.0,67,2,2.306364,0.074880
closed_g64,closed,0.0,67,3,2.993366,0.100243
closed_g64,closed,0.0,67,4,3.680368,0.150405
closed_g64,closed,0.0,67,5,4.367370,0.174537
closed_g64,closed,0.0,67,6,5.054372,0.224046
closed_g64,closed,0.0,67,7,5.741374,0.310609
closed_g64,closed,0.0,67,8,6.428376,0.527985
closed_g64,closed,0.0,67,9,7.115378,0.615650
closed_g64,closed,0.0,67,10,7.802380,0.508656
closed_g64,closed,0.0,67,11,8.489382,0.548030
closed_g64,closed,0.0,68,0,0.932360,
closed_g64,closed,0.0,68,1,1.619362,
closed_g64,closed,0.0,68,2,2.306364,0.074366
closed_g64,closed,0.0,68,3,2.993366,0.093149
closed_g64,closed,0.0,68,4,3.680368,0.148742
closed_g64,closed,0.0,68,5,4.367370,0.171081
closed_g64,closed,0.0,68,6,5.054372,0.223661
closed_g64,closed,0.0,68,7,5.741374,0.313210
closed_g64,closed,0.0,68,8,6.428376,0.534283
closed_g64,closed,0.0,68,9,7.115378,0.607955
closed_g64,closed,0.0,68,10,7.802380,0.507620
closed_g64,closed,0.0,68,11,8.489382,0.546224
closed_g64,closed,0.0,69,0,0.932360,
closed_g64,closed,0.0,69,1,1.619362,
closed_g64,closed,0.0,69,2,2.306364,0.073844
closed_g64,closed,0.0,69,3,2.993366,0.086506
closed_g64,closed,0.0,69,4,3.680368,0.147458
closed_g64,closed,0.0,69,5,4.367370,0.165328
closed_g64,closed,0.0,69,6,5.054372,0.220573
closed_g64,closed,0.0,69,7,5.741374,0.319733
closed_g64,closed,0.0,69,8,6.428376,0.540971
closed_g64,closed,0.0,69,9,7.115378,0.599953
closed_g64,closed,0.0,69,10,7.802380,0.509307
closed_g64,closed,0.0,69,11,8.489382,0.544749
closed_g64,closed,0.0,70,0,0.932360,
closed_g64,closed,0.0,70,1,1.619362,
closed_g64,closed,0.0,70,2,2.306364,0.073510
closed_g64,closed,0.0,70,3,2.993366,0.085163
closed_g64,closed,0.0,70,4,3.680368,0.134591
closed_g64,closed,0.0,70,5,4.367370,0.168127
closed_g64,closed,0.0,70,6,5.054372,0.214183
closed_g64,closed,0.0,70,7,5.741374,0.324636
closed_g64,closed,0.0,70,8,6.428376,0.548818
closed_g64,closed,0.0,70,9,7.115378,0.589874
closed_g64,closed,0.0,70,10,7.802380,0.508094
closed_g64,closed,0.0,70,11,8.489382,0.543725
closed_g64,closed,0.0,71,0,0.932360,
closed_g64,closed,0.0,71,1,1.619362,
closed_g64,closed,0.0,71,2,2.306364,0.073590
closed_g64,closed,0.0,71,3,2.993366,0.084350
closed_g64,closed,0.0,71,4,3.680368,0.133254
closed_g64,closed,0.0,71,5,4.367370,0.164749
closed_g64,closed,0.0,71,6,5.054372,0.213410
closed_g64,closed,0.0,71,7,5.741374,0.335270
closed_g64,closed,0.0,71,8,6.428376,0.558076
closed_g64,closed,0.0,71,9,7.115378,0.580998
closed_g64,closed,0.0,71,10,7.802380,0.508671
closed_g64,closed,0.0,71,11,8.489382,0.543126
closed_g64,closed,0.0,72,0,0.932360,
closed_g64,closed,0.0,72,1,1.619362,
closed_g64,closed,0.0,72,2,2.306364,0.073574
closed_g64,closed,0.0,72,3,2.993366,0.083596
closed_g64,closed,0.0,72,4,3.680368,0.126139
closed_g64,closed,0.0,72,5,4.367370,0.156385
closed_g64,closed,0.0,72,6,5.054372,0.211730
closed_g64,closed,0.0,72,7,5.741374,0.347187
closed_g64,closed,0.0,72,8,6.428376,0.565112
closed_g64,closed,0.0,72,9,7.115378,0.569040
closed_g64,closed,0.0,72,10,7.802380,0.509268
closed_g64,closed,0.0,72,11,8.489382,0.541726
closed_g64,closed,0.0,73,0,0.932360,
closed_g64,closed,0.0,73,1,1.619362,
closed_g64,closed,0.0,73,2,2.306364,0.073442
closed_g64,closed,0.0,73,3,2.993366,0.082801
closed_g64,closed,0.0,73,4,3.680368,0.125602
closed_g64,closed,0.0,73,5,4.367370,0.153184
closed_g64,closed,0.0,73,6,5.054372,0.214971
closed_g64,closed,0.0,73,7,5.741374,0.357679
closed_g64,closed,0.0,73,8,6.428376,0.564956
closed_g64,closed,0.0,73,9,7.115378,0.556916
closed_g64,closed,0.0,73,10,7.802380,0.509200
closed_g64,closed,0.0,73,11,8.489382,0.541386
closed_g64,closed,0.0,74,0,0.932360,
closed_g64,closed,0.0,74,1,1.619362,
closed_g64,closed,0.0,74,2,2.306364,0.073120
closed_g64,closed,0.0,74,3,2.993366,0.082105
closed_g64,closed,0.0,74,4,3.680368,0.124821
closed_g64,closed,0.0,74,5,4.367370,0.149433
closed_g64,closed,0.0,74,6,5.054372,0.213835
closed_g64,closed,0.0,74,7,5.741374,0.370910
closed_g64,closed,0.0,74,8,6.428376,0.565768
closed_g64,closed,0.0,74,9,7.115378,0.544569
closed_g64,closed,0.0,74,10,7.802380,0.509755
closed_g64,closed,0.0,74,11,8.489382,0.540573
closed_g64,closed,0.0,75,0,0.932360,
closed_g64,closed,0.0,75,1,1.619362,
closed_g64,closed,0.0,75,2,2.306364,0.073004
closed_g64,closed,0.0,75,3,2.993366,0.081494
closed_g64,closed,0.0,75,4,3.680368,0.124111
closed_g64,closed,0.0,75,5,4.367370,0.146914
closed_g64,closed,0.0,75,6,5.054372,0.214004
closed_g64,closed,0.0,75,7,5.741374,0.384581
closed_g64,closed,0.0,75,8,6.428376,0.563272
closed_g64,closed,0.0,75,9,7.115378,0.530785
closed_g64,closed,0.0,75,10,7.802380,0.510930
closed_g64,closed,0.0,75,11,8.489382,0.539730
closed_g64,closed,0.0,76,0,0.932360,
closed_g64,closed,0.0,76,1,1.619362,
closed_g64,closed,0.0,76,2,2.306364,0.072968
closed_g64,closed,0.0,76,3,2.993366,0.080988
closed_g64,closed,0.0,76,4,3.680368,0.123103
closed_g64,closed,0.0,76,5,4.367370,0.143122
closed_g64,closed,0.0,76,6,5.054372,0.213161
closed_g64,closed,0.0,76,7,5.741374,0.397335
closed_g64,closed,0.0,76,8,6.428376,0.557323
closed_g64,closed,0.0,76,9,7.115378,0.519052
closed_g64,closed,0.0,76,10,7.802380,0.512604
closed_g64,closed,0.0,76,11,8.489382,0.538584
closed_g64,closed,0.0,77,0,0.932360,
closed_g64,closed,0.0,77,1,1.619362,
closed_g64,closed,0.0,77,2,2.306364,0.072874
closed_g64,closed,0.0,77,3,2.993366,0.080476
closed_g64,closed,0.0,77,4,3.680368,0.122461
closed_g64,closed,0.0,77,5,4.367370,0.141072
closed_g64,closed,0.0,77,6,5.054372,0.211579
closed_g64,closed,0.0,77,7,5.741374,0.410753
closed_g64,closed,0.0,77,8,6.428376,0.553122
closed_g64,closed,0.0,77,9,7.115378,0.508039
closed_g64,closed,0.0,77,10,7.802380,0.514142
closed_g64,closed,0.0,77,11,8.489382,0.537658
closed_g64,closed,0.0,78,0,0.932360,
closed_g64,closed,0.0,78,1,1.619362,
closed_g64,closed,0.0,78,2,2.306364,0.072235
closed_g64,closed,0.0,78,3,2.993366,0.080059
closed_g64,closed,0.0,78,4,3.680368,0.121429
closed_g64,closed,0.0,78,5,4.367370,0.137726
closed_g64,closed,0.0,78,6,5.054372,0.213737
closed_g64,closed,0.0,78,7,5.741374,0.420429
closed_g64,closed,0.0,78,8,6.428376,0.545136
closed_g64,closed,0.0,78,9,7.115378,0.501956
closed_g64,closed,0.0,78,10,7.802380,0.515246
closed_g64,closed,0.0,78,11,8.489382,0.537017
closed_g64,closed,0.0,79,0,0.932360,
closed_g64,closed,0.0,79,1,1.619362,
closed_g64,closed,0.0,79,2,2.306364,0.071776
closed_g64,closed,0.0,79,3,2.993366,0.079661
closed_g64,closed,0.0,79,4,3.680368,0.113167
closed_g64,closed,0.0,79,5,4.367370,0.137161
closed_g64,closed,0.0,79,6,5.054372,0.219168
closed_g64,closed,0.0,79,7,5.741374,0.429929
closed_g64,closed,0.0,79,8,6.428376,0.534528
closed_g64,closed,0.0,79,9,7.115378,0.492221
closed_g64,closed,0.0,79,10,7.802380,0.514661
closed_g64,closed,0.0,79,11,8.489382,0.536135
closed_g64,closed,0.0,80,0,0.932360,
closed_g64,closed,0.0,80,1,1.619362,
closed_g64,closed,0.0,80,2,2.306364,0.071814
closed_g64,closed,0.0,80,3,2.993366,0.079302
closed_g64,closed,0.0,80,4,3.680368,0.109864
closed_g64,closed,0.0,80,5,4.367370,0.135988
closed_g64,closed,0.0,80,6,5.054372,0.225909
closed_g64,closed,0.0,80,7,5.741374,0.436322
closed_g64,closed,0.0,80,8,6.428376,0.523807
closed_g64,closed,0.0,80,9,7.115378,0.487048
closed_g64,closed,0.0,80,10,7.802380,0.513627
closed_g64,closed,0.0,80,11,8.489382,0.535056
closed_g64,closed,0.0,81,0,0.932360,
closed_g64,closed,0.0,81,1,1.619362,
closed_g64,closed,0.0,81,2,2.306364,0.072264
closed_g64,closed,0.0,81,3,2.993366,0.079077
closed_g64,closed,0.0,81,4,3.680368,0.105263
closed_g64,closed,0.0,81,5,4.367370,0.135068
closed_g64,closed,0.0,81,6,5.054372,0.233777
closed_g64,closed,0.0,81,7,5.741374,0.440450
closed_g64,closed,0.0,81,8,6.428376,0.511111
closed_g64,closed,0.0,81,9,7.115378,0.478355
closed_g64,closed,0.0,81,10,7.802380,0.514021
closed_g64,closed,0.0,81,11,8.489382,0.534832
closed_g64,closed,0.0,82,0,0.932360,
closed_g64,closed,0.0,82,1,1.619362,
closed_g64,closed,0.0,82,2,2.306364,0.071597
closed_g64,closed,0.0,82,3,2.993366,0.078832
closed_g64,closed,0.0,82,4,3.680368,0.104818
closed_g64,closed,0.0,82,5,4.367370,0.134199
closed_g64,closed,0.0,82,6,5.054372,0.242471
closed_g64,closed,0.0,82,7,5.741374,0.440337
closed_g64,closed,0.0,82,8,6.428376,0.501988
closed_g64,closed,0.0,82,9,7.115378,0.475697
closed_g64,closed,0.0,82,10,7.802380,0.512938
closed_g64,closed,0.0,82,11,8.489382,0.533995
closed_g64,closed,0.0,83,0,0.932360,
closed_g64,closed,0.0,83,1,1.619362,
closed_g64,closed,0.0,83,2,2.306364,0.071029
closed_g64,closed,0.0,83,3,2.993366,0.078639
closed_g64,closed,0.0,83,4,3.680368,0.104436
closed_g64,closed,0.0,83,5,4.367370,0.133987
closed_g64,closed,0.0,83,6,5.054372,0.252426
closed_g64,closed,0.0,83,7,5.741374,0.447226
closed_g64,closed,0.0,83,8,6.428376,0.486445
closed_g64,closed,0.0,83,9,7.115378,0.471457
closed_g64,closed,0.0,83,10,7.802380,0.513210
closed_g64,closed,0.0,83,11,8.489382,0.533179
closed_g64,closed,0.0,84,0,0.932360,
closed_g64,closed,0.0,84,1,1.619362,
closed_g64,closed,0.0,84,2,2.306364,0.071956
closed_g64,closed,0.0,84,3,2.993366,0.078499
closed_g64,closed,0.0,84,4,3.680368,0.103901
closed_g64,closed,0.0,84,5,4.367370,0.132528
closed_g64,closed,0.0,84,6,5.054372,0.262313
closed_g64,closed,0.0,84,7,5.741374,0.444688
closed_g64,closed,0.0,84,8,6.428376,0.475184
closed_g64,closed,0.0,84,9,7.115378,0.471535
closed_g64,closed,0.0,84,10,7.802380,0.511851
closed_g64,closed,0.0,84,11,8.489382,0.532199
closed_g64,closed,0.0,85,0,0.932360,
closed_g64,closed,0.0,85,1,1.619362,
closed_g64,closed,0.0,85,2,2.306364,0.072091
closed_g64,closed,0.0,85,3,2.993366,0.078394
closed_g64,closed,0.0,85,4,3.680368,0.101967
closed_g64,closed,0.0,85,5,4.367370,0.133646
closed_g64,closed,0.0,85,6,5.054372,0.273772
closed_g64,closed,0.0,85,7,5.741374,0.447903
closed_g64,closed,0.0,85,8,6.428376,0.461288
closed_g64,closed,0.0,85,9,7.115378,0.468214
closed_g64,closed,0.0,85,10,7.802380,0.510056
closed_g64,closed,0.0,85,11,8.489382,0.532074
closed_g64,closed,0.0,86,0,0.932360,
closed_g64,closed,0.0,86,1,1.619362,
closed_g64,closed,0.0,86,2,2.306364,0.071325
closed_g64,closed,0.0,86,3,2.993366,0.078296
closed_g64,closed,0.0,86,4,3.680368,0.101472
closed_g64,closed,0.0,86,5,4.367370,0.135510
closed_g64,closed,0.0,86,6,5.054372,0.298341
closed_g64,closed,0.0,86,7,5.741374,0.445682
closed_g64,closed,0.0,86,8,6.428376,0.448475
closed_g64,closed,0.0,86,9,7.115378,0.467298
closed_g64,closed,0.0,86,10,7.802380,0.507696
closed_g64,closed,0.0,86,11,8.489382,0.531151
closed_g64,closed,0.0,87,0,0.932360,
closed_g64,closed,0.0,87,1,1.619362,
closed_g64,closed,0.0,87,2,2.306364,0.071596
closed_g64,closed,0.0,87,3,2.993366,0.078251
closed_g64,closed,0.0,87,4,3.680368,0.100857
closed_g64,closed,0.0,87,5,4.367370,0.138273
closed_g64,closed,0.0,87,6,5.054372,0.312438
closed_g64,closed,0.0,87,7,5.741374,0.448338
closed_g64,closed,0.0,87,8,6.428376,0.433937
closed_g64,closed,0.0,87,9,7.115378,0.468279
closed_g64,closed,0.0,87,10,7.802380,0.505110
closed_g64,closed,0.0,87,11,8.489382,0.530055
closed_g64,closed,0.0,88,0,0.932360,
closed_g64,closed,0.0,88,1,1.619362,
closed_g64,closed,0.0,88,2,2.306364,0.071500
closed_g64,closed,0.0,88,3,2.993366,0.078227
closed_g64,closed,0.0,88,4,3.680368,0.100259
closed_g64,closed,0.0,88,5,4.367370,0.141752
closed_g64,closed,0.0,88,6,5.054372,0.319176
closed_g64,closed,0.0,88,7,5.741374,0.449515
closed_g64,closed,0.0,88,8,6.428376,0.422012
closed_g64,closed,0.0,88,9,7.115378,0.468365
closed_g64,closed,0.0,88,10,7.802380,0.502942
closed_g64,closed,0.0,88,11,8.489382,0.529309
closed_g64,closed,0.0,89,0,0.932360,
closed_g64,closed,0.0,89,1,1.619362,
closed_g64,closed,0.0,89,2,2.306364,0.071521
closed_g64,closed,0.0,89,3,2.993366,0.078195
closed_g64,closed,0.0,89,4,3.680368,0.099726
closed_g64,closed,0.0,89,5,4.367370,0.145729
closed_g64,closed,0.0,89,6,5.054372,0.337189
closed_g64,closed,0.0,89,7,5.741374,0.438051
closed_g64,closed,0.0,89,8,6.428376,0.414100
closed_g64,closed,0.0,89,9,7.115378,0.466918
closed_g64,closed,0.0,89,10,7.802380,0.500079
closed_g64,closed,0.0,89,11,8.489382,0.528556
closed_g64_grade3p0,closed,3.0,0,0,0.932360,0.249519
closed_g64_grade3p0,closed,3.0,0,1,1.619362,0.251654
closed_g64_grade3p0,closed,3.0,0,2,2.306364,0.255387
closed_g64_grade3p0,closed,3.0,0,3,2.993366,0.254027
closed_g64_grade3p0,closed,3.0,0,4,3.680368,0.255182
closed_g64_grade3p0,closed,3.0,0,5,4.367370,0.254451
closed_g64_grade3p0,closed,3.0,0,6,5.054372,0.254590
closed_g64_grade3p0,closed,3.0,0,7,5.741374,0.254252
closed_g64_grade3p0,closed,3.0,0,8,6.428376,0.254784
closed_g64_grade3p0,closed,3.0,0,9,7.115378,0.254461
closed_g64_grade3p0,closed,3.0,0,10,7.802380,0.252751
closed_g64_grade3p0,closed,3.0,0,11,8.489382,0.272372
closed_g64_grade3p0,closed,3.0,1,0,0.932360,0.233380
closed_g64_grade3p0,closed,3.0,1,1,1.619362,0.247794
closed_g64_grade3p0,closed,3.0,1,2,2.306364,0.247334
closed_g64_grade3p0,closed,3.0,1,3,2.993366,0.250582
closed_g64_grade3p0,closed,3.0,1,4,3.680368,0.259211
closed_g64_grade3p0,closed,3.0,1,5,4.367370,0.248948
closed_g64_grade3p0,closed,3.0,1,6,5.054372,0.253611
closed_g64_grade3p0,closed,3.0,1,7,5.741374,0.250650
closed_g64_grade3p0,closed,3.0,1,8,6.428376,0.249245
closed_g64_grade3p0,closed,3.0,1,9,7.115378,0.250198
closed_g64_grade3p0,closed,3.0,1,10,7.802380,0.247936
closed_g64_grade3p0,closed,3.0,1,11,8.489382,0.265856
closed_g64_grade3p0,closed,3.0,2,0,0.932360,0.216371
closed_g64_grade3p0,closed,3.0,2,1,1.619362,0.247481
closed_g64_grade3p0,closed,3.0,2,2,2.306364,0.245270
closed_g64_grade3p0,closed,3.0,2,3,2.993366,0.260409
closed_g64_grade3p0,closed,3.0,2,4,3.680368,0.256661
closed_g64_grade3p0,closed,3.0,2,5,4.367370,0.251954
closed_g64_grade3p0,closed,3.0,2,6,5.054372,0.268105
closed_g64_grade3p0,closed,3.0,2,7,5.741374,0.256926
closed_g64_grade3p0,closed,3.0,2,8,6.428376,0.248739
closed_g64_grade3p0,closed,3.0,2,9,7.115378,0.250056
closed_g64_grade3p0,closed,3.0,2,10,7.802380,0.264241
closed_g64_grade3p0,closed,3.0,2,11,8.489382,0.299105
closed_g64_grade3p0,closed,3.0,3,0,0.932360,0.202857
closed_g64_grade3p0,closed,3.0,3,1,1.619362,0.249066
closed_g64_grade3p0,closed,3.0,3,2,2.306364,0.259672
closed_g64_grade3p0,closed,3.0,3,3,2.993366,0.264748
closed_g64_grade3p0,closed,3.0,3,4,3.680368,0.266274
closed_g64_grade3p0,closed,3.0,3,5,4.367370,0.262302
closed_g64_grade3p0,closed,3.0,3,6,5.054372,0.258024
closed_g64_grade3p0,closed,3.0,3,7,5.741374,0.273393
closed_g64_grade3p0,closed,3.0,3,8,6.428376,0.261437
closed_g64_grade3p0,closed,3.0,3,9,7.115378,0.273415
closed_g64_grade3p0,closed,3.0,3,10,7.802380,0.261396
closed_g64_grade3p0,closed,3.0,3,11,8.489382,0.304200
closed_g64_grade3p0,closed,3.0,4,0,0.932360,0.204139
closed_g64_grade3p0,closed,3.0,4,1,1.619362,0.251737
closed_g64_grade3p0,closed,3.0,4,2,2.306364,0.263071
closed_g64_grade3p0,closed,3.0,4,3,2.993366,0.266527
closed_g64_grade3p0,closed,3.0,4,4,3.680368,0.275244
closed_g64_grade3p0,closed,3.0,4,5,4.367370,0.268518
closed_g64_grade3p0,closed,3.0,4,6,5.054372,0.269103
closed_g64_grade3p0,closed,3.0,4,7,5.741374,0.277219
closed_g64_grade3p0,closed,3.0,4,8,6.428376,0.269880
closed_g64_grade3p0,closed,3.0,4,9,7.115378,0.264905
closed_g64_grade3p0,closed,3.0,4,10,7.802380,0.270840
closed_g64_grade3p0,closed,3.0,4,11,8.489382,0.346144
closed_g64_grade3p0,closed,3.0,5,0,0.932360,0.200038
closed_g64_grade3p0,closed,3.0,5,1,1.619362,0.259818
closed_g64_grade3p0,closed,3.0,5,2,2.306364,0.255146
closed_g64_grade3p0,closed,3.0,5,3,2.993366,0.275626
closed_g64_grade3p0,closed,3.0,5,4,3.680368,0.268722
closed_g64_grade3p0,closed,3.0,5,5,4.367370,0.269879
closed_g64_grade3p0,closed,3.0,5,6,5.054372,0.282289
closed_g64_grade3p0,closed,3.0,5,7,5.741374,0.281920
closed_g64_grade3p0,closed,3.0,5,8,6.428376,0.264734
closed_g64_grade3p0,closed,3.0,5,9,7.115378,0.277871
closed_g64_grade3p0,closed,3.0,5,10,7.802380,0.274981
closed_g64_grade3p0,closed,3.0,5,11,8.489382,0.348434
closed_g64_grade3p0,closed,3.0,6,0,0.932360,0.196577
closed_g64_grade3p0,closed,3.0,6,1,1.619362,0.259145
closed_g64_grade3p0,closed,3.0,6,2,2.306364,0.264331
closed_g64_grade3p0,closed,3.0,6,3,2.993366,0.273945
closed_g64_grade3p0,closed,3.0,6,4,3.680368,0.274415
closed_g64_grade3p0,closed,3.0,6,5,4.367370,0.273315
closed_g64_grade3p0,closed,3.0,6,6,5.054372,0.269519
closed_g64_grade3p0,closed,3.0,6,7,5.741374,0.293894
closed_g64_grade3p0,closed,3.0,6,8,6.428376,0.263679
closed_g64_grade3p0,closed,3.0,6,9,7.115378,0.263365
closed_g64_grade3p0,closed,3.0,6,10,7.802380,0.277327
closed_g64_grade3p0,closed,3.0,6,11,8.489382,0.383899
closed_g64_grade3p0,closed,3.0,7,0,0.932360,0.195666
closed_g64_grade3p0,closed,3.0,7,1,1.619362,0.259907
closed_g64_grade3p0,closed,3.0,7,2,2.306364,0.273093
closed_g64_grade3p0,closed,3.0,7,3,2.993366,0.280930
closed_g64_grade3p0,closed,3.0,7,4,3.680368,0.277809
closed_g64_grade3p0,closed,3.0,7,5,4.367370,0.276700
closed_g64_grade3p0,closed,3.0,7,6,5.054372,0.272222
closed_g64_grade3p0,closed,3.0,7,7,5.741374,0.279743
closed_g64_grade3p0,closed,3.0,7,8,6.428376,0.269663
closed_g64_grade3p0,closed,3.0,7,9,7.115378,0.271771
closed_g64_grade3p0,closed,3.0,7,10,7.802380,0.276426
closed_g64_grade3p0,closed,3.0,7,11,8.489382,0.403913
closed_g64_grade3p0,closed,3.0,8,0,0.932360,0.191305
closed_g64_grade3p0,closed,3.0,8,1,1.619362,0.262370
closed_g64_grade3p0,closed,3.0,8,2,2.306364,0.278172
closed_g64_grade3p0,closed,3.0,8,3,2.993366,0.271228
closed_g64_grade3p0,closed,3.0,8,4,3.680368,0.281583
closed_g64_grade3p0,closed,3.0,8,5,4.367370,0.280536
closed_g64_grade3p0,closed,3.0,8,6,5.054372,0.279604
closed_g64_grade3p0,closed,3.0,8,7,5.741374,0.283371
closed_g64_grade3p0,closed,3.0,8,8,6.428376,0.273561
closed_g64_grade3p0,closed,3.0,8,9,7.115378,0.276074
closed_g64_grade3p0,closed,3.0,8,10,7.802380,0.289577
closed_g64_grade3p0,closed,3.0,8,11,8.489382,0.416086
closed_g64_grade3p0,closed,3.0,9,0,0.932360,0.176792
closed_g64_grade3p0,closed,3.0,9,1,1.619362,0.267139
closed_g64_grade3p0,closed,3.0,9,2,2.306364,0.280433
closed_g64_grade3p0,closed,3.0,9,3,2.993366,0.273385
closed_g64_grade3p0,closed,3.0,9,4,3.680368,0.285250
closed_g64_grade3p0,closed,3.0,9,5,4.367370,0.280144
closed_g64_grade3p0,closed,3.0,9,6,5.054372,0.294752
closed_g64_grade3p0,closed,3.0,9,7,5.741374,0.285866
closed_g64_grade3p0,closed,3.0,9,8,6.428376,0.290699
closed_g64_grade3p0,closed,3.0,9,9,7.115378,0.278129
closed_g64_grade3p0,closed,3.0,9,10,7.802380,0.280650
closed_g64_grade3p0,closed,3.0,9,11,8.489382,0.446350
closed_g64_grade3p0,closed,3.0,10,0,0.932360,0.173334
closed_g64_grade3p0,closed,3.0,10,1,1.619362,0.260878
closed_g64_grade3p0,closed,3.0,10,2,2.306364,0.282110
closed_g64_grade3p0,closed,3.0,10,3,2.993366,0.271838
closed_g64_grade3p0,closed,3.0,10,4,3.680368,0.288971
closed_g64_grade3p0,closed,3.0,10,5,4.367370,0.285123
closed_g64_grade3p0,closed,3.0,10,6,5.054372,0.294671
closed_g64_grade3p0,closed,3.0,10,7,5.741374,0.297182
closed_g64_grade3p0,closed,3.0,10,8,6.428376,0.276070
closed_g64_grade3p0,closed,3.0,10,9,7.115378,0.293751
closed_g64_grade3p0,closed,3.0,10,10,7.802380,0.294735
closed_g64_grade3p0,closed,3.0,10,11,8.489382,0.455050
closed_g64_grade3p0,closed,3.0,11,0,0.932360,0.172960
closed_g64_grade3p0,closed,3.0,11,1,1.619362,0.260831
closed_g64_grade3p0,closed,3.0,11,2,2.306364,0.281102
closed_g64_grade3p0,closed,3.0,11,3,2.993366,0.266793
closed_g64_grade3p0,closed,3.0,11,4,3.680368,0.299078
closed_g64_grade3p0,closed,3.0,11,5,4.367370,0.290567
closed_g64_grade3p0,closed,3.0,11,6,5.054372,0.286338
closed_g64_grade3p0,closed,3.0,11,7,5.741374,0.313407
closed_g64_grade3p0,closed,3.0,11,8,6.428376,0.307894
closed_g64_grade3p0,closed,3.0,11,9,7.115378,0.278177
closed_g64_grade3p0,closed,3.0,11,10,7.802380,0.306809
closed_g64_grade3p0,closed,3.0,11,11,8.489382,0.474542
closed_g64_grade3p0,closed,3.0,12,0,0.932360,0.113180
closed_g64_grade3p0,closed,3.0,12,1,1.619362,0.260882
closed_g64_grade3p0,closed,3.0,12,2,2.306364,0.278033
closed_g64_grade3p0,closed,3.0,12,3,2.993366,0.274231
closed_g64_grade3p0,closed,3.0,12,4,3.680368,0.283906
closed_g64_grade3p0,closed,3.0,12,5,4.367370,0.289912
closed_g64_grade3p0,closed,3.0,12,6,5.054372,0.314570
closed_g64_grade3p0,closed,3.0,12,7,5.741374,0.314559
closed_g64_grade3p0,closed,3.0,12,8,6.428376,0.285440
closed_g64_grade3p0,closed,3.0,12,9,7.115378,0.318298
closed_g64_grade3p0,closed,3.0,12,10,7.802380,0.303419
closed_g64_grade3p0,closed,3.0,12,11,8.489382,0.500429
closed_g64_grade3p0,closed,3.0,13,0,0.932360,0.109176
closed_g64_grade3p0,closed,3.0,13,1,1.619362,0.264453
closed_g64_grade3p0,closed,3.0,13,2,2.306364,0.278343
closed_g64_grade3p0,closed,3.0,13,3,2.993366,0.273078
closed_g64_grade3p0,closed,3.0,13,4,3.680368,0.300585
closed_g64_grade3p0,closed,3.0,13,5,4.367370,0.289199
closed_g64_grade3p0,closed,3.0,13,6,5.054372,0.307058
closed_g64_grade3p0,closed,3.0,13,7,5.741374,0.283878
closed_g64_grade3p0,closed,3.0,13,8,6.428376,0.317754
closed_g64_grade3p0,closed,3.0,13,9,7.115378,0.277189
closed_g64_grade3p0,closed,3.0,13,10,7.802380,0.320913
closed_g64_grade3p0,closed,3.0,13,11,8.489382,0.527662
closed_g64_grade3p0,closed,3.0,14,0,0.932360,0.093424
closed_g64_grade3p0,closed,3.0,14,1,1.619362,0.255645
closed_g64_grade3p0,closed,3.0,14,2,2.306364,0.279596
closed_g64_grade3p0,closed,3.0,14,3,2.993366,0.274564
closed_g64_grade3p0,closed,3.0,14,4,3.680368,0.288969
closed_g64_grade3p0,closed,3.0,14,5,4.367370,0.293693
closed_g64_grade3p0,closed,3.0,14,6,5.054372,0.286531
closed_g64_grade3p0,closed,3.0,14,7,5.741374,0.301154
closed_g64_grade3p0,closed,3.0,14,8,6.428376,0.301337
closed_g64_grade3p0,closed,3.0,14,9,7.115378,0.292453
closed_g64_grade3p0,closed,3.0,14,10,7.802380,0.298994
closed_g64_grade3p0,closed,3.0,14,11,8.489382,0.551990
closed_g64_grade3p0,closed,3.0,15,0,0.932360,0.101307
closed_g64_grade3p0,closed,3.0,15,1,1.619362,0.252950
closed_g64_grade3p0,closed,3.0,15,2,2.306364,0.279219
closed_g64_grade3p0,closed,3.0,15,3,2.993366,0.279589
closed_g64_grade3p0,closed,3.0,15,4,3.680368,0.289747
closed_g64_grade3p0,closed,3.0,15,5,4.367370,0.289533
closed_g64_grade3p0,closed,3.0,15,6,5.054372,0.293972
closed_g64_grade3p0,closed,3.0,15,7,5.741374,0.295118
closed_g64_grade3p0,closed,3.0,15,8,6.428376,0.295126
closed_g64_grade3p0,closed,3.0,15,9,7.115378,0.284264
closed_g64_grade3p0,closed,3.0,15,10,7.802380,0.309615
closed_g64_grade3p0,closed,3.0,15,11,8.489382,0.575354
closed_g64_grade3p0,closed,3.0,16,0,0.932360,0.059348
closed_g64_grade3p0,closed,3.0,16,1,1.619362,0.253229
closed_g64_grade3p0,closed,3.0,16,2,2.306364,0.277137
closed_g64_grade3p0,closed,3.0,16,3,2.993366,0.278276
closed_g64_grade3p0,closed,3.0,16,4,3.680368,0.274440
closed_g64_grade3p0,closed,3.0,16,5,4.367370,0.295932
closed_g64_grade3p0,closed,3.0,16,6,5.054372,0.286921
closed_g64_grade3p0,closed,3.0,16,7,5.741374,0.308330
closed_g64_grade3p0,closed,3.0,16,8,6.428376,0.293049
closed_g64_grade3p0,closed,3.0,16,9,7.115378,0.306813
closed_g64_grade3p0,closed,3.0,16,10,7.802380,0.325143
closed_g64_grade3p0,closed,3.0,16,11,8.489382,0.630906
closed_g64_grade3p0,closed,3.0,17,0,0.932360,
closed_g64_grade3p0,closed,3.0,17,1,1.619362,0.235279
closed_g64_grade3p0,closed,3.0,17,2,2.306364,0.277439
closed_g64_grade3p0,closed,3.0,17,3,2.993366,0.276643
closed_g64_grade3p0,closed,3.0,17,4,3.680368,0.273440
closed_g64_grade3p0,closed,3.0,17,5,4.367370,0.296809
closed_g64_grade3p0,closed,3.0,17,6,5.054372,0.297837
closed_g64_grade3p0,closed,3.0,17,7,5.741374,0.296008
closed_g64_grade3p0,closed,3.0,17,8,6.428376,0.297991
closed_g64_grade3p0,closed,3.0,17,9,7.115378,0.309379
closed_g64_grade3p0,closed,3.0,17,10,7.802380,0.321380
closed_g64_grade3p0,closed,3.0,17,11,8.489382,0.938666
closed_g64_grade3p0,closed,3.0,18,0,0.932360,
closed_g64_grade3p0,closed,3.0,18,1,1.619362,0.229144
closed_g64_grade3p0,closed,3.0,18,2,2.306364,0.278237
closed_g64_grade3p0,closed,3.0,18,3,2.993366,0.272723
closed_g64_grade3p0,closed,3.0,18,4,3.680368,0.278013
closed_g64_grade3p0,closed,3.0,18,5,4.367370,0.297283
closed_g64_grade3p0,closed,3.0,18,6,5.054372,0.288513
closed_g64_grade3p0,closed,3.0,18,7,5.741374,0.286412
closed_g64_grade3p0,closed,3.0,18,8,6.428376,0.326512
closed_g64_grade3p0,closed,3.0,18,9,7.115378,0.287705
closed_g64_grade3p0,closed,3.0,18,10,7.802380,0.332562
closed_g64_grade3p0,closed,3.0,18,11,8.489382,0.925622
closed_g64_grade3p0,closed,3.0,19,0,0.932360,
closed_g64_grade3p0,closed,3.0,19,1,1.619362,0.216084
closed_g64_grade3p0,closed,3.0,19,2,2.306364,0.277210
closed_g64_grade3p0,closed,3.0,19,3,2.993366,0.273087
closed_g64_grade3p0,closed,3.0,19,4,3.680368,0.271825
closed_g64_grade3p0,closed,3.0,19,5,4.367370,0.291307
closed_g64_grade3p0,closed,3.0,19,6,5.054372,0.291973
closed_g64_grade3p0,closed,3.0,19,7,5.741374,0.319286
closed_g64_grade3p0,closed,3.0,19,8,6.428376,0.315855
closed_g64_grade3p0,closed,3.0,19,9,7.115378,0.295501
closed_g64_grade3p0,closed,3.0,19,10,7.802380,0.338481
closed_g64_grade3p0,closed,3.0,19,11,8.489382,0.919830
closed_g64_grade3p0,closed,3.0,20,0,0.932360,
closed_g64_grade3p0,closed,3.0,20,1,1.619362,0.219204
closed_g64_grade3p0,closed,3.0,20,2,2.306364,0.272232
closed_g64_grade3p0,closed,3.0,20,3,2.993366,0.270915
closed_g64_grade3p0,closed,3.0,20,4,3.680368,0.267093
closed_g64_grade3p0,closed,3.0,20,5,4.367370,0.301719
closed_g64_grade3p0,closed,3.0,20,6,5.054372,0.293685
closed_g64_grade3p0,closed,3.0,20,7,5.741374,0.311725
closed_g64_grade3p0,closed,3.0,20,8,6.428376,0.289516
closed_g64_grade3p0,closed,3.0,20,9,7.115378,0.325439
closed_g64_grade3p0,closed,3.0,20,10,7.802380,0.341876
closed_g64_grade3p0,closed,3.0,20,11,8.489382,0.908218
closed_g64_grade3p0,closed,3.0,21,0,0.932360,
closed_g64_grade3p0,closed,3.0,21,1,1.619362,0.220431
closed_g64_grade3p0,closed,3.0,21,2,2.306364,0.269709
closed_g64_grade3p0,closed,3.0,21,3,2.993366,0.268384
closed_g64_grade3p0,closed,3.0,21,4,3.680368,0.271935
closed_g64_grade3p0,closed,3.0,21,5,4.367370,0.283447
closed_g64_grade3p0,closed,3.0,21,6,5.054372,0.297106
closed_g64_grade3p0,closed,3.0,21,7,5.741374,0.294109
closed_g64_grade3p0,closed,3.0,21,8,6.428376,0.313928
closed_g64_grade3p0,closed,3.0,21,9,7.115378,0.306084
closed_g64_grade3p0,closed,3.0,21,10,7.802380,0.339053
closed_g64_grade3p0,closed,3.0,21,11,8.489382,0.894254
closed_g64_grade3p0,closed,3.0,22,0,0.932360,
closed_g64_grade3p0,closed,3.0,22,1,1.619362,0.212761
closed_g64_grade3p0,closed,3.0,22,2,2.306364,0.269062
closed_g64_grade3p0,closed,3.0,22,3,2.993366,0.266517
closed_g64_grade3p0,closed,3.0,22,4,3.680368,0.271068
closed_g64_grade3p0,closed,3.0,22,5,4.367370,0.288710
closed_g64_grade3p0,closed,3.0,22,6,5.054372,0.286331
closed_g64_grade3p0,closed,3.0,22,7,5.741374,0.304636
closed_g64_grade3p0,closed,3.0,22,8,6.428376,0.328099
closed_g64_grade3p0,closed,3.0,22,9,7.115378,0.298867
closed_g64_grade3p0,closed,3.0,22,10,7.802380,0.354493
closed_g64_grade3p0,closed,3.0,22,11,8.489382,0.881665
closed_g64_grade3p0,closed,3.0,23,0,0.932360,
closed_g64_grade3p0,closed,3.0,23,1,1.619362,0.164833
closed_g64_grade3p0,closed,3.0,23,2,2.306364,0.272598
closed_g64_grade3p0,closed,3.0,23,3,2.993366,0.264663
closed_g64_grade3p0,closed,3.0,23,4,3.680368,0.269011
closed_g64_grade3p0,closed,3.0,23,5,4.367370,0.279870
closed_g64_grade3p0,closed,3.0,23,6,5.054372,0.286533
closed_g64_grade3p0,closed,3.0,23,7,5.741374,0.287798
closed_g64_grade3p0,closed,3.0,23,8,6.428376,0.328547
closed_g64_grade3p0,closed,3.0,23,9,7.115378,0.295233
closed_g64_grade3p0,closed,3.0,23,10,7.802380,0.365562
closed_g64_grade3p0,closed,3.0,23,11,8.489382,0.868284
closed_g64_grade3p0,closed,3.0,24,0,0.932360,
closed_g64_grade3p0,closed,3.0,24,1,1.619362,0.169013
closed_g64_grade3p0,closed,3.0,24,2,2.306364,0.262508
closed_g64_grade3p0,closed,3.0,24,3,2.993366,0.263015
closed_g64_grade3p0,closed,3.0,24,4,3.680368,0.268992
closed_g64_grade3p0,closed,3.0,24,5,4.367370,0.269932
closed_g64_grade3p0,closed,3.0,24,6,5.054372,0.293658
closed_g64_grade3p0,closed,3.0,24,7,5.741374,0.315124
closed_g64_grade3p0,closed,3.0,24,8,6.428376,0.287007
closed_g64_grade3p0,closed,3.0,24,9,7.115378,0.304487
closed_g64_grade3p0,closed,3.0,24,10,7.802380,0.383729
closed_g64_grade3p0,closed,3.0,24,11,8.489382,0.856423
closed_g64_grade3p0,closed,3.0,25,0,0.932360,
closed_g64_grade3p0,closed,3.0,25,1,1.619362,0.160012
closed_g64_grade3p0,closed,3.0,25,2,2.306364,0.258693
closed_g64_grade3p0,closed,3.0,25,3,2.993366,0.261309
closed_g64_grade3p0,closed,3.0,25,4,3.680368,0.263590
closed_g64_grade3p0,closed,3.0,25,5,4.367370,0.274860
closed_g64_grade3p0,closed,3.0,25,6,5.054372,0.293192
closed_g64_grade3p0,closed,3.0,25,7,5.741374,0.288007
closed_g64_grade3p0,closed,3.0,25,8,6.428376,0.287926
closed_g64_grade3p0,closed,3.0,25,9,7.115378,0.309071
closed_g64_grade3p0,closed,3.0,25,10,7.802380,0.396496
closed_g64_grade3p0,closed,3.0,25,11,8.489382,0.847267
closed_g64_grade3p0,closed,3.0,26,0,0.932360,
closed_g64_grade3p0,closed,3.0,26,1,1.619362,0.136467
closed_g64_grade3p0,closed,3.0,26,2,2.306364,0.257840
closed_g64_grade3p0,closed,3.0,26,3,2.993366,0.258795
closed_g64_grade3p0,closed,3.0,26,4,3.680368,0.259518
closed_g64_grade3p0,closed,3.0,26,5,4.367370,0.273033
closed_g64_grade3p0,closed,3.0,26,6,5.054372,0.277668
closed_g64_grade3p0,closed,3.0,26,7,5.741374,0.291844
closed_g64_grade3p0,closed,3.0,26,8,6.428376,0.289159
closed_g64_grade3p0,closed,3.0,26,9,7.115378,0.330714
closed_g64_grade3p0,closed,3.0,26,10,7.802380,0.409941
closed_g64_grade3p0,closed,3.0,26,11,8.489382,0.839216
closed_g64_grade3p0,closed,3.0,27,0,0.932360,
closed_g64_grade3p0,closed,3.0,27,1,1.619362,0.125864
closed_g64_grade3p0,closed,3.0,27,2,2.306364,0.252375
closed_g64_grade3p0,closed,3.0,27,3,2.993366,0.252600
closed_g64_grade3p0,closed,3.0,27,4,3.680368,0.259929
closed_g64_grade3p0,closed,3.0,27,5,4.367370,0.269043
closed_g64_grade3p0,closed,3.0,27,6,5.054372,0.284959
closed_g64_grade3p0,closed,3.0,27,7,5.741374,0.290363
closed_g64_grade3p0,closed,3.0,27,8,6.428376,0.318385
closed_g64_grade3p0,closed,3.0,27,9,7.115378,0.302061
closed_g64_grade3p0,closed,3.0,27,10,7.802380,0.423081
closed_g64_grade3p0,closed,3.0,27,11,8.489382,0.829466
closed_g64_grade3p0,closed,3.0,28,0,0.932360,
closed_g64_grade3p0,closed,3.0,28,1,1.619362,0.122202
closed_g64_grade3p0,closed,3.0,28,2,2.306364,0.244262
closed_g64_grade3p0,closed,3.0,28,3,2.993366,0.254920
closed_g64_grade3p0,closed,3.0,28,4,3.680368,0.258184
closed_g64_grade3p0,closed,3.0,28,5,4.367370,0.269321
closed_g64_grade3p0,closed,3.0,28,6,5.054372,0.285279
closed_g64_grade3p0,closed,3.0,28,7,5.741374,0.289313
closed_g64_grade3p0,closed,3.0,28,8,6.428376,0.304212
closed_g64_grade3p0,closed,3.0,28,9,7.115378,0.319880
closed_g64_grade3p0,closed,3.0,28,10,7.802380,0.440640
closed_g64_grade3p0,closed,3.0,28,11,8.489382,0.822516
closed_g64_grade3p0,closed,3.0,29,0,0.932360,
closed_g64_grade3p0,closed,3.0,29,1,1.619362,0.101995
closed_g64_grade3p0,closed,3.0,29,2,2.306364,0.242242
closed_g64_grade3p0,closed,3.0,29,3,2.993366,0.251014
closed_g64_grade3p0,closed,3.0,29,4,3.680368,0.255432
closed_g64_grade3p0,closed,3.0,29,5,4.367370,0.270322
closed_g64_grade3p0,closed,3.0,29,6,5.054372,0.274513
closed_g64_grade3p0,closed,3.0,29,7,5.741374,0.288925
closed_g64_grade3p0,closed,3.0,29,8,6.428376,0.288262
closed_g64_grade3p0,closed,3.0,29,9,7.115378,0.330547
closed_g64_grade3p0,closed,3.0,29,10,7.802380,0.465730
closed_g64_grade3p0,closed,3.0,29,11,8.489382,0.814972
closed_g64_grade3p0,closed,3.0,30,0,0.932360,
closed_g64_grade3p0,closed,3.0,30,1,1.619362,0.050502
closed_g64_grade3p0,closed,3.0,30,2,2.306364,0.234585
closed_g64_grade3p0,closed,3.0,30,3,2.993366,0.245429
closed_g64_grade3p0,closed,3.0,30,4,3.680368,0.255371
closed_g64_grade3p0,closed,3.0,30,5,4.367370,0.270580
closed_g64_grade3p0,closed,3.0,30,6,5.054372,0.273823
closed_g64_grade3p0,closed,3.0,30,7,5.741374,0.287531
closed_g64_grade3p0,closed,3.0,30,8,6.428376,0.283705
closed_g64_grade3p0,closed,3.0,30,9,7.115378,0.304409
closed_g64_grade3p0,closed,3.0,30,10,7.802380,0.485829
closed_g64_grade3p0,closed,3.0,30,11,8.489382,0.810182
closed_g64_grade3p0,closed,3.0,31,0,0.932360,
closed_g64_grade3p0,closed,3.0,31,1,1.619362,0.058146
closed_g64_grade3p0,closed,3.0,31,2,2.306364,0.229845
closed_g64_grade3p0,closed,3.0,31,3,2.993366,0.246013
closed_g64_grade3p0,closed,3.0,31,4,3.680368,0.251643
closed_g64_grade3p0,closed,3.0,31,5,4.367370,0.271439
closed_g64_grade3p0,closed,3.0,31,6,5.054372,0.264272
closed_g64_grade3p0,closed,3.0,31,7,5.741374,0.288137
closed_g64_grade3p0,closed,3.0,31,8,6.428376,0.281622
closed_g64_grade3p0,closed,3.0,31,9,7.115378,0.302460
closed_g64_grade3p0,closed,3.0,31,10,7.802380,0.505262
closed_g64_grade3p0,closed,3.0,31,11,8.489382,0.815364
closed_g64_grade3p0,closed,3.0,32,0,0.932360,
closed_g64_grade3p0,closed,3.0,32,1,1.619362,0.039228
closed_g64_grade3p0,closed,3.0,32,2,2.306364,0.226559
closed_g64_grade3p0,closed,3.0,32,3,2.993366,0.243799
closed_g64_grade3p0,closed,3.0,32,4,3.680368,0.252037
closed_g64_grade3p0,closed,3.0,32,5,4.367370,0.261204
closed_g64_grade3p0,closed,3.0,32,6,5.054372,0.270559
closed_g64_grade3p0,closed,3.0,32,7,5.741374,0.273559
closed_g64_grade3p0,closed,3.0,32,8,6.428376,0.290107
closed_g64_grade3p0,closed,3.0,32,9,7.115378,0.315435
closed_g64_grade3p0,closed,3.0,32,10,7.802380,0.535396
closed_g64_grade3p0,closed,3.0,32,11,8.489382,0.808949
closed_g64_grade3p0,closed,3.0,33,0,0.932360,
closed_g64_grade3p0,closed,3.0,33,1,1.619362,0.041134
closed_g64_grade3p0,closed,3.0,33,2,2.306364,0.204411
closed_g64_grade3p0,closed,3.0,33,3,2.993366,0.240417
closed_g64_grade3p0,closed,3.0,33,4,3.680368,0.249832
closed_g64_grade3p0,closed,3.0,33,5,4.367370,0.257413
closed_g64_grade3p0,closed,3.0,33,6,5.054372,0.270393
closed_g64_grade3p0,closed,3.0,33,7,5.741374,0.288476
closed_g64_grade3p0,closed,3.0,33,8,6.428376,0.270963
closed_g64_grade3p0,closed,3.0,33,9,7.115378,0.325538
closed_g64_grade3p0,closed,3.0,33,10,7.802380,0.557362
closed_g64_grade3p0,closed,3.0,33,11,8.489382,0.811160
closed_g64_grade3p0,closed,3.0,34,0,0.932360,
closed_g64_grade3p0,closed,3.0,34,1,1.619362,0.027620
closed_g64_grade3p0,closed,3.0,34,2,2.306364,0.196261
closed_g64_grade3p0,closed,3.0,34,3,2.993366,0.244893
closed_g64_grade3p0,closed,3.0,34,4,3.680368,0.242466
closed_g64_grade3p0,closed,3.0,34,5,4.367370,0.261913
closed_g64_grade3p0,closed,3.0,34,6,5.054372,0.264314
closed_g64_grade3p0,closed,3.0,34,7,5.741374,0.273907
closed_g64_grade3p0,closed,3.0,34,8,6.428376,0.285936
closed_g64_grade3p0,closed,3.0,34,9,7.115378,0.335876
closed_g64_grade3p0,closed,3.0,34,10,7.802380,0.579452
closed_g64_grade3p0,closed,3.0,34,11,8.489382,0.806249
closed_g64_grade3p0,closed,3.0,35,0,0.932360,
closed_g64_grade3p0,closed,3.0,35,1,1.619362,0.020942
closed_g64_grade3p0,closed,3.0,35,2,2.306364,0.192700
closed_g64_grade3p0,closed,3.0,35,3,2.993366,0.239293
closed_g64_grade3p0,closed,3.0,35,4,3.680368,0.240929
closed_g64_grade3p0,closed,3.0,35,5,4.367370,0.253869
closed_g64_grade3p0,closed,3.0,35,6,5.054372,0.263891
closed_g64_grade3p0,closed,3.0,35,7,5.741374,0.285631
closed_g64_grade3p0,closed,3.0,35,8,6.428376,0.270861
closed_g64_grade3p0,closed,3.0,35,9,7.115378,0.320491
closed_g64_grade3p0,closed,3.0,35,10,7.802380,0.609721
closed_g64_grade3p0,closed,3.0,35,11,8.489382,0.793211
closed_g64_grade3p0,closed,3.0,36,0,0.932360,
closed_g64_grade3p0,closed,3.0,36,1,1.619362,
closed_g64_grade3p0,closed,3.0,36,2,2.306364,0.183966
closed_g64_grade3p0,closed,3.0,36,3,2.993366,0.226364
closed_g64_grade3p0,closed,3.0,36,4,3.680368,0.238362
closed_g64_grade3p0,closed,3.0,36,5,4.367370,0.252503
closed_g64_grade3p0,closed,3.0,36,6,5.054372,0.268914
closed_g64_grade3p0,closed,3.0,36,7,5.741374,0.288162
closed_g64_grade3p0,closed,3.0,36,8,6.428376,0.282296
closed_g64_grade3p0,closed,3.0,36,9,7.115378,0.324803
closed_g64_grade3p0,closed,3.0,36,10,7.802380,0.634856
closed_g64_grade3p0,closed,3.0,36,11,8.489382,0.789330
closed_g64_grade3p0,closed,3.0,37,0,0.932360,
closed_g64_grade3p0,closed,3.0,37,1,1.619362,
closed_g64_grade3p0,closed,3.0,37,2,2.306364,0.172370
closed_g64_grade3p0,closed,3.0,37,3,2.993366,0.220311
closed_g64_grade3p0,closed,3.0,37,4,3.680368,0.238132
closed_g64_grade3p0,closed,3.0,37,5,4.367370,0.251596
closed_g64_grade3p0,closed,3.0,37,6,5.054372,0.268897
closed_g64_grade3p0,closed,3.0,37,7,5.741374,0.260184
closed_g64_grade3p0,closed,3.0,37,8,6.428376,0.277980
closed_g64_grade3p0,closed,3.0,37,9,7.115378,0.325559
closed_g64_grade3p0,closed,3.0,37,10,7.802380,0.660886
closed_g64_grade3p0,closed,3.0,37,11,8.489382,0.777093
closed_g64_grade3p0,closed,3.0,38,0,0.932360,
closed_g64_grade3p0,closed,3.0,38,1,1.619362,
closed_g64_grade3p0,closed,3.0,38,2,2.306364,0.164402
closed_g64_grade3p0,closed,3.0,38,3,2.993366,0.214037
closed_g64_grade3p0,closed,3.0,38,4,3.680368,0.235896
closed_g64_grade3p0,closed,3.0,38,5,4.367370,0.248651
closed_g64_grade3p0,closed,3.0,38,6,5.054372,0.268367
closed_g64_grade3p0,closed,3.0,38,7,5.741374,0.260306
closed_g64_grade3p0,closed,3.0,38,8,6.428376,0.288478
closed_g64_grade3p0,closed,3.0,38,9,7.115378,0.331979
closed_g64_grade3p0,closed,3.0,38,10,7.802380,0.683696
closed_g64_grade3p0,closed,3.0,38,11,8.489382,0.769454
closed_g64_grade3p0,closed,3.0,39,0,0.932360,
closed_g64_grade3p0,closed,3.0,39,1,1.619362,
closed_g64_grade3p0,closed,3.0,39,2,2.306364,0.160494
closed_g64_grade3p0,closed,3.0,39,3,2.993366,0.209672
closed_g64_grade3p0,closed,3.0,39,4,3.680368,0.235505
closed_g64_grade3p0,closed,3.0,39,5,4.367370,0.247903
closed_g64_grade3p0,closed,3.0,39,6,5.054372,0.259282
closed_g64_grade3p0,closed,3.0,39,7,5.741374,0.269898
closed_g64_grade3p0,closed,3.0,39,8,6.428376,0.278960
closed_g64_grade3p0,closed,3.0,39,9,7.115378,0.339458
closed_g64_grade3p0,closed,3.0,39,10,7.802380,0.710487
closed_g64_grade3p0,closed,3.0,39,11,8.489382,0.757467
closed_g64_grade3p0,closed,3.0,40,0,0.932360,
closed_g64_grade3p0,closed,3.0,40,1,1.619362,
closed_g64_grade3p0,closed,3.0,40,2,2.306364,0.151935
closed_g64_grade3p0,closed,3.0,40,3,2.993366,0.198886
closed_g64_grade3p0,closed,3.0,40,4,3.680368,0.232342
closed_g64_grade3p0,closed,3.0,40,5,4.367370,0.250720
closed_g64_grade3p0,closed,3.0,40,6,5.054372,0.257380
closed_g64_grade3p0,closed,3.0,40,7,5.741374,0.264657
closed_g64_grade3p0,closed,3.0,40,8,6.428376,0.291788
closed_g64_grade3p0,closed,3.0,40,9,7.115378,0.348829
closed_g64_grade3p0,closed,3.0,40,10,7.802380,0.730077
closed_g64_grade3p0,closed,3.0,40,11,8.489382,0.751902
closed_g64_grade3p0,closed,3.0,41,0,0.932360,
closed_g64_grade3p0,closed,3.0,41,1,1.619362,
closed_g64_grade3p0,closed,3.0,41,2,2.306364,0.145275
closed_g64_grade3p0,closed,3.0,41,3,2.993366,0.193805
closed_g64_grade3p0,closed,3.0,41,4,3.680368,0.227961
closed_g64_grade3p0,closed,3.0,41,5,4.367370,0.244873
closed_g64_grade3p0,closed,3.0,41,6,5.054372,0.260749
closed_g64_grade3p0,closed,3.0,41,7,5.741374,0.259064
closed_g64_grade3p0,closed,3.0,41,8,6.428376,0.284951
closed_g64_grade3p0,closed,3.0,41,9,7.115378,0.351530
closed_g64_grade3p0,closed,3.0,41,10,7.802380,0.751210
closed_g64_grade3p0,closed,3.0,41,11,8.489382,0.749372
closed_g64_grade3p0,closed,3.0,42,0,0.932360,
closed_g64_grade3p0,closed,3.0,42,1,1.619362,
closed_g64_grade3p0,closed,3.0,42,2,2.306364,0.129996
closed_g64_grade3p0,closed,3.0,42,3,2.993366,0.187525
closed_g64_grade3p0,closed,3.0,42,4,3.680368,0.215320
closed_g64_grade3p0,closed,3.0,42,5,4.367370,0.241220
closed_g64_grade3p0,closed,3.0,42,6,5.054372,0.261014
closed_g64_grade3p0,closed,3.0,42,7,5.741374,0.256827
closed_g64_grade3p0,closed,3.0,42,8,6.428376,0.283920
closed_g64_grade3p0,closed,3.0,42,9,7.115378,0.352602
closed_g64_grade3p0,closed,3.0,42,10,7.802380,0.751565
closed_g64_grade3p0,closed,3.0,42,11,8.489382,0.754267
closed_g64_grade3p0,closed,3.0,43,0,0.932360,
closed_g64_grade3p0,closed,3.0,43,1,1.619362,
closed_g64_grade3p0,closed,3.0,43,2,2.306364,0.119502
closed_g64_grade3p0,closed,3.0,43,3,2.993366,0.172569
closed_g64_grade3p0,closed,3.0,43,4,3.680368,0.214155
closed_g64_grade3p0,closed,3.0,43,5,4.367370,0.241125
closed_g64_grade3p0,closed,3.0,43,6,5.054372,0.250703
closed_g64_grade3p0,closed,3.0,43,7,5.741374,0.263644
closed_g64_grade3p0,closed,3.0,43,8,6.428376,0.283408
closed_g64_grade3p0,closed,3.0,43,9,7.115378,0.356236
closed_g64_grade3p0,closed,3.0,43,10,7.802380,0.770942
closed_g64_grade3p0,closed,3.0,43,11,8.489382,0.748302
closed_g64_grade3p0,closed,3.0,44,0,0.932360,
closed_g64_grade3p0,closed,3.0,44,1,1.619362,
closed_g64_grade3p0,closed,3.0,44,2,2.306364,0.084807
closed_g64_grade3p0,closed,3.0,44,3,2.993366,0.159066
closed_g64_grade3p0,closed,3.0,44,4,3.680368,0.211238
closed_g64_grade3p0,closed,3.0,44,5,4.367370,0.233350
closed_g64_grade3p0,closed,3.0,44,6,5.054372,0.249630
closed_g64_grade3p0,closed,3.0,44,7,5.741374,0.265334
closed_g64_grade3p0,closed,3.0,44,8,6.428376,0.269197
closed_g64_grade3p0,closed,3.0,44,9,7.115378,0.377528
closed_g64_grade3p0,closed,3.0,44,10,7.802380,0.788397
closed_g64_grade3p0,closed,3.0,44,11,8.489382,0.743301
closed_g64_grade3p0,closed,3.0,45,0,0.932360,
closed_g64_grade3p0,closed,3.0,45,1,1.619362,
closed_g64_grade3p0,closed,3.0,45,2,2.306364,0.068280
closed_g64_grade3p0,closed,3.0,45,3,2.993366,0.153247
closed_g64_grade3p0,closed,3.0,45,4,3.680368,0.207646
closed_g64_grade3p0,closed,3.0,45,5,4.367370,0.231651
closed_g64_grade3p0,closed,3.0,45,6,5.054372,0.250413
closed_g64_grade3p0,closed,3.0,45,7,5.741374,0.262673
closed_g64_grade3p0,closed,3.0,45,8,6.428376,0.265293
closed_g64_grade3p0,closed,3.0,45,9,7.115378,0.384598
closed_g64_grade3p0,closed,3.0,45,10,7.802380,0.794318
closed_g64_grade3p0,closed,3.0,45,11,8.489382,0.740844
closed_g64_grade3p0,closed,3.0,46,0,0.932360,
closed_g64_grade3p0,closed,3.0,46,1,1.619362,
closed_g64_grade3p0,closed,3.0,46,2,2.306364,0.064316
closed_g64_grade3p0,closed,3.0,46,3,2.993366,0.149462
closed_g64_grade3p0,closed,3.0,46,4,3.680368,0.193727
closed_g64_grade3p0,closed,3.0,46,5,4.367370,0.233227
closed_g64_grade3p0,closed,3.0,46,6,5.054372,0.248699
closed_g64_grade3p0,closed,3.0,46,7,5.741374,0.260045
closed_g64_grade3p0,closed,3.0,46,8,6.428376,0.265359
closed_g64_grade3p0,closed,3.0,46,9,7.115378,0.401911
closed_g64_grade3p0,closed,3.0,46,10,7.802380,0.795800
closed_g64_grade3p0,closed,3.0,46,11,8.489382,0.742294
closed_g64_grade3p0,closed,3.0,47,0,0.932360,
closed_g64_grade3p0,closed,3.0,47,1,1.619362,
closed_g64_grade3p0,closed,3.0,47,2,2.306364,0.063375
closed_g64_grade3p0,closed,3.0,47,3,2.993366,0.144520
closed_g64_grade3p0,closed,3.0,47,4,3.680368,0.194034
closed_g64_grade3p0,closed,3.0,47,5,4.367370,0.227680
closed_g64_grade3p0,closed,3.0,47,6,5.054372,0.247380
closed_g64_grade3p0,closed,3.0,47,7,5.741374,0.258927
closed_g64_grade3p0,closed,3.0,47,8,6.428376,0.267902
closed_g64_grade3p0,closed,3.0,47,9,7.115378,0.417538
closed_g64_grade3p0,closed,3.0,47,10,7.802380,0.804454
closed_g64_grade3p0,closed,3.0,47,11,8.489382,0.739349
closed_g64_grade3p0,closed,3.0,48,0,0.932360,
closed_g64_grade3p0,closed,3.0,48,1,1.619362,
closed_g64_grade3p0,closed,3.0,48,2,2.306364,0.060721
closed_g64_grade3p0,closed,3.0,48,3,2.993366,0.134387
closed_g64_grade3p0,closed,3.0,48,4,3.680368,0.186377
closed_g64_grade3p0,closed,3.0,48,5,4.367370,0.227446
closed_g64_grade3p0,closed,3.0,48,6,5.054372,0.242636
closed_g64_grade3p0,closed,3.0,48,7,5.741374,0.259518
closed_g64_grade3p0,closed,3.0,48,8,6.428376,0.266477
closed_g64_grade3p0,closed,3.0,48,9,7.115378,0.439702
closed_g64_grade3p0,closed,3.0,48,10,7.802380,0.802532
closed_g64_grade3p0,closed,3.0,48,11,8.489382,0.741811
closed_g64_grade3p0,closed,3.0,49,0,0.932360,
closed_g64_grade3p0,closed,3.0,49,1,1.619362,
closed_g64_grade3p0,closed,3.0,49,2,2.306364,0.054116
closed_g64_grade3p0,closed,3.0,49,3,2.993366,0.128410
closed_g64_grade3p0,closed,3.0,49,4,3.680368,0.182675
closed_g64_grade3p0,closed,3.0,49,5,4.367370,0.214074
closed_g64_grade3p0,closed,3.0,49,6,5.054372,0.240820
closed_g64_grade3p0,closed,3.0,49,7,5.741374,0.252087
closed_g64_grade3p0,closed,3.0,49,8,6.428376,0.270608
closed_g64_grade3p0,closed,3.0,49,9,7.115378,0.451533
closed_g64_grade3p0,closed,3.0,49,10,7.802380,0.800981
closed_g64_grade3p0,closed,3.0,49,11,8.489382,0.741172
closed_g64_grade3p0,closed,3.0,50,0,0.932360,
closed_g64_grade3p0,closed,3.0,50,1,1.619362,
closed_g64_grade3p0,closed,3.0,50,2,2.306364,0.050110
closed_g64_grade3p0,closed,3.0,50,3,2.993366,0.124508
closed_g64_grade3p0,closed,3.0,50,4,3.680368,0.174811
closed_g64_grade3p0,closed,3.0,50,5,4.367370,0.207502
closed_g64_grade3p0,closed,3.0,50,6,5.054372,0.236637
closed_g64_grade3p0,closed,3.0,50,7,5.741374,0.249413
closed_g64_grade3p0,closed,3.0,50,8,6.428376,0.274819
closed_g64_grade3p0,closed,3.0,50,9,7.115378,0.471381
closed_g64_grade3p0,closed,3.0,50,10,7.802380,0.803535
closed_g64_grade3p0,closed,3.0,50,11,8.489382,0.742326
closed_g64_grade3p0,closed,3.0,51,0,0.932360,
closed_g64_grade3p0,closed,3.0,51,1,1.619362,
closed_g64_grade3p0,closed,3.0,51,2,2.306364,0.046611
closed_g64_grade3p0,closed,3.0,51,3,2.993366,0.119994
closed_g64_grade3p0,closed,3.0,51,4,3.680368,0.169667
closed_g64_grade3p0,closed,3.0,51,5,4.367370,0.203538
closed_g64_grade3p0,closed,3.0,51,6,5.054372,0.232036
closed_g64_grade3p0,closed,3.0,51,7,5.741374,0.250240
closed_g64_grade3p0,closed,3.0,51,8,6.428376,0.279476
closed_g64_grade3p0,closed,3.0,51,9,7.115378,0.498567
closed_g64_grade3p0,closed,3.0,51,10,7.802380,0.808174
closed_g64_grade3p0,closed,3.0,51,11,8.489382,0.746772
closed_g64_grade3p0,closed,3.0,52,0,0.932360,
closed_g64_grade3p0,closed,3.0,52,1,1.619362,
closed_g64_grade3p0,closed,3.0,52,2,2.306364,0.046364
closed_g64_grade3p0,closed,3.0,52,3,2.993366,0.112531
closed_g64_grade3p0,closed,3.0,52,4,3.680368,0.158286
closed_g64_grade3p0,closed,3.0,52,5,4.367370,0.201485
closed_g64_grade3p0,closed,3.0,52,6,5.054372,0.225446
closed_g64_grade3p0,closed,3.0,52,7,5.741374,0.250571
closed_g64_grade3p0,closed,3.0,52,8,6.428376,0.283394
closed_g64_grade3p0,closed,3.0,52,9,7.115378,0.514399
closed_g64_grade3p0,closed,3.0,52,10,7.802380,0.812886
closed_g64_grade3p0,closed,3.0,52,11,8.489382,0.750940
closed_g64_grade3p0,closed,3.0,53,0,0.932360,
closed_g64_grade3p0,closed,3.0,53,1,1.619362,
closed_g64_grade3p0,closed,3.0,53,2,2.306364,0.044956
closed_g64_grade3p0,closed,3.0,53,3,2.993366,0.106142
closed_g64_grade3p0,closed,3.0,53,4,3.680368,0.156005
closed_g64_grade3p0,closed,3.0,53,5,4.367370,0.189944
closed_g64_grade3p0,closed,3.0,53,6,5.054372,0.220032
closed_g64_grade3p0,closed,3.0,53,7,5.741374,0.246163
closed_g64_grade3p0,closed,3.0,53,8,6.428376,0.273100
closed_g64_grade3p0,closed,3.0,53,9,7.115378,0.538403
closed_g64_grade3p0,closed,3.0,53,10,7.802380,0.818028
closed_g64_grade3p0,closed,3.0,53,11,8.489382,0.754211
closed_g64_grade3p0,closed,3.0,54,0,0.932360,
closed_g64_grade3p0,closed,3.0,54,1,1.619362,
closed_g64_grade3p0,closed,3.0,54,2,2.306364,0.029780
closed_g64_grade3p0,closed,3.0,54,3,2.993366,0.103239
closed_g64_grade3p0,closed,3.0,54,4,3.680368,0.143088
closed_g64_grade3p0,closed,3.0,54,5,4.367370,0.183885
closed_g64_grade3p0,closed,3.0,54,6,5.054372,0.219012
closed_g64_grade3p0,closed,3.0,54,7,5.741374,0.246426
closed_g64_grade3p0,closed,3.0,54,8,6.428376,0.280333
closed_g64_grade3p0,closed,3.0,54,9,7.115378,0.564062
closed_g64_grade3p0,closed,3.0,54,10,7.802380,0.811158
closed_g64_grade3p0,closed,3.0,54,11,8.489382,0.757326
closed_g64_grade3p0,closed,3.0,55,0,0.932360,
closed_g64_grade3p0,closed,3.0,55,1,1.619362,
closed_g64_grade3p0,closed,3.0,55,2,2.306364,0.027008
closed_g64_grade3p0,closed,3.0,55,3,2.993366,0.095803
closed_g64_grade3p0,closed,3.0,55,4,3.680368,0.136163
closed_g64_grade3p0,closed,3.0,55,5,4.367370,0.181549
closed_g64_grade3p0,closed,3.0,55,6,5.054372,0.216064
closed_g64_grade3p0,closed,3.0,55,7,5.741374,0.244068
closed_g64_grade3p0,closed,3.0,55,8,6.428376,0.274884
closed_g64_grade3p0,closed,3.0,55,9,7.115378,0.581554
closed_g64_grade3p0,closed,3.0,55,10,7.802380,0.814904
closed_g64_grade3p0,closed,3.0,55,11,8.489382,0.759888
closed_g64_grade3p0,closed,3.0,56,0,0.932360,
closed_g64_grade3p0,closed,3.0,56,1,1.619362,
closed_g64_grade3p0,closed,3.0,56,2,2.306364,0.024124
closed_g64_grade3p0,closed,3.0,56,3,2.993366,0.086767
closed_g64_grade3p0,closed,3.0,56,4,3.680368,0.126507
closed_g64_grade3p0,closed,3.0,56,5,4.367370,0.178064
closed_g64_grade3p0,closed,3.0,56,6,5.054372,0.215542
closed_g64_grade3p0,closed,3.0,56,7,5.741374,0.244122
closed_g64_grade3p0,closed,3.0,56,8,6.428376,0.281138
closed_g64_grade3p0,closed,3.0,56,9,7.115378,0.604585
closed_g64_grade3p0,closed,3.0,56,10,7.802380,0.805904
closed_g64_grade3p0,closed,3.0,56,11,8.489382,0.761668
closed_g64_grade3p0,closed,3.0,57,0,0.932360,
closed_g64_grade3p0,closed,3.0,57,1,1.619362,
closed_g64_grade3p0,closed,3.0,57,2,2.306364,
closed_g64_grade3p0,closed,3.0,57,3,2.993366,0.071901
closed_g64_grade3p0,closed,3.0,57,4,3.680368,0.123685
closed_g64_grade3p0,closed,3.0,57,5,4.367370,0.176699
closed_g64_grade3p0,closed,3.0,57,6,5.054372,0.204540
closed_g64_grade3p0,closed,3.0,57,7,5.741374,0.233606
closed_g64_grade3p0,closed,3.0,57,8,6.428376,0.273580
closed_g64_grade3p0,closed,3.0,57,9,7.115378,0.628113
closed_g64_grade3p0,closed,3.0,57,10,7.802380,0.807928
closed_g64_grade3p0,closed,3.0,57,11,8.489382,0.763283
closed_g64_grade3p0,closed,3.0,58,0,0.932360,
closed_g64_grade3p0,closed,3.0,58,1,1.619362,
closed_g64_grade3p0,closed,3.0,58,2,2.306364,
closed_g64_grade3p0,closed,3.0,58,3,2.993366,0.068180
closed_g64_grade3p0,closed,3.0,58,4,3.680368,0.118041
closed_g64_grade3p0,closed,3.0,58,5,4.367370,0.171777
closed_g64_grade3p0,closed,3.0,58,6,5.054372,0.201383
closed_g64_grade3p0,closed,3.0,58,7,5.741374,0.227093
closed_g64_grade3p0,closed,3.0,58,8,6.428376,0.285019
closed_g64_grade3p0,closed,3.0,58,9,7.115378,0.642832
closed_g64_grade3p0,closed,3.0,58,10,7.802380,0.807388
closed_g64_grade3p0,closed,3.0,58,11,8.489382,0.764923
closed_g64_grade3p0,closed,3.0,59,0,0.932360,
closed_g64_grade3p0,closed,3.0,59,1,1.619362,
closed_g64_grade3p0,closed,3.0,59,2,2.306364,
closed_g64_grade3p0,closed,3.0,59,3,2.993366,0.064699
closed_g64_grade3p0,closed,3.0,59,4,3.680368,0.110126
closed_g64_grade3p0,closed,3.0,59,5,4.367370,0.164831
closed_g64_grade3p0,closed,3.0,59,6,5.054372,0.195378
closed_g64_grade3p0,closed,3.0,59,7,5.741374,0.224399
closed_g64_grade3p0,closed,3.0,59,8,6.428376,0.298472
closed_g64_grade3p0,closed,3.0,59,9,7.115378,0.659829
closed_g64_grade3p0,closed,3.0,59,10,7.802380,0.808206
closed_g64_grade3p0,closed,3.0,59,11,8.489382,0.766917
closed_g64_grade3p0,closed,3.0,60,0,0.932360,
closed_g64_grade3p0,closed,3.0,60,1,1.619362,
closed_g64_grade3p0,closed,3.0,60,2,2.306364,
closed_g64_grade3p0,closed,3.0,60,3,2.993366,0.061532
closed_g64_grade3p0,closed,3.0,60,4,3.680368,0.103263
closed_g64_grade3p0,closed,3.0,60,5,4.367370,0.160643
closed_g64_grade3p0,closed,3.0,60,6,5.054372,0.181795
closed_g64_grade3p0,closed,3.0,60,7,5.741374,0.218865
closed_g64_grade3p0,closed,3.0,60,8,6.428376,0.299363
closed_g64_grade3p0,closed,3.0,60,9,7.115378,0.676852
closed_g64_grade3p0,closed,3.0,60,10,7.802380,0.806850
closed_g64_grade3p0,closed,3.0,60,11,8.489382,0.768587
closed_g64_grade3p0,closed,3.0,61,0,0.932360,
closed_g64_grade3p0,closed,3.0,61,1,1.619362,
closed_g64_grade3p0,closed,3.0,61,2,2.306364,
closed_g64_grade3p0,closed,3.0,61,3,2.993366,0.057115
closed_g64_grade3p0,closed,3.0,61,4,3.680368,0.093884
closed_g64_grade3p0,closed,3.0,61,5,4.367370,0.149377
closed_g64_grade3p0,closed,3.0,61,6,5.054372,0.180070
closed_g64_grade3p0,closed,3.0,61,7,5.741374,0.219279
closed_g64_grade3p0,closed,3.0,61,8,6.428376,0.296545
closed_g64_grade3p0,closed,3.0,61,9,7.115378,0.693349
closed_g64_grade3p0,closed,3.0,61,10,7.802380,0.800193
closed_g64_grade3p0,closed,3.0,61,11,8.489382,0.769262
closed_g64_grade3p0,closed,3.0,62,0,0.932360,
closed_g64_grade3p0,closed,3.0,62,1,1.619362,
closed_g64_grade3p0,closed,3.0,62,2,2.306364,
closed_g64_grade3p0,closed,3.0,62,3,2.993366,0.052030
closed_g64_grade3p0,closed,3.0,62,4,3.680368,0.088245
closed_g64_grade3p0,closed,3.0,62,5,4.367370,0.146607
closed_g64_grade3p0,closed,3.0,62,6,5.054372,0.173795
closed_g64_grade3p0,closed,3.0,62,7,5.741374,0.215909
closed_g64_grade3p0,closed,3.0,62,8,6.428376,0.309644
closed_g64_grade3p0,closed,3.0,62,9,7.115378,0.707817
closed_g64_grade3p0,closed,3.0,62,10,7.802380,0.791264
closed_g64_grade3p0,closed,3.0,62,11,8.489382,0.769203
closed_g64_grade3p0,closed,3.0,63,0,0.932360,
closed_g64_grade3p0,closed,3.0,63,1,1.619362,
closed_g64_grade3p0,closed,3.0,63,2,2.306364,
closed_g64_grade3p0,closed,3.0,63,3,2.993366,0.049238
closed_g64_grade3p0,closed,3.0,63,4,3.680368,0.083133
closed_g64_grade3p0,closed,3.0,63,5,4.367370,0.139354
closed_g64_grade3p0,closed,3.0,63,6,5.054372,0.167173
closed_g64_grade3p0,closed,3.0,63,7,5.741374,0.212903
closed_g64_grade3p0,closed,3.0,63,8,6.428376,0.321118
closed_g64_grade3p0,closed,3.0,63,9,7.115378,0.718258
closed_g64_grade3p0,closed,3.0,63,10,7.802380,0.778011
closed_g64_grade3p0,closed,3.0,63,11,8.489382,0.769516
closed_g64_grade3p0,closed,3.0,64,0,0.932360,
closed_g64_grade3p0,closed,3.0,64,1,1.619362,
closed_g64_grade3p0,closed,3.0,64,2,2.306364,
closed_g64_grade3p0,closed,3.0,64,3,2.993366,0.046545
closed_g64_grade3p0,closed,3.0,64,4,3.680368,0.081165
closed_g64_grade3p0,closed,3.0,64,5,4.367370,0.129756
closed_g64_grade3p0,closed,3.0,64,6,5.054372,0.165566
closed_g64_grade3p0,closed,3.0,64,7,5.741374,0.215320
closed_g64_grade3p0,closed,3.0,64,8,6.428376,0.339596
closed_g64_grade3p0,closed,3.0,64,9,7.115378,0.721795
closed_g64_grade3p0,closed,3.0,64,10,7.802380,0.764822
closed_g64_grade3p0,closed,3.0,64,11,8.489382,0.768296
closed_g64_grade3p0,closed,3.0,65,0,0.932360,
closed_g64_grade3p0,closed,3.0,65,1,1.619362,
closed_g64_grade3p0,closed,3.0,65,2,2.306364,
closed_g64_grade3p0,closed,3.0,65,3,2.993366,0.039825
closed_g64_grade3p0,closed,3.0,65,4,3.680368,0.077611
closed_g64_grade3p0,closed,3.0,65,5,4.367370,0.127732
closed_g64_grade3p0,closed,3.0,65,6,5.054372,0.162772
closed_g64_grade3p0,closed,3.0,65,7,5.741374,0.201785
closed_g64_grade3p0,closed,3.0,65,8,6.428376,0.350897
closed_g64_grade3p0,closed,3.0,65,9,7.115378,0.735545
closed_g64_grade3p0,closed,3.0,65,10,7.802380,0.757830
closed_g64_grade3p0,closed,3.0,65,11,8.489382,0.766328
closed_g64_grade3p0,closed,3.0,66,0,0.932360,
closed_g64_grade3p0,closed,3.0,66,1,1.619362,
closed_g64_grade3p0,closed,3.0,66,2,2.306364,
closed_g64_grade3p0,closed,3.0,66,3,2.993366,0.037497
closed_g64_grade3p0,closed,3.0,66,4,3.680368,0.072751
closed_g64_grade3p0,closed,3.0,66,5,4.367370,0.124503
closed_g64_grade3p0,closed,3.0,66,6,5.054372,0.159895
closed_g64_grade3p0,closed,3.0,66,7,5.741374,0.195856
closed_g64_grade3p0,closed,3.0,66,8,6.428376,0.361298
closed_g64_grade3p0,closed,3.0,66,9,7.115378,0.751717
closed_g64_grade3p0,closed,3.0,66,10,7.802380,0.741584
closed_g64_grade3p0,closed,3.0,66,11,8.489382,0.763951
closed_g64_grade3p0,closed,3.0,67,0,0.932360,
closed_g64_grade3p0,closed,3.0,67,1,1.619362,
closed_g64_grade3p0,closed,3.0,67,2,2.306364,
closed_g64_grade3p0,closed,3.0,67,3,2.993366,0.035127
closed_g64_grade3p0,closed,3.0,67,4,3.680368,0.071302
closed_g64_grade3p0,closed,3.0,67,5,4.367370,0.124432
closed_g64_grade3p0,closed,3.0,67,6,5.054372,0.156592
closed_g64_grade3p0,closed,3.0,67,7,5.741374,0.197237
closed_g64_grade3p0,closed,3.0,67,8,6.428376,0.380045
closed_g64_grade3p0,closed,3.0,67,9,7.115378,0.756637
closed_g64_grade3p0,closed,3.0,67,10,7.802380,0.739773
closed_g64_grade3p0,closed,3.0,67,11,8.489382,0.762078
closed_g64_grade3p0,closed,3.0,68,0,0.932360,
closed_g64_grade3p0,closed,3.0,68,1,1.619362,
closed_g64_grade3p0,closed,3.0,68,2,2.306364,
closed_g64_grade3p0,closed,3.0,68,3,2.993366,0.032775
closed_g64_grade3p0,closed,3.0,68,4,3.680368,0.068533
closed_g64_grade3p0,closed,3.0,68,5,4.367370,0.115420
closed_g64_grade3p0,closed,3.0,68,6,5.054372,0.146587
closed_g64_grade3p0,closed,3.0,68,7,5.741374,0.186254
closed_g64_grade3p0,closed,3.0,68,8,6.428376,0.394368
closed_g64_grade3p0,closed,3.0,68,9,7.115378,0.765809
closed_g64_grade3p0,closed,3.0,68,10,7.802380,0.724824
closed_g64_grade3p0,closed,3.0,68,11,8.489382,0.759614
closed_g64_grade3p0,closed,3.0,69,0,0.932360,
closed_g64_grade3p0,closed,3.0,69,1,1.619362,
closed_g64_grade3p0,closed,3.0,69,2,2.306364,
closed_g64_grade3p0,closed,3.0,69,3,2.993366,0.030449
closed_g64_grade3p0,closed,3.0,69,4,3.680368,0.066263
closed_g64_grade3p0,closed,3.0,69,5,4.367370,0.110186
closed_g64_grade3p0,closed,3.0,69,6,5.054372,0.139420
closed_g64_grade3p0,closed,3.0,69,7,5.741374,0.184705
closed_g64_grade3p0,closed,3.0,69,8,6.428376,0.409758
closed_g64_grade3p0,closed,3.0,69,9,7.115378,0.758468
closed_g64_grade3p0,closed,3.0,69,10,7.802380,0.714737
closed_g64_grade3p0,closed,3.0,69,11,8.489382,0.756651
closed_g64_grade3p0,closed,3.0,70,0,0.932360,
closed_g64_grade3p0,closed,3.0,70,1,1.619362,
closed_g64_grade3p0,closed,3.0,70,2,2.306364,
closed_g64_grade3p0,closed,3.0,70,3,2.993366,
closed_g64_grade3p0,closed,3.0,70,4,3.680368,0.065225
closed_g64_grade3p0,closed,3.0,70,5,4.367370,0.100843
closed_g64_grade3p0,closed,3.0,70,6,5.054372,0.136141
closed_g64_grade3p0,closed,3.0,70,7,5.741374,0.183804
closed_g64_grade3p0,closed,3.0,70,8,6.428376,0.428608
closed_g64_grade3p0,closed,3.0,70,9,7.115378,0.753892
closed_g64_grade3p0,closed,3.0,70,10,7.802380,0.698780
closed_g64_grade3p0,closed,3.0,70,11,8.489382,0.754172
closed_g64_grade3p0,closed,3.0,71,0,0.932360,
closed_g64_grade3p0,closed,3.0,71,1,1.619362,
closed_g64_grade3p0,closed,3.0,71,2,2.306364,
closed_g64_grade3p0,closed,3.0,71,3,2.993366,
closed_g64_grade3p0,closed,3.0,71,4,3.680368,0.062458
closed_g64_grade3p0,closed,3.0,71,5,4.367370,0.094303
closed_g64_grade3p0,closed,3.0,71,6,5.054372,0.131834
closed_g64_grade3p0,closed,3.0,71,7,5.741374,0.181057
closed_g64_grade3p0,closed,3.0,71,8,6.428376,0.457773
closed_g64_grade3p0,closed,3.0,71,9,7.115378,0.745775
closed_g64_grade3p0,closed,3.0,71,10,7.802380,0.686296
closed_g64_grade3p0,closed,3.0,71,11,8.489382,0.752006
closed_g64_grade3p0,closed,3.0,72,0,0.932360,
closed_g64_grade3p0,closed,3.0,72,1,1.619362,
closed_g64_grade3p0,closed,3.0,72,2,2.306364,
closed_g64_grade3p0,closed,3.0,72,3,2.993366,
closed_g64_grade3p0,closed,3.0,72,4,3.680368,0.059134
closed_g64_grade3p0,closed,3.0,72,5,4.367370,0.087299
closed_g64_grade3p0,closed,3.0,72,6,5.054372,0.132354
closed_g64_grade3p0,closed,3.0,72,7,5.741374,0.187436
closed_g64_grade3p0,closed,3.0,72,8,6.428376,0.476927
closed_g64_grade3p0,closed,3.0,72,9,7.115378,0.747874
closed_g64_grade3p0,closed,3.0,72,10,7.802380,0.674327
closed_g64_grade3p0,closed,3.0,72,11,8.489382,0.749114
closed_g64_grade3p0,closed,3.0,73,0,0.932360,
closed_g64_grade3p0,closed,3.0,73,1,1.619362,
closed_g64_grade3p0,closed,3.0,73,2,2.306364,
closed_g64_grade3p0,closed,3.0,73,3,2.993366,
closed_g64_grade3p0,closed,3.0,73,4,3.680368,0.056540
closed_g64_grade3p0,closed,3.0,73,5,4.367370,0.084558
closed_g64_grade3p0,closed,3.0,73,6,5.054372,0.125239
closed_g64_grade3p0,closed,3.0,73,7,5.741374,0.188040
closed_g64_grade3p0,closed,3.0,73,8,6.428376,0.499356
closed_g64_grade3p0,closed,3.0,73,9,7.115378,0.750497
closed_g64_grade3p0,closed,3.0,73,10,7.802380,0.662546
closed_g64_grade3p0,closed,3.0,73,11,8.489382,0.746882
closed_g64_grade3p0,closed,3.0,74,0,0.932360,
closed_g64_grade3p0,closed,3.0,74,1,1.619362,
closed_g64_grade3p0,closed,3.0,74,2,2.306364,
closed_g64_grade3p0,closed,3.0,74,3,2.993366,
closed_g64_grade3p0,closed,3.0,74,4,3.680368,0.054436
closed_g64_grade3p0,closed,3.0,74,5,4.367370,0.078587
closed_g64_grade3p0,closed,3.0,74,6,5.054372,0.121858
closed_g64_grade3p0,closed,3.0,74,7,5.741374,0.185054
closed_g64_grade3p0,closed,3.0,74,8,6.428376,0.525696
closed_g64_grade3p0,closed,3.0,74,9,7.115378,0.742718
closed_g64_grade3p0,closed,3.0,74,10,7.802380,0.655409
closed_g64_grade3p0,closed,3.0,74,11,8.489382,0.743848
closed_g64_grade3p0,closed,3.0,75,0,0.932360,
closed_g64_grade3p0,closed,3.0,75,1,1.619362,
closed_g64_grade3p0,closed,3.0,75,2,2.306364,
closed_g64_grade3p0,closed,3.0,75,3,2.993366,
closed_g64_grade3p0,closed,3.0,75,4,3.680368,0.053020
closed_g64_grade3p0,closed,3.0,75,5,4.367370,0.077600
closed_g64_grade3p0,closed,3.0,75,6,5.054372,0.121102
closed_g64_grade3p0,closed,3.0,75,7,5.741374,0.193524
closed_g64_grade3p0,closed,3.0,75,8,6.428376,0.539400
closed_g64_grade3p0,closed,3.0,75,9,7.115378,0.735220
closed_g64_grade3p0,closed,3.0,75,10,7.802380,0.644584
closed_g64_grade3p0,closed,3.0,75,11,8.489382,0.740682
closed_g64_grade3p0,closed,3.0,76,0,0.932360,
closed_g64_grade3p0,closed,3.0,76,1,1.619362,
closed_g64_grade3p0,closed,3.0,76,2,2.306364,
closed_g64_grade3p0,closed,3.0,76,3,2.993366,
closed_g64_grade3p0,closed,3.0,76,4,3.680368,0.051529
closed_g64_grade3p0,closed,3.0,76,5,4.367370,0.071477
closed_g64_grade3p0,closed,3.0,76,6,5.054372,0.116518
closed_g64_grade3p0,closed,3.0,76,7,5.741374,0.198683
closed_g64_grade3p0,closed,3.0,76,8,6.428376,0.560415
closed_g64_grade3p0,closed,3.0,76,9,7.115378,0.726144
closed_g64_grade3p0,closed,3.0,76,10,7.802380,0.635112
closed_g64_grade3p0,closed,3.0,76,11,8.489382,0.737158
closed_g64_grade3p0,closed,3.0,77,0,0.932360,
closed_g64_grade3p0,closed,3.0,77,1,1.619362,
closed_g64_grade3p0,closed,3.0,77,2,2.306364,
closed_g64_grade3p0,closed,3.0,77,3,2.993366,
closed_g64_grade3p0,closed,3.0,77,4,3.680368,0.038223
closed_g64_grade3p0,closed,3.0,77,5,4.367370,0.071714
closed_g64_grade3p0,closed,3.0,77,6,5.054372,0.113588
closed_g64_grade3p0,closed,3.0,77,7,5.741374,0.192435
closed_g64_grade3p0,closed,3.0,77,8,6.428376,0.579022
closed_g64_grade3p0,closed,3.0,77,9,7.115378,0.709482
closed_g64_grade3p0,closed,3.0,77,10,7.802380,0.623859
closed_g64_grade3p0,closed,3.0,77,11,8.489382,0.733805
closed_g64_grade3p0,closed,3.0,78,0,0.932360,
closed_g64_grade3p0,closed,3.0,78,1,1.619362,
closed_g64_grade3p0,closed,3.0,78,2,2.306364,
closed_g64_grade3p0,closed,3.0,78,3,2.993366,
closed_g64_grade3p0,closed,3.0,78,4,3.680368,0.039808
closed_g64_grade3p0,closed,3.0,78,5,4.367370,0.060413
closed_g64_grade3p0,closed,3.0,78,6,5.054372,0.114066
closed_g64_grade3p0,closed,3.0,78,7,5.741374,0.203483
closed_g64_grade3p0,closed,3.0,78,8,6.428376,0.599547
closed_g64_grade3p0,closed,3.0,78,9,7.115378,0.692676
closed_g64_grade3p0,closed,3.0,78,10,7.802380,0.618809
closed_g64_grade3p0,closed,3.0,78,11,8.489382,0.729957
closed_g64_grade3p0,closed,3.0,79,0,0.932360,
closed_g64_grade3p0,closed,3.0,79,1,1.619362,
closed_g64_grade3p0,closed,3.0,79,2,2.306364,
closed_g64_grade3p0,closed,3.0,79,3,2.993366,
closed_g64_grade3p0,closed,3.0,79,4,3.680368,0.027560
closed_g64_grade3p0,closed,3.0,79,5,4.367370,0.058949
closed_g64_grade3p0,closed,3.0,79,6,5.054372,0.114771
closed_g64_grade3p0,closed,3.0,79,7,5.741374,0.207795
closed_g64_grade3p0,closed,3.0,79,8,6.428376,0.609260
closed_g64_grade3p0,closed,3.0,79,9,7.115378,0.677678
closed_g64_grade3p0,closed,3.0,79,10,7.802380,0.616066
closed_g64_grade3p0,closed,3.0,79,11,8.489382,0.725440
closed_g64_grade3p0,closed,3.0,80,0,0.932360,
closed_g64_grade3p0,closed,3.0,80,1,1.619362,
closed_g64_grade3p0,closed,3.0,80,2,2.306364,
closed_g64_grade3p0,closed,3.0,80,3,2.993366,
closed_g64_grade3p0,closed,3.0,80,4,3.680368,0.028298
closed_g64_grade3p0,closed,3.0,80,5,4.367370,0.057007
closed_g64_grade3p0,closed,3.0,80,6,5.054372,0.110294
closed_g64_grade3p0,closed,3.0,80,7,5.741374,0.213581
closed_g64_grade3p0,closed,3.0,80,8,6.428376,0.618271
closed_g64_grade3p0,closed,3.0,80,9,7.115378,0.661126
closed_g64_grade3p0,closed,3.0,80,10,7.802380,0.611406
closed_g64_grade3p0,closed,3.0,80,11,8.489382,0.720705
closed_g64_grade3p0,closed,3.0,81,0,0.932360,
closed_g64_grade3p0,closed,3.0,81,1,1.619362,
closed_g64_grade3p0,closed,3.0,81,2,2.306364,
closed_g64_grade3p0,closed,3.0,81,3,2.993366,
closed_g64_grade3p0,closed,3.0,81,4,3.680368,0.028376
closed_g64_grade3p0,closed,3.0,81,5,4.367370,0.055702
closed_g64_grade3p0,closed,3.0,81,6,5.054372,0.105984
closed_g64_grade3p0,closed,3.0,81,7,5.741374,0.222223
closed_g64_grade3p0,closed,3.0,81,8,6.428376,0.624141
closed_g64_grade3p0,closed,3.0,81,9,7.115378,0.644278
closed_g64_grade3p0,closed,3.0,81,10,7.802380,0.612278
closed_g64_grade3p0,closed,3.0,81,11,8.489382,0.716175
closed_g64_grade3p0,closed,3.0,82,0,0.932360,
closed_g64_grade3p0,closed,3.0,82,1,1.619362,
closed_g64_grade3p0,closed,3.0,82,2,2.306364,
closed_g64_grade3p0,closed,3.0,82,3,2.993366,
closed_g64_grade3p0,closed,3.0,82,4,3.680368,0.027436
closed_g64_grade3p0,closed,3.0,82,5,4.367370,0.054763
closed_g64_grade3p0,closed,3.0,82,6,5.054372,0.100818
closed_g64_grade3p0,closed,3.0,82,7,5.741374,0.236587
closed_g64_grade3p0,closed,3.0,82,8,6.428376,0.621126
closed_g64_grade3p0,closed,3.0,82,9,7.115378,0.631212
closed_g64_grade3p0,closed,3.0,82,10,7.802380,0.610224
closed_g64_grade3p0,closed,3.0,82,11,8.489382,0.711805
closed_g64_grade3p0,closed,3.0,83,0,0.932360,
closed_g64_grade3p0,closed,3.0,83,1,1.619362,
closed_g64_grade3p0,closed,3.0,83,2,2.306364,
closed_g64_grade3p0,closed,3.0,83,3,2.993366,
closed_g64_grade3p0,closed,3.0,83,4,3.680368,0.016643
closed_g64_grade3p0,closed,3.0,83,5,4.367370,0.051007
closed_g64_grade3p0,closed,3.0,83,6,5.054372,0.097601
closed_g64_grade3p0,closed,3.0,83,7,5.741374,0.258123
closed_g64_grade3p0,closed,3.0,83,8,6.428376,0.621639
closed_g64_grade3p0,closed,3.0,83,9,7.115378,0.614027
closed_g64_grade3p0,closed,3.0,83,10,7.802380,0.609290
closed_g64_grade3p0,closed,3.0,83,11,8.489382,0.706870
closed_g64_grade3p0,closed,3.0,84,0,0.932360,
closed_g64_grade3p0,closed,3.0,84,1,1.619362,
closed_g64_grade3p0,closed,3.0,84,2,2.306364,
closed_g64_grade3p0,closed,3.0,84,3,2.993366,
closed_g64_grade3p0,closed,3.0,84,4,3.680368,
closed_g64_grade3p0,closed,3.0,84,5,4.367370,0.049413
closed_g64_grade3p0,closed,3.0,84,6,5.054372,0.099804
closed_g64_grade3p0,closed,3.0,84,7,5.741374,0.281730
closed_g64_grade3p0,closed,3.0,84,8,6.428376,0.611995
closed_g64_grade3p0,closed,3.0,84,9,7.115378,0.595824
closed_g64_grade3p0,closed,3.0,84,10,7.802380,0.609157
closed_g64_grade3p0,closed,3.0,84,11,8.489382,0.703030
closed_g64_grade3p0,closed,3.0,85,0,0.932360,
closed_g64_grade3p0,closed,3.0,85,1,1.619362,
closed_g64_grade3p0,closed,3.0,85,2,2.306364,
closed_g64_grade3p0,closed,3.0,85,3,2.993366,
closed_g64_grade3p0,closed,3.0,85,4,3.680368,
closed_g64_grade3p0,closed,3.0,85,5,4.367370,0.049069
closed_g64_grade3p0,closed,3.0,85,6,5.054372,0.099195
closed_g64_grade3p0,closed,3.0,85,7,5.741374,0.315461
closed_g64_grade3p0,closed,3.0,85,8,6.428376,0.605694
closed_g64_grade3p0,closed,3.0,85,9,7.115378,0.577412
closed_g64_grade3p0,closed,3.0,85,10,7.802380,0.611814
closed_g64_grade3p0,closed,3.0,85,11,8.489382,0.699048
closed_g64_grade3p0,closed,3.0,86,0,0.932360,
closed_g64_grade3p0,closed,3.0,86,1,1.619362,
closed_g64_grade3p0,closed,3.0,86,2,2.306364,
closed_g64_grade3p0,closed,3.0,86,3,2.993366,
closed_g64_grade3p0,closed,3.0,86,4,3.680368,
closed_g64_grade3p0,closed,3.0,86,5,4.367370,0.048575
closed_g64_grade3p0,closed,3.0,86,6,5.054372,0.098583
closed_g64_grade3p0,closed,3.0,86,7,5.741374,0.347495
closed_g64_grade3p0,closed,3.0,86,8,6.428376,0.595846
closed_g64_grade3p0,closed,3.0,86,9,7.115378,0.557927
closed_g64_grade3p0,closed,3.0,86,10,7.802380,0.610924
closed_g64_grade3p0,closed,3.0,86,11,8.489382,0.694017
closed_g64_grade3p0,closed,3.0,87,0,0.932360,
closed_g64_grade3p0,closed,3.0,87,1,1.619362,
closed_g64_grade3p0,closed,3.0,87,2,2.306364,
closed_g64_grade3p0,closed,3.0,87,3,2.993366,
closed_g64_grade3p0,closed,3.0,87,4,3.680368,
closed_g64_grade3p0,closed,3.0,87,5,4.367370,0.046599
closed_g64_grade3p0,closed,3.0,87,6,5.054372,0.096538
closed_g64_grade3p0,closed,3.0,87,7,5.741374,0.401310
closed_g64_grade3p0,closed,3.0,87,8,6.428376,0.583763
closed_g64_grade3p0,closed,3.0,87,9,7.115378,0.542315
closed_g64_grade3p0,closed,3.0,87,10,7.802380,0.609679
closed_g64_grade3p0,closed,3.0,87,11,8.489382,0.689110
closed_g64_grade3p0,closed,3.0,88,0,0.932360,
closed_g64_grade3p0,closed,3.0,88,1,1.619362,
closed_g64_grade3p0,closed,3.0,88,2,2.306364,
closed_g64_grade3p0,closed,3.0,88,3,2.993366,
closed_g64_grade3p0,closed,3.0,88,4,3.680368,
closed_g64_grade3p0,closed,3.0,88,5,4.367370,0.046871
closed_g64_grade3p0,closed,3.0,88,6,5.054372,0.100559
closed_g64_grade3p0,closed,3.0,88,7,5.741374,0.428863
closed_g64_grade3p0,closed,3.0,88,8,6.428376,0.567429
closed_g64_grade3p0,closed,3.0,88,9,7.115378,0.530000
closed_g64_grade3p0,closed,3.0,88,10,7.802380,0.609873
closed_g64_grade3p0,closed,3.0,88,11,8.489382,0.685153
closed_g64_grade3p0,closed,3.0,89,0,0.932360,
closed_g64_grade3p0,closed,3.0,89,1,1.619362,
closed_g64_grade3p0,closed,3.0,89,2,2.306364,
closed_g64_grade3p0,closed,3.0,89,3,2.993366,
closed_g64_grade3p0,closed,3.0,89,4,3.680368,
closed_g64_grade3p0,closed,3.0,89,5,4.367370,0.044464
closed_g64_grade3p0,closed,3.0,89,6,5.054372,0.105130
closed_g64_grade3p0,closed,3.0,89,7,5.741374,0.459803
closed_g64_grade3p0,closed,3.0,89,8,6.428376,0.553260
closed_g64_grade3p0,closed,3.0,89,9,7.115378,0.513854
closed_g64_grade3p0,closed,3.0,89,10,7.802380,0.607791
closed_g64_grade3p0,closed,3.0,89,11,8.489382,0.681319
recycle_g64,recycle,0.0,0,0,0.932360,0.260335
recycle_g64,recycle,0.0,0,1,1.619362,0.250709
recycle_g64,recycle,0.0,0,2,2.306364,0.255398
recycle_g64,recycle,0.0,0,3,2.993366,0.254040
recycle_g64,recycle,0.0,0,4,3.680368,0.255328
recycle_g64,recycle,0.0,0,5,4.367370,0.254394
recycle_g64,recycle,0.0,0,6,5.054372,0.254700
recycle_g64,recycle,0.0,0,7,5.741374,0.254015
recycle_g64,recycle,0.0,0,8,6.428376,0.254739
recycle_g64,recycle,0.0,0,9,7.115378,0.254494
recycle_g64,recycle,0.0,0,10,7.802380,0.252630
recycle_g64,recycle,0.0,0,11,8.489382,0.250499
recycle_g64,recycle,0.0,1,0,0.932360,0.275934
recycle_g64,recycle,0.0,1,1,1.619362,0.244868
recycle_g64,recycle,0.0,1,2,2.306364,0.249007
recycle_g64,recycle,0.0,1,3,2.993366,0.256725
recycle_g64,recycle,0.0,1,4,3.680368,0.250596
recycle_g64,recycle,0.0,1,5,4.367370,0.248866
recycle_g64,recycle,0.0,1,6,5.054372,0.261279
recycle_g64,recycle,0.0,1,7,5.741374,0.247938
recycle_g64,recycle,0.0,1,8,6.428376,0.252119
recycle_g64,recycle,0.0,1,9,7.115378,0.250002
recycle_g64,recycle,0.0,1,10,7.802380,0.247365
recycle_g64,recycle,0.0,1,11,8.489382,0.233382
recycle_g64,recycle,0.0,2,0,0.932360,0.277943
recycle_g64,recycle,0.0,2,1,1.619362,0.240343
recycle_g64,recycle,0.0,2,2,2.306364,0.263799
recycle_g64,recycle,0.0,2,3,2.993366,0.258754
recycle_g64,recycle,0.0,2,4,3.680368,0.254132
recycle_g64,recycle,0.0,2,5,4.367370,0.267648
recycle_g64,recycle,0.0,2,6,5.054372,0.252439
recycle_g64,recycle,0.0,2,7,5.741374,0.260975
recycle_g64,recycle,0.0,2,8,6.428376,0.256823
recycle_g64,recycle,0.0,2,9,7.115378,0.254226
recycle_g64,recycle,0.0,2,10,7.802380,0.252244
recycle_g64,recycle,0.0,2,11,8.489382,0.241321
recycle_g64,recycle,0.0,3,0,0.932360,0.269642
recycle_g64,recycle,0.0,3,1,1.619362,0.238843
recycle_g64,recycle,0.0,3,2,2.306364,0.266966
recycle_g64,recycle,0.0,3,3,2.993366,0.259912
recycle_g64,recycle,0.0,3,4,3.680368,0.269489
recycle_g64,recycle,0.0,3,5,4.367370,0.269190
recycle_g64,recycle,0.0,3,6,5.054372,0.262535
recycle_g64,recycle,0.0,3,7,5.741374,0.270974
recycle_g64,recycle,0.0,3,8,6.428376,0.274196
recycle_g64,recycle,0.0,3,9,7.115378,0.259668
recycle_g64,recycle,0.0,3,10,7.802380,0.263161
recycle_g64,recycle,0.0,3,11,8.489382,0.245746
recycle_g64,recycle,0.0,4,0,0.932360,0.261266
recycle_g64,recycle,0.0,4,1,1.619362,0.237837
recycle_g64,recycle,0.0,4,2,2.306364,0.264028
recycle_g64,recycle,0.0,4,3,2.993366,0.263842
recycle_g64,recycle,0.0,4,4,3.680368,0.276747
recycle_g64,recycle,0.0,4,5,4.367370,0.270124
recycle_g64,recycle,0.0,4,6,5.054372,0.268380
recycle_g64,recycle,0.0,4,7,5.741374,0.277825
recycle_g64,recycle,0.0,4,8,6.428376,0.273187
recycle_g64,recycle,0.0,4,9,7.115378,0.265067
recycle_g64,recycle,0.0,4,10,7.802380,0.267810
recycle_g64,recycle,0.0,4,11,8.489382,0.249380
recycle_g64,recycle,0.0,5,0,0.932360,0.258211
recycle_g64,recycle,0.0,5,1,1.619362,0.237294
recycle_g64,recycle,0.0,5,2,2.306364,0.257515
recycle_g64,recycle,0.0,5,3,2.993366,0.268101
recycle_g64,recycle,0.0,5,4,3.680368,0.281696
recycle_g64,recycle,0.0,5,5,4.367370,0.278885
recycle_g64,recycle,0.0,5,6,5.054372,0.262150
recycle_g64,recycle,0.0,5,7,5.741374,0.285520
recycle_g64,recycle,0.0,5,8,6.428376,0.259781
recycle_g64,recycle,0.0,5,9,7.115378,0.261314
recycle_g64,recycle,0.0,5,10,7.802380,0.275524
recycle_g64,recycle,0.0,5,11,8.489382,0.261196
recycle_g64,recycle,0.0,6,0,0.932360,0.254659
recycle_g64,recycle,0.0,6,1,1.619362,0.232503
recycle_g64,recycle,0.0,6,2,2.306364,0.261770
recycle_g64,recycle,0.0,6,3,2.993366,0.281535
recycle_g64,recycle,0.0,6,4,3.680368,0.271657
recycle_g64,recycle,0.0,6,5,4.367370,0.272593
recycle_g64,recycle,0.0,6,6,5.054372,0.270685
recycle_g64,recycle,0.0,6,7,5.741374,0.277699
recycle_g64,recycle,0.0,6,8,6.428376,0.261086
recycle_g64,recycle,0.0,6,9,7.115378,0.268232
recycle_g64,recycle,0.0,6,10,7.802380,0.264610
recycle_g64,recycle,0.0,6,11,8.489382,0.273980
recycle_g64,recycle,0.0,7,0,0.932360,0.254384
recycle_g64,recycle,0.0,7,1,1.619362,0.227888
recycle_g64,recycle,0.0,7,2,2.306364,0.267233
recycle_g64,recycle,0.0,7,3,2.993366,0.284275
recycle_g64,recycle,0.0,7,4,3.680368,0.281235
recycle_g64,recycle,0.0,7,5,4.367370,0.270331
recycle_g64,recycle,0.0,7,6,5.054372,0.276042
recycle_g64,recycle,0.0,7,7,5.741374,0.289584
recycle_g64,recycle,0.0,7,8,6.428376,0.267827
recycle_g64,recycle,0.0,7,9,7.115378,0.270879
recycle_g64,recycle,0.0,7,10,7.802380,0.270097
recycle_g64,recycle,0.0,7,11,8.489382,0.284204
recycle_g64,recycle,0.0,8,0,0.932360,0.256044
recycle_g64,recycle,0.0,8,1,1.619362,0.231018
recycle_g64,recycle,0.0,8,2,2.306364,0.267196
recycle_g64,recycle,0.0,8,3,2.993366,0.287925
recycle_g64,recycle,0.0,8,4,3.680368,0.284151
recycle_g64,recycle,0.0,8,5,4.367370,0.277158
recycle_g64,recycle,0.0,8,6,5.054372,0.279123
recycle_g64,recycle,0.0,8,7,5.741374,0.284351
recycle_g64,recycle,0.0,8,8,6.428376,0.273315
recycle_g64,recycle,0.0,8,9,7.115378,0.278232
recycle_g64,recycle,0.0,8,10,7.802380,0.271867
recycle_g64,recycle,0.0,8,11,8.489382,0.285451
recycle_g64,recycle,0.0,9,0,0.932360,0.269823
recycle_g64,recycle,0.0,9,1,1.619362,0.221225
recycle_g64,recycle,0.0,9,2,2.306364,0.263785
recycle_g64,recycle,0.0,9,3,2.993366,0.290757
recycle_g64,recycle,0.0,9,4,3.680368,0.288394
recycle_g64,recycle,0.0,9,5,4.367370,0.281423
recycle_g64,recycle,0.0,9,6,5.054372,0.294064
recycle_g64,recycle,0.0,9,7,5.741374,0.285714
recycle_g64,recycle,0.0,9,8,6.428376,0.275415
recycle_g64,recycle,0.0,9,9,7.115378,0.281475
recycle_g64,recycle,0.0,9,10,7.802380,0.272120
recycle_g64,recycle,0.0,9,11,8.489382,0.292618
recycle_g64,recycle,0.0,10,0,0.932360,0.277043
recycle_g64,recycle,0.0,10,1,1.619362,0.211490
recycle_g64,recycle,0.0,10,2,2.306364,0.266051
recycle_g64,recycle,0.0,10,3,2.993366,0.282258
recycle_g64,recycle,0.0,10,4,3.680368,0.297032
recycle_g64,recycle,0.0,10,5,4.367370,0.297272
recycle_g64,recycle,0.0,10,6,5.054372,0.289330
recycle_g64,recycle,0.0,10,7,5.741374,0.303310
recycle_g64,recycle,0.0,10,8,6.428376,0.276133
recycle_g64,recycle,0.0,10,9,7.115378,0.280541
recycle_g64,recycle,0.0,10,10,7.802380,0.279512
recycle_g64,recycle,0.0,10,11,8.489382,0.292323
recycle_g64,recycle,0.0,11,0,0.932360,0.274500
recycle_g64,recycle,0.0,11,1,1.619362,0.210881
recycle_g64,recycle,0.0,11,2,2.306364,0.259297
recycle_g64,recycle,0.0,11,3,2.993366,0.289623
recycle_g64,recycle,0.0,11,4,3.680368,0.300655
recycle_g64,recycle,0.0,11,5,4.367370,0.310065
recycle_g64,recycle,0.0,11,6,5.054372,0.286627
recycle_g64,recycle,0.0,11,7,5.741374,0.313190
recycle_g64,recycle,0.0,11,8,6.428376,0.306010
recycle_g64,recycle,0.0,11,9,7.115378,0.314801
recycle_g64,recycle,0.0,11,10,7.802380,0.300883
recycle_g64,recycle,0.0,11,11,8.489382,0.289405
recycle_g64,recycle,0.0,12,0,0.932360,0.272458
recycle_g64,recycle,0.0,12,1,1.619362,0.213937
recycle_g64,recycle,0.0,12,2,2.306364,0.265631
recycle_g64,recycle,0.0,12,3,2.993366,0.282048
recycle_g64,recycle,0.0,12,4,3.680368,0.302030
recycle_g64,recycle,0.0,12,5,4.367370,0.295905
recycle_g64,recycle,0.0,12,6,5.054372,0.309438
recycle_g64,recycle,0.0,12,7,5.741374,0.314477
recycle_g64,recycle,0.0,12,8,6.428376,0.295101
recycle_g64,recycle,0.0,12,9,7.115378,0.288580
recycle_g64,recycle,0.0,12,10,7.802380,0.303346
recycle_g64,recycle,0.0,12,11,8.489382,0.303478
recycle_g64,recycle,0.0,13,0,0.932360,0.274779
recycle_g64,recycle,0.0,13,1,1.619362,0.240094
recycle_g64,recycle,0.0,13,2,2.306364,0.252228
recycle_g64,recycle,0.0,13,3,2.993366,0.274142
recycle_g64,recycle,0.0,13,4,3.680368,0.306923
recycle_g64,recycle,0.0,13,5,4.367370,0.291295
recycle_g64,recycle,0.0,13,6,5.054372,0.289445
recycle_g64,recycle,0.0,13,7,5.741374,0.313623
recycle_g64,recycle,0.0,13,8,6.428376,0.307402
recycle_g64,recycle,0.0,13,9,7.115378,0.281613
recycle_g64,recycle,0.0,13,10,7.802380,0.298403
recycle_g64,recycle,0.0,13,11,8.489382,0.310189
recycle_g64,recycle,0.0,14,0,0.932360,0.285235
recycle_g64,recycle,0.0,14,1,1.619362,0.244396
recycle_g64,recycle,0.0,14,2,2.306364,0.247814
recycle_g64,recycle,0.0,14,3,2.993366,0.275884
recycle_g64,recycle,0.0,14,4,3.680368,0.296163
recycle_g64,recycle,0.0,14,5,4.367370,0.293684
recycle_g64,recycle,0.0,14,6,5.054372,0.294907
recycle_g64,recycle,0.0,14,7,5.741374,0.297495
recycle_g64,recycle,0.0,14,8,6.428376,0.293290
recycle_g64,recycle,0.0,14,9,7.115378,0.320235
recycle_g64,recycle,0.0,14,10,7.802380,0.278228
recycle_g64,recycle,0.0,14,11,8.489382,0.298503
recycle_g64,recycle,0.0,15,0,0.932360,0.292533
recycle_g64,recycle,0.0,15,1,1.619362,0.246454
recycle_g64,recycle,0.0,15,2,2.306364,0.245134
recycle_g64,recycle,0.0,15,3,2.993366,0.277134
recycle_g64,recycle,0.0,15,4,3.680368,0.297271
recycle_g64,recycle,0.0,15,5,4.367370,0.296800
recycle_g64,recycle,0.0,15,6,5.054372,0.284698
recycle_g64,recycle,0.0,15,7,5.741374,0.316119
recycle_g64,recycle,0.0,15,8,6.428376,0.291706
recycle_g64,recycle,0.0,15,9,7.115378,0.281909
recycle_g64,recycle,0.0,15,10,7.802380,0.298581
recycle_g64,recycle,0.0,15,11,8.489382,0.309574
recycle_g64,recycle,0.0,16,0,0.932360,0.284910
recycle_g64,recycle,0.0,16,1,1.619362,0.249936
recycle_g64,recycle,0.0,16,2,2.306364,0.245308
recycle_g64,recycle,0.0,16,3,2.993366,0.272825
recycle_g64,recycle,0.0,16,4,3.680368,0.295532
recycle_g64,recycle,0.0,16,5,4.367370,0.295384
recycle_g64,recycle,0.0,16,6,5.054372,0.320637
recycle_g64,recycle,0.0,16,7,5.741374,0.281922
recycle_g64,recycle,0.0,16,8,6.428376,0.311822
recycle_g64,recycle,0.0,16,9,7.115378,0.282309
recycle_g64,recycle,0.0,16,10,7.802380,0.283619
recycle_g64,recycle,0.0,16,11,8.489382,0.310064
recycle_g64,recycle,0.0,17,0,0.932360,0.280987
recycle_g64,recycle,0.0,17,1,1.619362,0.251697
recycle_g64,recycle,0.0,17,2,2.306364,0.236493
recycle_g64,recycle,0.0,17,3,2.993366,0.269973
recycle_g64,recycle,0.0,17,4,3.680368,0.299892
recycle_g64,recycle,0.0,17,5,4.367370,0.296421
recycle_g64,recycle,0.0,17,6,5.054372,0.287414
recycle_g64,recycle,0.0,17,7,5.741374,0.323970
recycle_g64,recycle,0.0,17,8,6.428376,0.300234
recycle_g64,recycle,0.0,17,9,7.115378,0.283250
recycle_g64,recycle,0.0,17,10,7.802380,0.277811
recycle_g64,recycle,0.0,17,11,8.489382,0.318549
recycle_g64,recycle,0.0,18,0,0.932360,0.281779
recycle_g64,recycle,0.0,18,1,1.619362,0.254138
recycle_g64,recycle,0.0,18,2,2.306364,0.234758
recycle_g64,recycle,0.0,18,3,2.993366,0.270477
recycle_g64,recycle,0.0,18,4,3.680368,0.312777
recycle_g64,recycle,0.0,18,5,4.367370,0.288787
recycle_g64,recycle,0.0,18,6,5.054372,0.317373
recycle_g64,recycle,0.0,18,7,5.741374,0.304850
recycle_g64,recycle,0.0,18,8,6.428376,0.296903
recycle_g64,recycle,0.0,18,9,7.115378,0.282105
recycle_g64,recycle,0.0,18,10,7.802380,0.290940
recycle_g64,recycle,0.0,18,11,8.489382,0.322681
recycle_g64,recycle,0.0,19,0,0.932360,0.286254
recycle_g64,recycle,0.0,19,1,1.619362,0.256843
recycle_g64,recycle,0.0,19,2,2.306364,0.229431
recycle_g64,recycle,0.0,19,3,2.993366,0.267163
recycle_g64,recycle,0.0,19,4,3.680368,0.291340
recycle_g64,recycle,0.0,19,5,4.367370,0.298687
recycle_g64,recycle,0.0,19,6,5.054372,0.291259
recycle_g64,recycle,0.0,19,7,5.741374,0.323239
recycle_g64,recycle,0.0,19,8,6.428376,0.296949
recycle_g64,recycle,0.0,19,9,7.115378,0.310314
recycle_g64,recycle,0.0,19,10,7.802380,0.305461
recycle_g64,recycle,0.0,19,11,8.489382,0.317734
recycle_g64,recycle,0.0,20,0,0.932360,0.288712
recycle_g64,recycle,0.0,20,1,1.619362,0.259830
recycle_g64,recycle,0.0,20,2,2.306364,0.230510
recycle_g64,recycle,0.0,20,3,2.993366,0.249531
recycle_g64,recycle,0.0,20,4,3.680368,0.274206
recycle_g64,recycle,0.0,20,5,4.367370,0.301433
recycle_g64,recycle,0.0,20,6,5.054372,0.293128
recycle_g64,recycle,0.0,20,7,5.741374,0.311946
recycle_g64,recycle,0.0,20,8,6.428376,0.315776
recycle_g64,recycle,0.0,20,9,7.115378,0.319872
recycle_g64,recycle,0.0,20,10,7.802380,0.278013
recycle_g64,recycle,0.0,20,11,8.489382,0.317117
recycle_g64,recycle,0.0,21,0,0.932360,0.287794
recycle_g64,recycle,0.0,21,1,1.619362,0.261687
recycle_g64,recycle,0.0,21,2,2.306364,0.231881
recycle_g64,recycle,0.0,21,3,2.993366,0.241675
recycle_g64,recycle,0.0,21,4,3.680368,0.273559
recycle_g64,recycle,0.0,21,5,4.367370,0.298758
recycle_g64,recycle,0.0,21,6,5.054372,0.312411
recycle_g64,recycle,0.0,21,7,5.741374,0.308384
recycle_g64,recycle,0.0,21,8,6.428376,0.317903
recycle_g64,recycle,0.0,21,9,7.115378,0.279917
recycle_g64,recycle,0.0,21,10,7.802380,0.301605
recycle_g64,recycle,0.0,21,11,8.489382,0.312231
recycle_g64,recycle,0.0,22,0,0.932360,0.285295
recycle_g64,recycle,0.0,22,1,1.619362,0.261279
recycle_g64,recycle,0.0,22,2,2.306364,0.229618
recycle_g64,recycle,0.0,22,3,2.993366,0.242340
recycle_g64,recycle,0.0,22,4,3.680368,0.269977
recycle_g64,recycle,0.0,22,5,4.367370,0.297018
recycle_g64,recycle,0.0,22,6,5.054372,0.295315
recycle_g64,recycle,0.0,22,7,5.741374,0.303685
recycle_g64,recycle,0.0,22,8,6.428376,0.311277
recycle_g64,recycle,0.0,22,9,7.115378,0.316806
recycle_g64,recycle,0.0,22,10,7.802380,0.275392
recycle_g64,recycle,0.0,22,11,8.489382,0.317308
recycle_g64,recycle,0.0,23,0,0.932360,0.286424
recycle_g64,recycle,0.0,23,1,1.619362,0.262533
recycle_g64,recycle,0.0,23,2,2.306364,0.228592
recycle_g64,recycle,0.0,23,3,2.993366,0.240900
recycle_g64,recycle,0.0,23,4,3.680368,0.267097
recycle_g64,recycle,0.0,23,5,4.367370,0.296833
recycle_g64,recycle,0.0,23,6,5.054372,0.284904
recycle_g64,recycle,0.0,23,7,5.741374,0.318407
recycle_g64,recycle,0.0,23,8,6.428376,0.305495
recycle_g64,recycle,0.0,23,9,7.115378,0.286610
recycle_g64,recycle,0.0,23,10,7.802380,0.316050
recycle_g64,recycle,0.0,23,11,8.489382,0.296531
recycle_g64,recycle,0.0,24,0,0.932360,0.295934
recycle_g64,recycle,0.0,24,1,1.619362,0.260773
recycle_g64,recycle,0.0,24,2,2.306364,0.233265
recycle_g64,recycle,0.0,24,3,2.993366,0.236627
recycle_g64,recycle,0.0,24,4,3.680368,0.262894
recycle_g64,recycle,0.0,24,5,4.367370,0.294229
recycle_g64,recycle,0.0,24,6,5.054372,0.297657
recycle_g64,recycle,0.0,24,7,5.741374,0.287204
recycle_g64,recycle,0.0,24,8,6.428376,0.291253
recycle_g64,recycle,0.0,24,9,7.115378,0.320550
recycle_g64,recycle,0.0,24,10,7.802380,0.275434
recycle_g64,recycle,0.0,24,11,8.489382,0.314590
recycle_g64,recycle,0.0,25,0,0.932360,0.294348
recycle_g64,recycle,0.0,25,1,1.619362,0.255205
recycle_g64,recycle,0.0,25,2,2.306364,0.256486
recycle_g64,recycle,0.0,25,3,2.993366,0.238573
recycle_g64,recycle,0.0,25,4,3.680368,0.261468
recycle_g64,recycle,0.0,25,5,4.367370,0.297402
recycle_g64,recycle,0.0,25,6,5.054372,0.294599
recycle_g64,recycle,0.0,25,7,5.741374,0.323063
recycle_g64,recycle,0.0,25,8,6.428376,0.287405
recycle_g64,recycle,0.0,25,9,7.115378,0.312961
recycle_g64,recycle,0.0,25,10,7.802380,0.294253
recycle_g64,recycle,0.0,25,11,8.489382,0.313431
recycle_g64,recycle,0.0,26,0,0.932360,0.302953
recycle_g64,recycle,0.0,26,1,1.619362,0.255069
recycle_g64,recycle,0.0,26,2,2.306364,0.256907
recycle_g64,recycle,0.0,26,3,2.993366,0.229020
recycle_g64,recycle,0.0,26,4,3.680368,0.261121
recycle_g64,recycle,0.0,26,5,4.367370,0.303685
recycle_g64,recycle,0.0,26,6,5.054372,0.294547
recycle_g64,recycle,0.0,26,7,5.741374,0.305798
recycle_g64,recycle,0.0,26,8,6.428376,0.311724
recycle_g64,recycle,0.0,26,9,7.115378,0.291230
recycle_g64,recycle,0.0,26,10,7.802380,0.301057
recycle_g64,recycle,0.0,26,11,8.489382,0.314038
recycle_g64,recycle,0.0,27,0,0.932360,0.297893
recycle_g64,recycle,0.0,27,1,1.619362,0.247785
recycle_g64,recycle,0.0,27,2,2.306364,0.261187
recycle_g64,recycle,0.0,27,3,2.993366,0.228298
recycle_g64,recycle,0.0,27,4,3.680368,0.256239
recycle_g64,recycle,0.0,27,5,4.367370,0.303346
recycle_g64,recycle,0.0,27,6,5.054372,0.290448
recycle_g64,recycle,0.0,27,7,5.741374,0.306720
recycle_g64,recycle,0.0,27,8,6.428376,0.325871
recycle_g64,recycle,0.0,27,9,7.115378,0.290409
recycle_g64,recycle,0.0,27,10,7.802380,0.303440
recycle_g64,recycle,0.0,27,11,8.489382,0.312201
recycle_g64,recycle,0.0,28,0,0.932360,0.301190
recycle_g64,recycle,0.0,28,1,1.619362,0.234064
recycle_g64,recycle,0.0,28,2,2.306364,0.257729
recycle_g64,recycle,0.0,28,3,2.993366,0.228316
recycle_g64,recycle,0.0,28,4,3.680368,0.255256
recycle_g64,recycle,0.0,28,5,4.367370,0.277982
recycle_g64,recycle,0.0,28,6,5.054372,0.289643
recycle_g64,recycle,0.0,28,7,5.741374,0.304569
recycle_g64,recycle,0.0,28,8,6.428376,0.323109
recycle_g64,recycle,0.0,28,9,7.115378,0.290248
recycle_g64,recycle,0.0,28,10,7.802380,0.311152
recycle_g64,recycle,0.0,28,11,8.489382,0.314140
recycle_g64,recycle,0.0,29,0,0.932360,0.298846
recycle_g64,recycle,0.0,29,1,1.619362,0.240603
recycle_g64,recycle,0.0,29,2,2.306364,0.256654
recycle_g64,recycle,0.0,29,3,2.993366,0.227749
recycle_g64,recycle,0.0,29,4,3.680368,0.254632
recycle_g64,recycle,0.0,29,5,4.367370,0.259494
recycle_g64,recycle,0.0,29,6,5.054372,0.294045
recycle_g64,recycle,0.0,29,7,5.741374,0.287126
recycle_g64,recycle,0.0,29,8,6.428376,0.308428
recycle_g64,recycle,0.0,29,9,7.115378,0.296870
recycle_g64,recycle,0.0,29,10,7.802380,0.312254
recycle_g64,recycle,0.0,29,11,8.489382,0.314987
recycle_g64,recycle,0.0,30,0,0.932360,0.292703
recycle_g64,recycle,0.0,30,1,1.619362,0.241992
recycle_g64,recycle,0.0,30,2,2.306364,0.255176
recycle_g64,recycle,0.0,30,3,2.993366,0.225387
recycle_g64,recycle,0.0,30,4,3.680368,0.257511
recycle_g64,recycle,0.0,30,5,4.367370,0.257524
recycle_g64,recycle,0.0,30,6,5.054372,0.293610
recycle_g64,recycle,0.0,30,7,5.741374,0.301222
recycle_g64,recycle,0.0,30,8,6.428376,0.302988
recycle_g64,recycle,0.0,30,9,7.115378,0.316018
recycle_g64,recycle,0.0,30,10,7.802380,0.287447
recycle_g64,recycle,0.0,30,11,8.489382,0.316843
recycle_g64,recycle,0.0,31,0,0.932360,0.301065
recycle_g64,recycle,0.0,31,1,1.619362,0.250680
recycle_g64,recycle,0.0,31,2,2.306364,0.252910
recycle_g64,recycle,0.0,31,3,2.993366,0.227328
recycle_g64,recycle,0.0,31,4,3.680368,0.238256
recycle_g64,recycle,0.0,31,5,4.367370,0.259082
recycle_g64,recycle,0.0,31,6,5.054372,0.292692
recycle_g64,recycle,0.0,31,7,5.741374,0.298256
recycle_g64,recycle,0.0,31,8,6.428376,0.285955
recycle_g64,recycle,0.0,31,9,7.115378,0.294841
recycle_g64,recycle,0.0,31,10,7.802380,0.304654
recycle_g64,recycle,0.0,31,11,8.489382,0.318494
recycle_g64,recycle,0.0,32,0,0.932360,0.297016
recycle_g64,recycle,0.0,32,1,1.619362,0.243558
recycle_g64,recycle,0.0,32,2,2.306364,0.265954
recycle_g64,recycle,0.0,32,3,2.993366,0.232012
recycle_g64,recycle,0.0,32,4,3.680368,0.234733
recycle_g64,recycle,0.0,32,5,4.367370,0.256557
recycle_g64,recycle,0.0,32,6,5.054372,0.274126
recycle_g64,recycle,0.0,32,7,5.741374,0.290043
recycle_g64,recycle,0.0,32,8,6.428376,0.317542
recycle_g64,recycle,0.0,32,9,7.115378,0.316885
recycle_g64,recycle,0.0,32,10,7.802380,0.283556
recycle_g64,recycle,0.0,32,11,8.489382,0.318122
recycle_g64,recycle,0.0,33,0,0.932360,0.299279
recycle_g64,recycle,0.0,33,1,1.619362,0.245610
recycle_g64,recycle,0.0,33,2,2.306364,0.265402
recycle_g64,recycle,0.0,33,3,2.993366,0.228189
recycle_g64,recycle,0.0,33,4,3.680368,0.230147
recycle_g64,recycle,0.0,33,5,4.367370,0.253134
recycle_g64,recycle,0.0,33,6,5.054372,0.290160
recycle_g64,recycle,0.0,33,7,5.741374,0.290473
recycle_g64,recycle,0.0,33,8,6.428376,0.285421
recycle_g64,recycle,0.0,33,9,7.115378,0.283767
recycle_g64,recycle,0.0,33,10,7.802380,0.314195
recycle_g64,recycle,0.0,33,11,8.489382,0.317296
recycle_g64,recycle,0.0,34,0,0.932360,0.298912
recycle_g64,recycle,0.0,34,1,1.619362,0.246010
recycle_g64,recycle,0.0,34,2,2.306364,0.273983
recycle_g64,recycle,0.0,34,3,2.993366,0.242947
recycle_g64,recycle,0.0,34,4,3.680368,0.229447
recycle_g64,recycle,0.0,34,5,4.367370,0.249780
recycle_g64,recycle,0.0,34,6,5.054372,0.282143
recycle_g64,recycle,0.0,34,7,5.741374,0.288546
recycle_g64,recycle,0.0,34,8,6.428376,0.317634
recycle_g64,recycle,0.0,34,9,7.115378,0.286816
recycle_g64,recycle,0.0,34,10,7.802380,0.311190
recycle_g64,recycle,0.0,34,11,8.489382,0.311971
recycle_g64,recycle,0.0,35,0,0.932360,0.296696
recycle_g64,recycle,0.0,35,1,1.619362,0.244831
recycle_g64,recycle,0.0,35,2,2.306364,0.273874
recycle_g64,recycle,0.0,35,3,2.993366,0.227408
recycle_g64,recycle,0.0,35,4,3.680368,0.237052
recycle_g64,recycle,0.0,35,5,4.367370,0.246616
recycle_g64,recycle,0.0,35,6,5.054372,0.282869
recycle_g64,recycle,0.0,35,7,5.741374,0.287548
recycle_g64,recycle,0.0,35,8,6.428376,0.317129
recycle_g64,recycle,0.0,35,9,7.115378,0.299107
recycle_g64,recycle,0.0,35,10,7.802380,0.295466
recycle_g64,recycle,0.0,35,11,8.489382,0.318967
recycle_g64,recycle,0.0,36,0,0.932360,0.290987
recycle_g64,recycle,0.0,36,1,1.619362,0.250988
recycle_g64,recycle,0.0,36,2,2.306364,0.267521
recycle_g64,recycle,0.0,36,3,2.993366,0.231897
recycle_g64,recycle,0.0,36,4,3.680368,0.230999
recycle_g64,recycle,0.0,36,5,4.367370,0.245080
recycle_g64,recycle,0.0,36,6,5.054372,0.284015
recycle_g64,recycle,0.0,36,7,5.741374,0.286897
recycle_g64,recycle,0.0,36,8,6.428376,0.285291
recycle_g64,recycle,0.0,36,9,7.115378,0.320506
recycle_g64,recycle,0.0,36,10,7.802380,0.279106
recycle_g64,recycle,0.0,36,11,8.489382,0.319658
recycle_g64,recycle,0.0,37,0,0.932360,0.299707
recycle_g64,recycle,0.0,37,1,1.619362,0.250467
recycle_g64,recycle,0.0,37,2,2.306364,0.274842
recycle_g64,recycle,0.0,37,3,2.993366,0.227072
recycle_g64,recycle,0.0,37,4,3.680368,0.230071
recycle_g64,recycle,0.0,37,5,4.367370,0.244066
recycle_g64,recycle,0.0,37,6,5.054372,0.264355
recycle_g64,recycle,0.0,37,7,5.741374,0.286016
recycle_g64,recycle,0.0,37,8,6.428376,0.285232
recycle_g64,recycle,0.0,37,9,7.115378,0.319207
recycle_g64,recycle,0.0,37,10,7.802380,0.284419
recycle_g64,recycle,0.0,37,11,8.489382,0.319632
recycle_g64,recycle,0.0,38,0,0.932360,0.295283
recycle_g64,recycle,0.0,38,1,1.619362,0.253403
recycle_g64,recycle,0.0,38,2,2.306364,0.271674
recycle_g64,recycle,0.0,38,3,2.993366,0.243052
recycle_g64,recycle,0.0,38,4,3.680368,0.235111
recycle_g64,recycle,0.0,38,5,4.367370,0.242754
recycle_g64,recycle,0.0,38,6,5.054372,0.271827
recycle_g64,recycle,0.0,38,7,5.741374,0.285073
recycle_g64,recycle,0.0,38,8,6.428376,0.280818
recycle_g64,recycle,0.0,38,9,7.115378,0.306196
recycle_g64,recycle,0.0,38,10,7.802380,0.302128
recycle_g64,recycle,0.0,38,11,8.489382,0.320271
recycle_g64,recycle,0.0,39,0,0.932360,0.292082
recycle_g64,recycle,0.0,39,1,1.619362,0.256829
recycle_g64,recycle,0.0,39,2,2.306364,0.272231
recycle_g64,recycle,0.0,39,3,2.993366,0.240656
recycle_g64,recycle,0.0,39,4,3.680368,0.224995
recycle_g64,recycle,0.0,39,5,4.367370,0.244350
recycle_g64,recycle,0.0,39,6,5.054372,0.250130
recycle_g64,recycle,0.0,39,7,5.741374,0.284203
recycle_g64,recycle,0.0,39,8,6.428376,0.302249
recycle_g64,recycle,0.0,39,9,7.115378,0.276689
recycle_g64,recycle,0.0,39,10,7.802380,0.317358
recycle_g64,recycle,0.0,39,11,8.489382,0.315097
recycle_g64,recycle,0.0,40,0,0.932360,0.299082
recycle_g64,recycle,0.0,40,1,1.619362,0.258761
recycle_g64,recycle,0.0,40,2,2.306364,0.272130
recycle_g64,recycle,0.0,40,3,2.993366,0.250218
recycle_g64,recycle,0.0,40,4,3.680368,0.224543
recycle_g64,recycle,0.0,40,5,4.367370,0.242567
recycle_g64,recycle,0.0,40,6,5.054372,0.244087
recycle_g64,recycle,0.0,40,7,5.741374,0.282441
recycle_g64,recycle,0.0,40,8,6.428376,0.304978
recycle_g64,recycle,0.0,40,9,7.115378,0.284226
recycle_g64,recycle,0.0,40,10,7.802380,0.286815
recycle_g64,recycle,0.0,40,11,8.489382,0.326159
recycle_g64,recycle,0.0,41,0,0.932360,0.296117
recycle_g64,recycle,0.0,41,1,1.619362,0.259524
recycle_g64,recycle,0.0,41,2,2.306364,0.271435
recycle_g64,recycle,0.0,41,3,2.993366,0.248302
recycle_g64,recycle,0.0,41,4,3.680368,0.225222
recycle_g64,recycle,0.0,41,5,4.367370,0.242625
recycle_g64,recycle,0.0,41,6,5.054372,0.242683
recycle_g64,recycle,0.0,41,7,5.741374,0.269610
recycle_g64,recycle,0.0,41,8,6.428376,0.290275
recycle_g64,recycle,0.0,41,9,7.115378,0.283069
recycle_g64,recycle,0.0,41,10,7.802380,0.286346
recycle_g64,recycle,0.0,41,11,8.489382,0.324592
recycle_g64,recycle,0.0,42,0,0.932360,0.306136
recycle_g64,recycle,0.0,42,1,1.619362,0.263329
recycle_g64,recycle,0.0,42,2,2.306364,0.270999
recycle_g64,recycle,0.0,42,3,2.993366,0.248516
recycle_g64,recycle,0.0,42,4,3.680368,0.226312
recycle_g64,recycle,0.0,42,5,4.367370,0.241036
recycle_g64,recycle,0.0,42,6,5.054372,0.241736
recycle_g64,recycle,0.0,42,7,5.741374,0.269582
recycle_g64,recycle,0.0,42,8,6.428376,0.273812
recycle_g64,recycle,0.0,42,9,7.115378,0.312806
recycle_g64,recycle,0.0,42,10,7.802380,0.283342
recycle_g64,recycle,0.0,42,11,8.489382,0.326383
recycle_g64,recycle,0.0,43,0,0.932360,0.298634
recycle_g64,recycle,0.0,43,1,1.619362,0.266370
recycle_g64,recycle,0.0,43,2,2.306364,0.273374
recycle_g64,recycle,0.0,43,3,2.993366,0.243306
recycle_g64,recycle,0.0,43,4,3.680368,0.226203
recycle_g64,recycle,0.0,43,5,4.367370,0.241063
recycle_g64,recycle,0.0,43,6,5.054372,0.239434
recycle_g64,recycle,0.0,43,7,5.741374,0.279009
recycle_g64,recycle,0.0,43,8,6.428376,0.273615
recycle_g64,recycle,0.0,43,9,7.115378,0.311737
recycle_g64,recycle,0.0,43,10,7.802380,0.287012
recycle_g64,recycle,0.0,43,11,8.489382,0.324138
recycle_g64,recycle,0.0,44,0,0.932360,0.297007
recycle_g64,recycle,0.0,44,1,1.619362,0.271342
recycle_g64,recycle,0.0,44,2,2.306364,0.265254
recycle_g64,recycle,0.0,44,3,2.993366,0.251543
recycle_g64,recycle,0.0,44,4,3.680368,0.225999
recycle_g64,recycle,0.0,44,5,4.367370,0.236876
recycle_g64,recycle,0.0,44,6,5.054372,0.238955
recycle_g64,recycle,0.0,44,7,5.741374,0.270656
recycle_g64,recycle,0.0,44,8,6.428376,0.277161
recycle_g64,recycle,0.0,44,9,7.115378,0.285749
recycle_g64,recycle,0.0,44,10,7.802380,0.315213
recycle_g64,recycle,0.0,44,11,8.489382,0.321328
recycle_g64,recycle,0.0,45,0,0.932360,0.298294
recycle_g64,recycle,0.0,45,1,1.619362,0.265162
recycle_g64,recycle,0.0,45,2,2.306364,0.275054
recycle_g64,recycle,0.0,45,3,2.993366,0.249498
recycle_g64,recycle,0.0,45,4,3.680368,0.236346
recycle_g64,recycle,0.0,45,5,4.367370,0.236658
recycle_g64,recycle,0.0,45,6,5.054372,0.237628
recycle_g64,recycle,0.0,45,7,5.741374,0.262458
recycle_g64,recycle,0.0,45,8,6.428376,0.273277
recycle_g64,recycle,0.0,45,9,7.115378,0.288767
recycle_g64,recycle,0.0,45,10,7.802380,0.311833
recycle_g64,recycle,0.0,45,11,8.489382,0.320441
recycle_g64,recycle,0.0,46,0,0.932360,0.298721
recycle_g64,recycle,0.0,46,1,1.619362,0.256598
recycle_g64,recycle,0.0,46,2,2.306364,0.272138
recycle_g64,recycle,0.0,46,3,2.993366,0.260820
recycle_g64,recycle,0.0,46,4,3.680368,0.236188
recycle_g64,recycle,0.0,46,5,4.367370,0.232289
recycle_g64,recycle,0.0,46,6,5.054372,0.236286
recycle_g64,recycle,0.0,46,7,5.741374,0.260144
recycle_g64,recycle,0.0,46,8,6.428376,0.272728
recycle_g64,recycle,0.0,46,9,7.115378,0.290361
recycle_g64,recycle,0.0,46,10,7.802380,0.296722
recycle_g64,recycle,0.0,46,11,8.489382,0.319394
recycle_g64,recycle,0.0,47,0,0.932360,0.298516
recycle_g64,recycle,0.0,47,1,1.619362,0.251333
recycle_g64,recycle,0.0,47,2,2.306364,0.275953
recycle_g64,recycle,0.0,47,3,2.993366,0.259017
recycle_g64,recycle,0.0,47,4,3.680368,0.244256
recycle_g64,recycle,0.0,47,5,4.367370,0.230088
recycle_g64,recycle,0.0,47,6,5.054372,0.234962
recycle_g64,recycle,0.0,47,7,5.741374,0.256336
recycle_g64,recycle,0.0,47,8,6.428376,0.272004
recycle_g64,recycle,0.0,47,9,7.115378,0.275306
recycle_g64,recycle,0.0,47,10,7.802380,0.305096
recycle_g64,recycle,0.0,47,11,8.489382,0.320094
recycle_g64,recycle,0.0,48,0,0.932360,0.296501
recycle_g64,recycle,0.0,48,1,1.619362,0.254190
recycle_g64,recycle,0.0,48,2,2.306364,0.271436
recycle_g64,recycle,0.0,48,3,2.993366,0.256753
recycle_g64,recycle,0.0,48,4,3.680368,0.237191
recycle_g64,recycle,0.0,48,5,4.367370,0.237282
recycle_g64,recycle,0.0,48,6,5.054372,0.232867
recycle_g64,recycle,0.0,48,7,5.741374,0.267186
recycle_g64,recycle,0.0,48,8,6.428376,0.266901
recycle_g64,recycle,0.0,48,9,7.115378,0.274434
recycle_g64,recycle,0.0,48,10,7.802380,0.306135
recycle_g64,recycle,0.0,48,11,8.489382,0.328195
recycle_g64,recycle,0.0,49,0,0.932360,0.301657
recycle_g64,recycle,0.0,49,1,1.619362,0.256449
recycle_g64,recycle,0.0,49,2,2.306364,0.275444
recycle_g64,recycle,0.0,49,3,2.993366,0.259284
recycle_g64,recycle,0.0,49,4,3.680368,0.232251
recycle_g64,recycle,0.0,49,5,4.367370,0.236024
recycle_g64,recycle,0.0,49,6,5.054372,0.233669
recycle_g64,recycle,0.0,49,7,5.741374,0.249778
recycle_g64,recycle,0.0,49,8,6.428376,0.267678
recycle_g64,recycle,0.0,49,9,7.115378,0.267925
recycle_g64,recycle,0.0,49,10,7.802380,0.305159
recycle_g64,recycle,0.0,49,11,8.489382,0.330177
recycle_g64,recycle,0.0,50,0,0.932360,0.299424
recycle_g64,recycle,0.0,50,1,1.619362,0.254297
recycle_g64,recycle,0.0,50,2,2.306364,0.279409
recycle_g64,recycle,0.0,50,3,2.993366,0.258807
recycle_g64,recycle,0.0,50,4,3.680368,0.232706
recycle_g64,recycle,0.0,50,5,4.367370,0.236205
recycle_g64,recycle,0.0,50,6,5.054372,0.233204
recycle_g64,recycle,0.0,50,7,5.741374,0.244443
recycle_g64,recycle,0.0,50,8,6.428376,0.265528
recycle_g64,recycle,0.0,50,9,7.115378,0.273889
recycle_g64,recycle,0.0,50,10,7.802380,0.286732
recycle_g64,recycle,0.0,50,11,8.489382,0.326680
recycle_g64,recycle,0.0,51,0,0.932360,0.300565
recycle_g64,recycle,0.0,51,1,1.619362,0.250047
recycle_g64,recycle,0.0,51,2,2.306364,0.284839
recycle_g64,recycle,0.0,51,3,2.993366,0.260897
recycle_g64,recycle,0.0,51,4,3.680368,0.241611
recycle_g64,recycle,0.0,51,5,4.367370,0.230826
recycle_g64,recycle,0.0,51,6,5.054372,0.232767
recycle_g64,recycle,0.0,51,7,5.741374,0.234388
recycle_g64,recycle,0.0,51,8,6.428376,0.266986
recycle_g64,recycle,0.0,51,9,7.115378,0.263341
recycle_g64,recycle,0.0,51,10,7.802380,0.308996
recycle_g64,recycle,0.0,51,11,8.489382,0.320576
recycle_g64,recycle,0.0,52,0,0.932360,0.301926
recycle_g64,recycle,0.0,52,1,1.619362,0.247795
recycle_g64,recycle,0.0,52,2,2.306364,0.286339
recycle_g64,recycle,0.0,52,3,2.993366,0.264734
recycle_g64,recycle,0.0,52,4,3.680368,0.245642
recycle_g64,recycle,0.0,52,5,4.367370,0.225767
recycle_g64,recycle,0.0,52,6,5.054372,0.233093
recycle_g64,recycle,0.0,52,7,5.741374,0.234055
recycle_g64,recycle,0.0,52,8,6.428376,0.265163
recycle_g64,recycle,0.0,52,9,7.115378,0.266878
recycle_g64,recycle,0.0,52,10,7.802380,0.293239
recycle_g64,recycle,0.0,52,11,8.489382,0.322026
recycle_g64,recycle,0.0,53,0,0.932360,0.301093
recycle_g64,recycle,0.0,53,1,1.619362,0.250502
recycle_g64,recycle,0.0,53,2,2.306364,0.285146
recycle_g64,recycle,0.0,53,3,2.993366,0.264967
recycle_g64,recycle,0.0,53,4,3.680368,0.256692
recycle_g64,recycle,0.0,53,5,4.367370,0.225160
recycle_g64,recycle,0.0,53,6,5.054372,0.234916
recycle_g64,recycle,0.0,53,7,5.741374,0.233911
recycle_g64,recycle,0.0,53,8,6.428376,0.263212
recycle_g64,recycle,0.0,53,9,7.115378,0.262158
recycle_g64,recycle,0.0,53,10,7.802380,0.294619
recycle_g64,recycle,0.0,53,11,8.489382,0.325886
recycle_g64,recycle,0.0,54,0,0.932360,0.296951
recycle_g64,recycle,0.0,54,1,1.619362,0.250214
recycle_g64,recycle,0.0,54,2,2.306364,0.284039
recycle_g64,recycle,0.0,54,3,2.993366,0.267667
recycle_g64,recycle,0.0,54,4,3.680368,0.252440
recycle_g64,recycle,0.0,54,5,4.367370,0.225997
recycle_g64,recycle,0.0,54,6,5.054372,0.234446
recycle_g64,recycle,0.0,54,7,5.741374,0.231191
recycle_g64,recycle,0.0,54,8,6.428376,0.262842
recycle_g64,recycle,0.0,54,9,7.115378,0.258245
recycle_g64,recycle,0.0,54,10,7.802380,0.302225
recycle_g64,recycle,0.0,54,11,8.489382,0.326474
recycle_g64,recycle,0.0,55,0,0.932360,0.298539
recycle_g64,recycle,0.0,55,1,1.619362,0.247534
recycle_g64,recycle,0.0,55,2,2.306364,0.282547
recycle_g64,recycle,0.0,55,3,2.993366,0.267995
recycle_g64,recycle,0.0,55,4,3.680368,0.239515
recycle_g64,recycle,0.0,55,5,4.367370,0.227593
recycle_g64,recycle,0.0,55,6,5.054372,0.234228
recycle_g64,recycle,0.0,55,7,5.741374,0.230505
recycle_g64,recycle,0.0,55,8,6.428376,0.253030
recycle_g64,recycle,0.0,55,9,7.115378,0.260922
recycle_g64,recycle,0.0,55,10,7.802380,0.272725
recycle_g64,recycle,0.0,55,11,8.489382,0.327929
recycle_g64,recycle,0.0,56,0,0.932360,0.307438
recycle_g64,recycle,0.0,56,1,1.619362,0.245661
recycle_g64,recycle,0.0,56,2,2.306364,0.280858
recycle_g64,recycle,0.0,56,3,2.993366,0.266127
recycle_g64,recycle,0.0,56,4,3.680368,0.243163
recycle_g64,recycle,0.0,56,5,4.367370,0.229567
recycle_g64,recycle,0.0,56,6,5.054372,0.233940
recycle_g64,recycle,0.0,56,7,5.741374,0.229923
recycle_g64,recycle,0.0,56,8,6.428376,0.252337
recycle_g64,recycle,0.0,56,9,7.115378,0.260819
recycle_g64,recycle,0.0,56,10,7.802380,0.263480
recycle_g64,recycle,0.0,56,11,8.489382,0.323992
recycle_g64,recycle,0.0,57,0,0.932360,0.305706
recycle_g64,recycle,0.0,57,1,1.619362,0.245173
recycle_g64,recycle,0.0,57,2,2.306364,0.281258
recycle_g64,recycle,0.0,57,3,2.993366,0.267625
recycle_g64,recycle,0.0,57,4,3.680368,0.254945
recycle_g64,recycle,0.0,57,5,4.367370,0.231620
recycle_g64,recycle,0.0,57,6,5.054372,0.233157
recycle_g64,recycle,0.0,57,7,5.741374,0.229803
recycle_g64,recycle,0.0,57,8,6.428376,0.251653
recycle_g64,recycle,0.0,57,9,7.115378,0.258769
recycle_g64,recycle,0.0,57,10,7.802380,0.263665
recycle_g64,recycle,0.0,57,11,8.489382,0.320088
recycle_g64,recycle,0.0,58,0,0.932360,0.309752
recycle_g64,recycle,0.0,58,1,1.619362,0.244746
recycle_g64,recycle,0.0,58,2,2.306364,0.280700
recycle_g64,recycle,0.0,58,3,2.993366,0.267254
recycle_g64,recycle,0.0,58,4,3.680368,0.261772
recycle_g64,recycle,0.0,58,5,4.367370,0.235301
recycle_g64,recycle,0.0,58,6,5.054372,0.232605
recycle_g64,recycle,0.0,58,7,5.741374,0.226827
recycle_g64,recycle,0.0,58,8,6.428376,0.249563
recycle_g64,recycle,0.0,58,9,7.115378,0.255392
recycle_g64,recycle,0.0,58,10,7.802380,0.265097
recycle_g64,recycle,0.0,58,11,8.489382,0.322007
recycle_g64,recycle,0.0,59,0,0.932360,0.309815
recycle_g64,recycle,0.0,59,1,1.619362,0.244177
recycle_g64,recycle,0.0,59,2,2.306364,0.281165
recycle_g64,recycle,0.0,59,3,2.993366,0.267417
recycle_g64,recycle,0.0,59,4,3.680368,0.253468
recycle_g64,recycle,0.0,59,5,4.367370,0.255317
recycle_g64,recycle,0.0,59,6,5.054372,0.231568
recycle_g64,recycle,0.0,59,7,5.741374,0.225697
recycle_g64,recycle,0.0,59,8,6.428376,0.254688
recycle_g64,recycle,0.0,59,9,7.115378,0.249479
recycle_g64,recycle,0.0,59,10,7.802380,0.269868
recycle_g64,recycle,0.0,59,11,8.489382,0.321687
recycle_g64,recycle,0.0,60,0,0.932360,0.311560
recycle_g64,recycle,0.0,60,1,1.619362,0.226735
recycle_g64,recycle,0.0,60,2,2.306364,0.281926
recycle_g64,recycle,0.0,60,3,2.993366,0.272092
recycle_g64,recycle,0.0,60,4,3.680368,0.255484
recycle_g64,recycle,0.0,60,5,4.367370,0.246647
recycle_g64,recycle,0.0,60,6,5.054372,0.232947
recycle_g64,recycle,0.0,60,7,5.741374,0.225352
recycle_g64,recycle,0.0,60,8,6.428376,0.241194
recycle_g64,recycle,0.0,60,9,7.115378,0.252408
recycle_g64,recycle,0.0,60,10,7.802380,0.262462
recycle_g64,recycle,0.0,60,11,8.489382,0.318839
recycle_g64,recycle,0.0,61,0,0.932360,0.318535
recycle_g64,recycle,0.0,61,1,1.619362,0.228661
recycle_g64,recycle,0.0,61,2,2.306364,0.281337
recycle_g64,recycle,0.0,61,3,2.993366,0.270716
recycle_g64,recycle,0.0,61,4,3.680368,0.254755
recycle_g64,recycle,0.0,61,5,4.367370,0.235380
recycle_g64,recycle,0.0,61,6,5.054372,0.232949
recycle_g64,recycle,0.0,61,7,5.741374,0.228334
recycle_g64,recycle,0.0,61,8,6.428376,0.236551
recycle_g64,recycle,0.0,61,9,7.115378,0.251680
recycle_g64,recycle,0.0,61,10,7.802380,0.263753
recycle_g64,recycle,0.0,61,11,8.489382,0.321717
recycle_g64,recycle,0.0,62,0,0.932360,0.305848
recycle_g64,recycle,0.0,62,1,1.619362,0.231606
recycle_g64,recycle,0.0,62,2,2.306364,0.276054
recycle_g64,recycle,0.0,62,3,2.993366,0.272208
recycle_g64,recycle,0.0,62,4,3.680368,0.254153
recycle_g64,recycle,0.0,62,5,4.367370,0.237913
recycle_g64,recycle,0.0,62,6,5.054372,0.236866
recycle_g64,recycle,0.0,62,7,5.741374,0.227665
recycle_g64,recycle,0.0,62,8,6.428376,0.230924
recycle_g64,recycle,0.0,62,9,7.115378,0.255787
recycle_g64,recycle,0.0,62,10,7.802380,0.260589
recycle_g64,recycle,0.0,62,11,8.489382,0.320925
recycle_g64,recycle,0.0,63,0,0.932360,0.297989
recycle_g64,recycle,0.0,63,1,1.619362,0.239083
recycle_g64,recycle,0.0,63,2,2.306364,0.274362
recycle_g64,recycle,0.0,63,3,2.993366,0.277951
recycle_g64,recycle,0.0,63,4,3.680368,0.253541
recycle_g64,recycle,0.0,63,5,4.367370,0.237602
recycle_g64,recycle,0.0,63,6,5.054372,0.236993
recycle_g64,recycle,0.0,63,7,5.741374,0.224547
recycle_g64,recycle,0.0,63,8,6.428376,0.229009
recycle_g64,recycle,0.0,63,9,7.115378,0.254269
recycle_g64,recycle,0.0,63,10,7.802380,0.250650
recycle_g64,recycle,0.0,63,11,8.489382,0.321454
recycle_g64,recycle,0.0,64,0,0.932360,0.300016
recycle_g64,recycle,0.0,64,1,1.619362,0.231495
recycle_g64,recycle,0.0,64,2,2.306364,0.275748
recycle_g64,recycle,0.0,64,3,2.993366,0.277681
recycle_g64,recycle,0.0,64,4,3.680368,0.260698
recycle_g64,recycle,0.0,64,5,4.367370,0.236938
recycle_g64,recycle,0.0,64,6,5.054372,0.233675
recycle_g64,recycle,0.0,64,7,5.741374,0.226769
recycle_g64,recycle,0.0,64,8,6.428376,0.227705
recycle_g64,recycle,0.0,64,9,7.115378,0.253030
recycle_g64,recycle,0.0,64,10,7.802380,0.247254
recycle_g64,recycle,0.0,64,11,8.489382,0.322376
recycle_g64,recycle,0.0,65,0,0.932360,0.303815
recycle_g64,recycle,0.0,65,1,1.619362,0.230493
recycle_g64,recycle,0.0,65,2,2.306364,0.275720
recycle_g64,recycle,0.0,65,3,2.993366,0.277964
recycle_g64,recycle,0.0,65,4,3.680368,0.261848
recycle_g64,recycle,0.0,65,5,4.367370,0.242284
recycle_g64,recycle,0.0,65,6,5.054372,0.228027
recycle_g64,recycle,0.0,65,7,5.741374,0.229651
recycle_g64,recycle,0.0,65,8,6.428376,0.225833
recycle_g64,recycle,0.0,65,9,7.115378,0.247754
recycle_g64,recycle,0.0,65,10,7.802380,0.254867
recycle_g64,recycle,0.0,65,11,8.489382,0.303618
recycle_g64,recycle,0.0,66,0,0.932360,0.305066
recycle_g64,recycle,0.0,66,1,1.619362,0.234795
recycle_g64,recycle,0.0,66,2,2.306364,0.275962
recycle_g64,recycle,0.0,66,3,2.993366,0.275430
recycle_g64,recycle,0.0,66,4,3.680368,0.257919
recycle_g64,recycle,0.0,66,5,4.367370,0.258992
recycle_g64,recycle,0.0,66,6,5.054372,0.225500
recycle_g64,recycle,0.0,66,7,5.741374,0.229412
recycle_g64,recycle,0.0,66,8,6.428376,0.225630
recycle_g64,recycle,0.0,66,9,7.115378,0.246538
recycle_g64,recycle,0.0,66,10,7.802380,0.249471
recycle_g64,recycle,0.0,66,11,8.489382,0.303745
recycle_g64,recycle,0.0,67,0,0.932360,0.300718
recycle_g64,recycle,0.0,67,1,1.619362,0.234737
recycle_g64,recycle,0.0,67,2,2.306364,0.276753
recycle_g64,recycle,0.0,67,3,2.993366,0.274752
recycle_g64,recycle,0.0,67,4,3.680368,0.264264
recycle_g64,recycle,0.0,67,5,4.367370,0.247949
recycle_g64,recycle,0.0,67,6,5.054372,0.227966
recycle_g64,recycle,0.0,67,7,5.741374,0.232917
recycle_g64,recycle,0.0,67,8,6.428376,0.223602
recycle_g64,recycle,0.0,67,9,7.115378,0.239502
recycle_g64,recycle,0.0,67,10,7.802380,0.250174
recycle_g64,recycle,0.0,67,11,8.489382,0.305418
recycle_g64,recycle,0.0,68,0,0.932360,0.304949
recycle_g64,recycle,0.0,68,1,1.619362,0.237071
recycle_g64,recycle,0.0,68,2,2.306364,0.276691
recycle_g64,recycle,0.0,68,3,2.993366,0.273016
recycle_g64,recycle,0.0,68,4,3.680368,0.262959
recycle_g64,recycle,0.0,68,5,4.367370,0.237468
recycle_g64,recycle,0.0,68,6,5.054372,0.229276
recycle_g64,recycle,0.0,68,7,5.741374,0.236771
recycle_g64,recycle,0.0,68,8,6.428376,0.223039
recycle_g64,recycle,0.0,68,9,7.115378,0.238455
recycle_g64,recycle,0.0,68,10,7.802380,0.243965
recycle_g64,recycle,0.0,68,11,8.489382,0.296093
recycle_g64,recycle,0.0,69,0,0.932360,0.305006
recycle_g64,recycle,0.0,69,1,1.619362,0.236644
recycle_g64,recycle,0.0,69,2,2.306364,0.272805
recycle_g64,recycle,0.0,69,3,2.993366,0.273598
recycle_g64,recycle,0.0,69,4,3.680368,0.254235
recycle_g64,recycle,0.0,69,5,4.367370,0.250952
recycle_g64,recycle,0.0,69,6,5.054372,0.229324
recycle_g64,recycle,0.0,69,7,5.741374,0.232300
recycle_g64,recycle,0.0,69,8,6.428376,0.219247
recycle_g64,recycle,0.0,69,9,7.115378,0.238801
recycle_g64,recycle,0.0,69,10,7.802380,0.239927
recycle_g64,recycle,0.0,69,11,8.489382,0.293557
recycle_g64,recycle,0.0,70,0,0.932360,0.304158
recycle_g64,recycle,0.0,70,1,1.619362,0.236506
recycle_g64,recycle,0.0,70,2,2.306364,0.271940
recycle_g64,recycle,0.0,70,3,2.993366,0.271801
recycle_g64,recycle,0.0,70,4,3.680368,0.262577
recycle_g64,recycle,0.0,70,5,4.367370,0.256641
recycle_g64,recycle,0.0,70,6,5.054372,0.234797
recycle_g64,recycle,0.0,70,7,5.741374,0.230528
recycle_g64,recycle,0.0,70,8,6.428376,0.220476
recycle_g64,recycle,0.0,70,9,7.115378,0.239556
recycle_g64,recycle,0.0,70,10,7.802380,0.239326
recycle_g64,recycle,0.0,70,11,8.489382,0.291884
recycle_g64,recycle,0.0,71,0,0.932360,0.299054
recycle_g64,recycle,0.0,71,1,1.619362,0.234582
recycle_g64,recycle,0.0,71,2,2.306364,0.263883
recycle_g64,recycle,0.0,71,3,2.993366,0.272502
recycle_g64,recycle,0.0,71,4,3.680368,0.258376
recycle_g64,recycle,0.0,71,5,4.367370,0.253308
recycle_g64,recycle,0.0,71,6,5.054372,0.245295
recycle_g64,recycle,0.0,71,7,5.741374,0.230545
recycle_g64,recycle,0.0,71,8,6.428376,0.218143
recycle_g64,recycle,0.0,71,9,7.115378,0.238932
recycle_g64,recycle,0.0,71,10,7.802380,0.238821
recycle_g64,recycle,0.0,71,11,8.489382,0.290629
recycle_g64,recycle,0.0,72,0,0.932360,0.298884
recycle_g64,recycle,0.0,72,1,1.619362,0.236285
recycle_g64,recycle,0.0,72,2,2.306364,0.254836
recycle_g64,recycle,0.0,72,3,2.993366,0.275799
recycle_g64,recycle,0.0,72,4,3.680368,0.262179
recycle_g64,recycle,0.0,72,5,4.367370,0.247183
recycle_g64,recycle,0.0,72,6,5.054372,0.256362
recycle_g64,recycle,0.0,72,7,5.741374,0.231917
recycle_g64,recycle,0.0,72,8,6.428376,0.217069
recycle_g64,recycle,0.0,72,9,7.115378,0.237138
recycle_g64,recycle,0.0,72,10,7.802380,0.242281
recycle_g64,recycle,0.0,72,11,8.489382,0.288897
recycle_g64,recycle,0.0,73,0,0.932360,0.291984
recycle_g64,recycle,0.0,73,1,1.619362,0.232872
recycle_g64,recycle,0.0,73,2,2.306364,0.250400
recycle_g64,recycle,0.0,73,3,2.993366,0.274667
recycle_g64,recycle,0.0,73,4,3.680368,0.262892
recycle_g64,recycle,0.0,73,5,4.367370,0.252382
recycle_g64,recycle,0.0,73,6,5.054372,0.246680
recycle_g64,recycle,0.0,73,7,5.741374,0.233787
recycle_g64,recycle,0.0,73,8,6.428376,0.216054
recycle_g64,recycle,0.0,73,9,7.115378,0.222068
recycle_g64,recycle,0.0,73,10,7.802380,0.245814
recycle_g64,recycle,0.0,73,11,8.489382,0.286890
recycle_g64,recycle,0.0,74,0,0.932360,0.295391
recycle_g64,recycle,0.0,74,1,1.619362,0.231905
recycle_g64,recycle,0.0,74,2,2.306364,0.257290
recycle_g64,recycle,0.0,74,3,2.993366,0.271153
recycle_g64,recycle,0.0,74,4,3.680368,0.264588
recycle_g64,recycle,0.0,74,5,4.367370,0.252333
recycle_g64,recycle,0.0,74,6,5.054372,0.238403
recycle_g64,recycle,0.0,74,7,5.741374,0.234722
recycle_g64,recycle,0.0,74,8,6.428376,0.219758
recycle_g64,recycle,0.0,74,9,7.115378,0.220181
recycle_g64,recycle,0.0,74,10,7.802380,0.245213
recycle_g64,recycle,0.0,74,11,8.489382,0.283325
recycle_g64,recycle,0.0,75,0,0.932360,0.286155
recycle_g64,recycle,0.0,75,1,1.619362,0.224330
recycle_g64,recycle,0.0,75,2,2.306364,0.259251
recycle_g64,recycle,0.0,75,3,2.993366,0.267976
recycle_g64,recycle,0.0,75,4,3.680368,0.268971
recycle_g64,recycle,0.0,75,5,4.367370,0.252452
recycle_g64,recycle,0.0,75,6,5.054372,0.238630
recycle_g64,recycle,0.0,75,7,5.741374,0.234595
recycle_g64,recycle,0.0,75,8,6.428376,0.219923
recycle_g64,recycle,0.0,75,9,7.115378,0.218196
recycle_g64,recycle,0.0,75,10,7.802380,0.239350
recycle_g64,recycle,0.0,75,11,8.489382,0.275851
recycle_g64,recycle,0.0,76,0,0.932360,0.291853
recycle_g64,recycle,0.0,76,1,1.619362,0.227169
recycle_g64,recycle,0.0,76,2,2.306364,0.252449
recycle_g64,recycle,0.0,76,3,2.993366,0.270862
recycle_g64,recycle,0.0,76,4,3.680368,0.268393
recycle_g64,recycle,0.0,76,5,4.367370,0.254128
recycle_g64,recycle,0.0,76,6,5.054372,0.232304
recycle_g64,recycle,0.0,76,7,5.741374,0.234448
recycle_g64,recycle,0.0,76,8,6.428376,0.219810
recycle_g64,recycle,0.0,76,9,7.115378,0.218570
recycle_g64,recycle,0.0,76,10,7.802380,0.238848
recycle_g64,recycle,0.0,76,11,8.489382,0.282325
recycle_g64,recycle,0.0,77,0,0.932360,0.286438
recycle_g64,recycle,0.0,77,1,1.619362,0.226652
recycle_g64,recycle,0.0,77,2,2.306364,0.253308
recycle_g64,recycle,0.0,77,3,2.993366,0.269708
recycle_g64,recycle,0.0,77,4,3.680368,0.268430
recycle_g64,recycle,0.0,77,5,4.367370,0.253852
recycle_g64,recycle,0.0,77,6,5.054372,0.238344
recycle_g64,recycle,0.0,77,7,5.741374,0.232740
recycle_g64,recycle,0.0,77,8,6.428376,0.217574
recycle_g64,recycle,0.0,77,9,7.115378,0.218653
recycle_g64,recycle,0.0,77,10,7.802380,0.240180
recycle_g64,recycle,0.0,77,11,8.489382,0.282246
recycle_g64,recycle,0.0,78,0,0.932360,0.286605
recycle_g64,recycle,0.0,78,1,1.619362,0.227300
recycle_g64,recycle,0.0,78,2,2.306364,0.253002
recycle_g64,recycle,0.0,78,3,2.993366,0.271339
recycle_g64,recycle,0.0,78,4,3.680368,0.261262
recycle_g64,recycle,0.0,78,5,4.367370,0.254131
recycle_g64,recycle,0.0,78,6,5.054372,0.254506
recycle_g64,recycle,0.0,78,7,5.741374,0.227965
recycle_g64,recycle,0.0,78,8,6.428376,0.227333
recycle_g64,recycle,0.0,78,9,7.115378,0.219095
recycle_g64,recycle,0.0,78,10,7.802380,0.238795
recycle_g64,recycle,0.0,78,11,8.489382,0.278028
recycle_g64,recycle,0.0,79,0,0.932360,0.285309
recycle_g64,recycle,0.0,79,1,1.619362,0.223858
recycle_g64,recycle,0.0,79,2,2.306364,0.252852
recycle_g64,recycle,0.0,79,3,2.993366,0.270804
recycle_g64,recycle,0.0,79,4,3.680368,0.264397
recycle_g64,recycle,0.0,79,5,4.367370,0.252691
recycle_g64,recycle,0.0,79,6,5.054372,0.243719
recycle_g64,recycle,0.0,79,7,5.741374,0.231731
recycle_g64,recycle,0.0,79,8,6.428376,0.226393
recycle_g64,recycle,0.0,79,9,7.115378,0.219629
recycle_g64,recycle,0.0,79,10,7.802380,0.236005
recycle_g64,recycle,0.0,79,11,8.489382,0.275599
recycle_g64,recycle,0.0,80,0,0.932360,0.282725
recycle_g64,recycle,0.0,80,1,1.619362,0.224204
recycle_g64,recycle,0.0,80,2,2.306364,0.254243
recycle_g64,recycle,0.0,80,3,2.993366,0.269625
recycle_g64,recycle,0.0,80,4,3.680368,0.263829
recycle_g64,recycle,0.0,80,5,4.367370,0.252860
recycle_g64,recycle,0.0,80,6,5.054372,0.240230
recycle_g64,recycle,0.0,80,7,5.741374,0.228197
recycle_g64,recycle,0.0,80,8,6.428376,0.235316
recycle_g64,recycle,0.0,80,9,7.115378,0.218962
recycle_g64,recycle,0.0,80,10,7.802380,0.232599
recycle_g64,recycle,0.0,80,11,8.489382,0.271333
recycle_g64,recycle,0.0,81,0,0.932360,0.279565
recycle_g64,recycle,0.0,81,1,1.619362,0.224668
recycle_g64,recycle,0.0,81,2,2.306364,0.251166
recycle_g64,recycle,0.0,81,3,2.993366,0.271716
recycle_g64,recycle,0.0,81,4,3.680368,0.264711
recycle_g64,recycle,0.0,81,5,4.367370,0.252138
recycle_g64,recycle,0.0,81,6,5.054372,0.244077
recycle_g64,recycle,0.0,81,7,5.741374,0.229788
recycle_g64,recycle,0.0,81,8,6.428376,0.231258
recycle_g64,recycle,0.0,81,9,7.115378,0.217836
recycle_g64,recycle,0.0,81,10,7.802380,0.235274
recycle_g64,recycle,0.0,81,11,8.489382,0.268619
recycle_g64,recycle,0.0,82,0,0.932360,0.275109
recycle_g64,recycle,0.0,82,1,1.619362,0.224477
recycle_g64,recycle,0.0,82,2,2.306364,0.246666
recycle_g64,recycle,0.0,82,3,2.993366,0.270701
recycle_g64,recycle,0.0,82,4,3.680368,0.262757
recycle_g64,recycle,0.0,82,5,4.367370,0.253474
recycle_g64,recycle,0.0,82,6,5.054372,0.252050
recycle_g64,recycle,0.0,82,7,5.741374,0.229686
recycle_g64,recycle,0.0,82,8,6.428376,0.230704
recycle_g64,recycle,0.0,82,9,7.115378,0.216129
recycle_g64,recycle,0.0,82,10,7.802380,0.236864
recycle_g64,recycle,0.0,82,11,8.489382,0.260637
recycle_g64,recycle,0.0,83,0,0.932360,0.274277
recycle_g64,recycle,0.0,83,1,1.619362,0.220253
recycle_g64,recycle,0.0,83,2,2.306364,0.247851
recycle_g64,recycle,0.0,83,3,2.993366,0.267653
recycle_g64,recycle,0.0,83,4,3.680368,0.262791
recycle_g64,recycle,0.0,83,5,4.367370,0.247581
recycle_g64,recycle,0.0,83,6,5.054372,0.251549
recycle_g64,recycle,0.0,83,7,5.741374,0.243192
recycle_g64,recycle,0.0,83,8,6.428376,0.230464
recycle_g64,recycle,0.0,83,9,7.115378,0.216554
recycle_g64,recycle,0.0,83,10,7.802380,0.240022
recycle_g64,recycle,0.0,83,11,8.489382,0.255961
recycle_g64,recycle,0.0,84,0,0.932360,0.268536
recycle_g64,recycle,0.0,84,1,1.619362,0.224161
recycle_g64,recycle,0.0,84,2,2.306364,0.248905
recycle_g64,recycle,0.0,84,3,2.993366,0.261263
recycle_g64,recycle,0.0,84,4,3.680368,0.264549
recycle_g64,recycle,0.0,84,5,4.367370,0.250717
recycle_g64,recycle,0.0,84,6,5.054372,0.245694
recycle_g64,recycle,0.0,84,7,5.741374,0.249151
recycle_g64,recycle,0.0,84,8,6.428376,0.229900
recycle_g64,recycle,0.0,84,9,7.115378,0.215894
recycle_g64,recycle,0.0,84,10,7.802380,0.235415
recycle_g64,recycle,0.0,84,11,8.489382,0.258371
recycle_g64,recycle,0.0,85,0,0.932360,0.265942
recycle_g64,recycle,0.0,85,1,1.619362,0.222219
recycle_g64,recycle,0.0,85,2,2.306364,0.245924
recycle_g64,recycle,0.0,85,3,2.993366,0.264119
recycle_g64,recycle,0.0,85,4,3.680368,0.263142
recycle_g64,recycle,0.0,85,5,4.367370,0.253145
recycle_g64,recycle,0.0,85,6,5.054372,0.245067
recycle_g64,recycle,0.0,85,7,5.741374,0.242542
recycle_g64,recycle,0.0,85,8,6.428376,0.230698
recycle_g64,recycle,0.0,85,9,7.115378,0.215783
recycle_g64,recycle,0.0,85,10,7.802380,0.235529
recycle_g64,recycle,0.0,85,11,8.489382,0.257745
recycle_g64,recycle,0.0,86,0,0.932360,0.261868
recycle_g64,recycle,0.0,86,1,1.619362,0.214977
recycle_g64,recycle,0.0,86,2,2.306364,0.241152
recycle_g64,recycle,0.0,86,3,2.993366,0.266722
recycle_g64,recycle,0.0,86,4,3.680368,0.261531
recycle_g64,recycle,0.0,86,5,4.367370,0.245606
recycle_g64,recycle,0.0,86,6,5.054372,0.252388
recycle_g64,recycle,0.0,86,7,5.741374,0.240332
recycle_g64,recycle,0.0,86,8,6.428376,0.231177
recycle_g64,recycle,0.0,86,9,7.115378,0.217769
recycle_g64,recycle,0.0,86,10,7.802380,0.224978
recycle_g64,recycle,0.0,86,11,8.489382,0.259557
recycle_g64,recycle,0.0,87,0,0.932360,0.258474
recycle_g64,recycle,0.0,87,1,1.619362,0.218036
recycle_g64,recycle,0.0,87,2,2.306364,0.229078
recycle_g64,recycle,0.0,87,3,2.993366,0.267379
recycle_g64,recycle,0.0,87,4,3.680368,0.256887
recycle_g64,recycle,0.0,87,5,4.367370,0.257271
recycle_g64,recycle,0.0,87,6,5.054372,0.248753
recycle_g64,recycle,0.0,87,7,5.741374,0.241503
recycle_g64,recycle,0.0,87,8,6.428376,0.231525
recycle_g64,recycle,0.0,87,9,7.115378,0.217230
recycle_g64,recycle,0.0,87,10,7.802380,0.225838
recycle_g64,recycle,0.0,87,11,8.489382,0.263334
recycle_g64,recycle,0.0,88,0,0.932360,0.251494
recycle_g64,recycle,0.0,88,1,1.619362,0.214737
recycle_g64,recycle,0.0,88,2,2.306364,0.231065
recycle_g64,recycle,0.0,88,3,2.993366,0.261020
recycle_g64,recycle,0.0,88,4,3.680368,0.260192
recycle_g64,recycle,0.0,88,5,4.367370,0.258209
recycle_g64,recycle,0.0,88,6,5.054372,0.247989
recycle_g64,recycle,0.0,88,7,5.741374,0.228940
recycle_g64,recycle,0.0,88,8,6.428376,0.231413
recycle_g64,recycle,0.0,88,9,7.115378,0.223265
recycle_g64,recycle,0.0,88,10,7.802380,0.223759
recycle_g64,recycle,0.0,88,11,8.489382,0.257757
recycle_g64,recycle,0.0,89,0,0.932360,0.251295
recycle_g64,recycle,0.0,89,1,1.619362,0.214264
recycle_g64,recycle,0.0,89,2,2.306364,0.233350
recycle_g64,recycle,0.0,89,3,2.993366,0.257145
recycle_g64,recycle,0.0,89,4,3.680368,0.261376
recycle_g64,recycle,0.0,89,5,4.367370,0.257736
recycle_g64,recycle,0.0,89,6,5.054372,0.249455
recycle_g64,recycle,0.0,89,7,5.741374,0.242322
recycle_g64,recycle,0.0,89,8,6.428376,0.231762
recycle_g64,recycle,0.0,89,9,7.115378,0.220379
recycle_g64,recycle,0.0,89,10,7.802380,0.227558
recycle_g64,recycle,0.0,89,11,8.489382,0.264208
recycle_g64_grade1p0,recycle,1.0,0,0,0.932360,0.266669
recycle_g64_grade1p0,recycle,1.0,0,1,1.619362,0.250749
recycle_g64_grade1p0,recycle,1.0,0,2,2.306364,0.255604
recycle_g64_grade1p0,recycle,1.0,0,3,2.993366,0.254029
recycle_g64_grade1p0,recycle,1.0,0,4,3.680368,0.255319
recycle_g64_grade1p0,recycle,1.0,0,5,4.367370,0.254397
recycle_g64_grade1p0,recycle,1.0,0,6,5.054372,0.254611
recycle_g64_grade1p0,recycle,1.0,0,7,5.741374,0.254183
recycle_g64_grade1p0,recycle,1.0,0,8,6.428376,0.254768
recycle_g64_grade1p0,recycle,1.0,0,9,7.115378,0.254405
recycle_g64_grade1p0,recycle,1.0,0,10,7.802380,0.253609
recycle_g64_grade1p0,recycle,1.0,0,11,8.489382,0.253589
recycle_g64_grade1p0,recycle,1.0,1,0,0.932360,0.274794
recycle_g64_grade1p0,recycle,1.0,1,1,1.619362,0.244990
recycle_g64_grade1p0,recycle,1.0,1,2,2.306364,0.247793
recycle_g64_grade1p0,recycle,1.0,1,3,2.993366,0.258740
recycle_g64_grade1p0,recycle,1.0,1,4,3.680368,0.251088
recycle_g64_grade1p0,recycle,1.0,1,5,4.367370,0.248469
recycle_g64_grade1p0,recycle,1.0,1,6,5.054372,0.258366
recycle_g64_grade1p0,recycle,1.0,1,7,5.741374,0.248267
recycle_g64_grade1p0,recycle,1.0,1,8,6.428376,0.251534
recycle_g64_grade1p0,recycle,1.0,1,9,7.115378,0.252488
recycle_g64_grade1p0,recycle,1.0,1,10,7.802380,0.247358
recycle_g64_grade1p0,recycle,1.0,1,11,8.489382,0.237452
recycle_g64_grade1p0,recycle,1.0,2,0,0.932360,0.276711
recycle_g64_grade1p0,recycle,1.0,2,1,1.619362,0.239391
recycle_g64_grade1p0,recycle,1.0,2,2,2.306364,0.261512
recycle_g64_grade1p0,recycle,1.0,2,3,2.993366,0.259810
recycle_g64_grade1p0,recycle,1.0,2,4,3.680368,0.255843
recycle_g64_grade1p0,recycle,1.0,2,5,4.367370,0.256622
recycle_g64_grade1p0,recycle,1.0,2,6,5.054372,0.259994
recycle_g64_grade1p0,recycle,1.0,2,7,5.741374,0.256243
recycle_g64_grade1p0,recycle,1.0,2,8,6.428376,0.251857
recycle_g64_grade1p0,recycle,1.0,2,9,7.115378,0.259615
recycle_g64_grade1p0,recycle,1.0,2,10,7.802380,0.252320
recycle_g64_grade1p0,recycle,1.0,2,11,8.489382,0.240141
recycle_g64_grade1p0,recycle,1.0,3,0,0.932360,0.270624
recycle_g64_grade1p0,recycle,1.0,3,1,1.619362,0.236208
recycle_g64_grade1p0,recycle,1.0,3,2,2.306364,0.272728
recycle_g64_grade1p0,recycle,1.0,3,3,2.993366,0.260182
recycle_g64_grade1p0,recycle,1.0,3,4,3.680368,0.263172
recycle_g64_grade1p0,recycle,1.0,3,5,4.367370,0.271773
recycle_g64_grade1p0,recycle,1.0,3,6,5.054372,0.264365
recycle_g64_grade1p0,recycle,1.0,3,7,5.741374,0.263401
recycle_g64_grade1p0,recycle,1.0,3,8,6.428376,0.274971
recycle_g64_grade1p0,recycle,1.0,3,9,7.115378,0.261149
recycle_g64_grade1p0,recycle,1.0,3,10,7.802380,0.259414
recycle_g64_grade1p0,recycle,1.0,3,11,8.489382,0.247225
recycle_g64_grade1p0,recycle,1.0,4,0,0.932360,0.262003
recycle_g64_grade1p0,recycle,1.0,4,1,1.619362,0.236302
recycle_g64_grade1p0,recycle,1.0,4,2,2.306364,0.277196
recycle_g64_grade1p0,recycle,1.0,4,3,2.993366,0.264412
recycle_g64_grade1p0,recycle,1.0,4,4,3.680368,0.274430
recycle_g64_grade1p0,recycle,1.0,4,5,4.367370,0.274570
recycle_g64_grade1p0,recycle,1.0,4,6,5.054372,0.272738
recycle_g64_grade1p0,recycle,1.0,4,7,5.741374,0.269115
recycle_g64_grade1p0,recycle,1.0,4,8,6.428376,0.277715
recycle_g64_grade1p0,recycle,1.0,4,9,7.115378,0.267094
recycle_g64_grade1p0,recycle,1.0,4,10,7.802380,0.263032
recycle_g64_grade1p0,recycle,1.0,4,11,8.489382,0.254098
recycle_g64_grade1p0,recycle,1.0,5,0,0.932360,0.258417
recycle_g64_grade1p0,recycle,1.0,5,1,1.619362,0.236048
recycle_g64_grade1p0,recycle,1.0,5,2,2.306364,0.258470
recycle_g64_grade1p0,recycle,1.0,5,3,2.993366,0.272865
recycle_g64_grade1p0,recycle,1.0,5,4,3.680368,0.270318
recycle_g64_grade1p0,recycle,1.0,5,5,4.367370,0.283750
recycle_g64_grade1p0,recycle,1.0,5,6,5.054372,0.262421
recycle_g64_grade1p0,recycle,1.0,5,7,5.741374,0.270301
recycle_g64_grade1p0,recycle,1.0,5,8,6.428376,0.285882
recycle_g64_grade1p0,recycle,1.0,5,9,7.115378,0.262032
recycle_g64_grade1p0,recycle,1.0,5,10,7.802380,0.263247
recycle_g64_grade1p0,recycle,1.0,5,11,8.489382,0.259411
recycle_g64_grade1p0,recycle,1.0,6,0,0.932360,0.255826
recycle_g64_grade1p0,recycle,1.0,6,1,1.619362,0.229028
recycle_g64_grade1p0,recycle,1.0,6,2,2.306364,0.259917
recycle_g64_grade1p0,recycle,1.0,6,3,2.993366,0.277050
recycle_g64_grade1p0,recycle,1.0,6,4,3.680368,0.271248
recycle_g64_grade1p0,recycle,1.0,6,5,4.367370,0.289257
recycle_g64_grade1p0,recycle,1.0,6,6,5.054372,0.266617
recycle_g64_grade1p0,recycle,1.0,6,7,5.741374,0.269130
recycle_g64_grade1p0,recycle,1.0,6,8,6.428376,0.270460
recycle_g64_grade1p0,recycle,1.0,6,9,7.115378,0.271848
recycle_g64_grade1p0,recycle,1.0,6,10,7.802380,0.265052
recycle_g64_grade1p0,recycle,1.0,6,11,8.489382,0.269800
recycle_g64_grade1p0,recycle,1.0,7,0,0.932360,0.262189
recycle_g64_grade1p0,recycle,1.0,7,1,1.619362,0.226744
recycle_g64_grade1p0,recycle,1.0,7,2,2.306364,0.267761
recycle_g64_grade1p0,recycle,1.0,7,3,2.993366,0.268761
recycle_g64_grade1p0,recycle,1.0,7,4,3.680368,0.281992
recycle_g64_grade1p0,recycle,1.0,7,5,4.367370,0.272239
recycle_g64_grade1p0,recycle,1.0,7,6,5.054372,0.272956
recycle_g64_grade1p0,recycle,1.0,7,7,5.741374,0.282679
recycle_g64_grade1p0,recycle,1.0,7,8,6.428376,0.272933
recycle_g64_grade1p0,recycle,1.0,7,9,7.115378,0.269639
recycle_g64_grade1p0,recycle,1.0,7,10,7.802380,0.269725
recycle_g64_grade1p0,recycle,1.0,7,11,8.489382,0.283085
recycle_g64_grade1p0,recycle,1.0,8,0,0.932360,0.263618
recycle_g64_grade1p0,recycle,1.0,8,1,1.619362,0.219060
recycle_g64_grade1p0,recycle,1.0,8,2,2.306364,0.260618
recycle_g64_grade1p0,recycle,1.0,8,3,2.993366,0.288652
recycle_g64_grade1p0,recycle,1.0,8,4,3.680368,0.282699
recycle_g64_grade1p0,recycle,1.0,8,5,4.367370,0.287604
recycle_g64_grade1p0,recycle,1.0,8,6,5.054372,0.275762
recycle_g64_grade1p0,recycle,1.0,8,7,5.741374,0.283203
recycle_g64_grade1p0,recycle,1.0,8,8,6.428376,0.274405
recycle_g64_grade1p0,recycle,1.0,8,9,7.115378,0.278198
recycle_g64_grade1p0,recycle,1.0,8,10,7.802380,0.271803
recycle_g64_grade1p0,recycle,1.0,8,11,8.489382,0.287268
recycle_g64_grade1p0,recycle,1.0,9,0,0.932360,0.263315
recycle_g64_grade1p0,recycle,1.0,9,1,1.619362,0.217742
recycle_g64_grade1p0,recycle,1.0,9,2,2.306364,0.262178
recycle_g64_grade1p0,recycle,1.0,9,3,2.993366,0.288028
recycle_g64_grade1p0,recycle,1.0,9,4,3.680368,0.285270
recycle_g64_grade1p0,recycle,1.0,9,5,4.367370,0.285193
recycle_g64_grade1p0,recycle,1.0,9,6,5.054372,0.284765
recycle_g64_grade1p0,recycle,1.0,9,7,5.741374,0.286005
recycle_g64_grade1p0,recycle,1.0,9,8,6.428376,0.276524
recycle_g64_grade1p0,recycle,1.0,9,9,7.115378,0.278664
recycle_g64_grade1p0,recycle,1.0,9,10,7.802380,0.283227
recycle_g64_grade1p0,recycle,1.0,9,11,8.489382,0.290493
recycle_g64_grade1p0,recycle,1.0,10,0,0.932360,0.261205
recycle_g64_grade1p0,recycle,1.0,10,1,1.619362,0.209289
recycle_g64_grade1p0,recycle,1.0,10,2,2.306364,0.263587
recycle_g64_grade1p0,recycle,1.0,10,3,2.993366,0.290463
recycle_g64_grade1p0,recycle,1.0,10,4,3.680368,0.288990
recycle_g64_grade1p0,recycle,1.0,10,5,4.367370,0.285286
recycle_g64_grade1p0,recycle,1.0,10,6,5.054372,0.309506
recycle_g64_grade1p0,recycle,1.0,10,7,5.741374,0.288408
recycle_g64_grade1p0,recycle,1.0,10,8,6.428376,0.311212
recycle_g64_grade1p0,recycle,1.0,10,9,7.115378,0.280541
recycle_g64_grade1p0,recycle,1.0,10,10,7.802380,0.277926
recycle_g64_grade1p0,recycle,1.0,10,11,8.489382,0.289427
recycle_g64_grade1p0,recycle,1.0,11,0,0.932360,0.281095
recycle_g64_grade1p0,recycle,1.0,11,1,1.619362,0.210137
recycle_g64_grade1p0,recycle,1.0,11,2,2.306364,0.265607
recycle_g64_grade1p0,recycle,1.0,11,3,2.993366,0.278660
recycle_g64_grade1p0,recycle,1.0,11,4,3.680368,0.300323
recycle_g64_grade1p0,recycle,1.0,11,5,4.367370,0.309732
recycle_g64_grade1p0,recycle,1.0,11,6,5.054372,0.307573
recycle_g64_grade1p0,recycle,1.0,11,7,5.741374,0.291585
recycle_g64_grade1p0,recycle,1.0,11,8,6.428376,0.305831
recycle_g64_grade1p0,recycle,1.0,11,9,7.115378,0.287278
recycle_g64_grade1p0,recycle,1.0,11,10,7.802380,0.296248
recycle_g64_grade1p0,recycle,1.0,11,11,8.489382,0.299422
recycle_g64_grade1p0,recycle,1.0,12,0,0.932360,0.285215
recycle_g64_grade1p0,recycle,1.0,12,1,1.619362,0.232840
recycle_g64_grade1p0,recycle,1.0,12,2,2.306364,0.256234
recycle_g64_grade1p0,recycle,1.0,12,3,2.993366,0.273895
recycle_g64_grade1p0,recycle,1.0,12,4,3.680368,0.301754
recycle_g64_grade1p0,recycle,1.0,12,5,4.367370,0.294160
recycle_g64_grade1p0,recycle,1.0,12,6,5.054372,0.293573
recycle_g64_grade1p0,recycle,1.0,12,7,5.741374,0.317475
recycle_g64_grade1p0,recycle,1.0,12,8,6.428376,0.310461
recycle_g64_grade1p0,recycle,1.0,12,9,7.115378,0.315698
recycle_g64_grade1p0,recycle,1.0,12,10,7.802380,0.280982
recycle_g64_grade1p0,recycle,1.0,12,11,8.489382,0.307263
recycle_g64_grade1p0,recycle,1.0,13,0,0.932360,0.286786
recycle_g64_grade1p0,recycle,1.0,13,1,1.619362,0.236566
recycle_g64_grade1p0,recycle,1.0,13,2,2.306364,0.248835
recycle_g64_grade1p0,recycle,1.0,13,3,2.993366,0.275111
recycle_g64_grade1p0,recycle,1.0,13,4,3.680368,0.294069
recycle_g64_grade1p0,recycle,1.0,13,5,4.367370,0.318404
recycle_g64_grade1p0,recycle,1.0,13,6,5.054372,0.287786
recycle_g64_grade1p0,recycle,1.0,13,7,5.741374,0.288166
recycle_g64_grade1p0,recycle,1.0,13,8,6.428376,0.311007
recycle_g64_grade1p0,recycle,1.0,13,9,7.115378,0.317586
recycle_g64_grade1p0,recycle,1.0,13,10,7.802380,0.279175
recycle_g64_grade1p0,recycle,1.0,13,11,8.489382,0.315309
recycle_g64_grade1p0,recycle,1.0,14,0,0.932360,0.285775
recycle_g64_grade1p0,recycle,1.0,14,1,1.619362,0.239969
recycle_g64_grade1p0,recycle,1.0,14,2,2.306364,0.246137
recycle_g64_grade1p0,recycle,1.0,14,3,2.993366,0.276603
recycle_g64_grade1p0,recycle,1.0,14,4,3.680368,0.299464
recycle_g64_grade1p0,recycle,1.0,14,5,4.367370,0.295508
recycle_g64_grade1p0,recycle,1.0,14,6,5.054372,0.284537
recycle_g64_grade1p0,recycle,1.0,14,7,5.741374,0.321544
recycle_g64_grade1p0,recycle,1.0,14,8,6.428376,0.291724
recycle_g64_grade1p0,recycle,1.0,14,9,7.115378,0.281328
recycle_g64_grade1p0,recycle,1.0,14,10,7.802380,0.306339
recycle_g64_grade1p0,recycle,1.0,14,11,8.489382,0.309168
recycle_g64_grade1p0,recycle,1.0,15,0,0.932360,0.282789
recycle_g64_grade1p0,recycle,1.0,15,1,1.619362,0.242356
recycle_g64_grade1p0,recycle,1.0,15,2,2.306364,0.236909
recycle_g64_grade1p0,recycle,1.0,15,3,2.993366,0.277329
recycle_g64_grade1p0,recycle,1.0,15,4,3.680368,0.297976
recycle_g64_grade1p0,recycle,1.0,15,5,4.367370,0.294691
recycle_g64_grade1p0,recycle,1.0,15,6,5.054372,0.319904
recycle_g64_grade1p0,recycle,1.0,15,7,5.741374,0.282009
recycle_g64_grade1p0,recycle,1.0,15,8,6.428376,0.313836
recycle_g64_grade1p0,recycle,1.0,15,9,7.115378,0.281405
recycle_g64_grade1p0,recycle,1.0,15,10,7.802380,0.283081
recycle_g64_grade1p0,recycle,1.0,15,11,8.489382,0.308626
recycle_g64_grade1p0,recycle,1.0,16,0,0.932360,0.288006
recycle_g64_grade1p0,recycle,1.0,16,1,1.619362,0.243250
recycle_g64_grade1p0,recycle,1.0,16,2,2.306364,0.238158
recycle_g64_grade1p0,recycle,1.0,16,3,2.993366,0.266777
recycle_g64_grade1p0,recycle,1.0,16,4,3.680368,0.298045
recycle_g64_grade1p0,recycle,1.0,16,5,4.367370,0.299699
recycle_g64_grade1p0,recycle,1.0,16,6,5.054372,0.287429
recycle_g64_grade1p0,recycle,1.0,16,7,5.741374,0.314000
recycle_g64_grade1p0,recycle,1.0,16,8,6.428376,0.292864
recycle_g64_grade1p0,recycle,1.0,16,9,7.115378,0.284572
recycle_g64_grade1p0,recycle,1.0,16,10,7.802380,0.278198
recycle_g64_grade1p0,recycle,1.0,16,11,8.489382,0.318746
recycle_g64_grade1p0,recycle,1.0,17,0,0.932360,0.289473
recycle_g64_grade1p0,recycle,1.0,17,1,1.619362,0.246001
recycle_g64_grade1p0,recycle,1.0,17,2,2.306364,0.227922
recycle_g64_grade1p0,recycle,1.0,17,3,2.993366,0.271800
recycle_g64_grade1p0,recycle,1.0,17,4,3.680368,0.294968
recycle_g64_grade1p0,recycle,1.0,17,5,4.367370,0.296888
recycle_g64_grade1p0,recycle,1.0,17,6,5.054372,0.296906
recycle_g64_grade1p0,recycle,1.0,17,7,5.741374,0.323708
recycle_g64_grade1p0,recycle,1.0,17,8,6.428376,0.291959
recycle_g64_grade1p0,recycle,1.0,17,9,7.115378,0.316940
recycle_g64_grade1p0,recycle,1.0,17,10,7.802380,0.282988
recycle_g64_grade1p0,recycle,1.0,17,11,8.489382,0.322756
recycle_g64_grade1p0,recycle,1.0,18,0,0.932360,0.292746
recycle_g64_grade1p0,recycle,1.0,18,1,1.619362,0.248357
recycle_g64_grade1p0,recycle,1.0,18,2,2.306364,0.227670
recycle_g64_grade1p0,recycle,1.0,18,3,2.993366,0.254784
recycle_g64_grade1p0,recycle,1.0,18,4,3.680368,0.277767
recycle_g64_grade1p0,recycle,1.0,18,5,4.367370,0.302595
recycle_g64_grade1p0,recycle,1.0,18,6,5.054372,0.289538
recycle_g64_grade1p0,recycle,1.0,18,7,5.741374,0.318934
recycle_g64_grade1p0,recycle,1.0,18,8,6.428376,0.294284
recycle_g64_grade1p0,recycle,1.0,18,9,7.115378,0.318797
recycle_g64_grade1p0,recycle,1.0,18,10,7.802380,0.293904
recycle_g64_grade1p0,recycle,1.0,18,11,8.489382,0.325052
recycle_g64_grade1p0,recycle,1.0,19,0,0.932360,0.298155
recycle_g64_grade1p0,recycle,1.0,19,1,1.619362,0.249027
recycle_g64_grade1p0,recycle,1.0,19,2,2.306364,0.229982
recycle_g64_grade1p0,recycle,1.0,19,3,2.993366,0.243507
recycle_g64_grade1p0,recycle,1.0,19,4,3.680368,0.283291
recycle_g64_grade1p0,recycle,1.0,19,5,4.367370,0.298818
recycle_g64_grade1p0,recycle,1.0,19,6,5.054372,0.309913
recycle_g64_grade1p0,recycle,1.0,19,7,5.741374,0.310354
recycle_g64_grade1p0,recycle,1.0,19,8,6.428376,0.296751
recycle_g64_grade1p0,recycle,1.0,19,9,7.115378,0.318947
recycle_g64_grade1p0,recycle,1.0,19,10,7.802380,0.278989
recycle_g64_grade1p0,recycle,1.0,19,11,8.489382,0.325222
recycle_g64_grade1p0,recycle,1.0,20,0,0.932360,0.299036
recycle_g64_grade1p0,recycle,1.0,20,1,1.619362,0.249862
recycle_g64_grade1p0,recycle,1.0,20,2,2.306364,0.225481
recycle_g64_grade1p0,recycle,1.0,20,3,2.993366,0.250713
recycle_g64_grade1p0,recycle,1.0,20,4,3.680368,0.274556
recycle_g64_grade1p0,recycle,1.0,20,5,4.367370,0.301379
recycle_g64_grade1p0,recycle,1.0,20,6,5.054372,0.312011
recycle_g64_grade1p0,recycle,1.0,20,7,5.741374,0.293410
recycle_g64_grade1p0,recycle,1.0,20,8,6.428376,0.324097
recycle_g64_grade1p0,recycle,1.0,20,9,7.115378,0.279349
recycle_g64_grade1p0,recycle,1.0,20,10,7.802380,0.313625
recycle_g64_grade1p0,recycle,1.0,20,11,8.489382,0.314406
recycle_g64_grade1p0,recycle,1.0,21,0,0.932360,0.296950
recycle_g64_grade1p0,recycle,1.0,21,1,1.619362,0.251995
recycle_g64_grade1p0,recycle,1.0,21,2,2.306364,0.225949
recycle_g64_grade1p0,recycle,1.0,21,3,2.993366,0.241971
recycle_g64_grade1p0,recycle,1.0,21,4,3.680368,0.271882
recycle_g64_grade1p0,recycle,1.0,21,5,4.367370,0.298102
recycle_g64_grade1p0,recycle,1.0,21,6,5.054372,0.310129
recycle_g64_grade1p0,recycle,1.0,21,7,5.741374,0.311105
recycle_g64_grade1p0,recycle,1.0,21,8,6.428376,0.290925
recycle_g64_grade1p0,recycle,1.0,21,9,7.115378,0.317999
recycle_g64_grade1p0,recycle,1.0,21,10,7.802380,0.312077
recycle_g64_grade1p0,recycle,1.0,21,11,8.489382,0.324192
recycle_g64_grade1p0,recycle,1.0,22,0,0.932360,0.303534
recycle_g64_grade1p0,recycle,1.0,22,1,1.619362,0.250165
recycle_g64_grade1p0,recycle,1.0,22,2,2.306364,0.229370
recycle_g64_grade1p0,recycle,1.0,22,3,2.993366,0.241541
recycle_g64_grade1p0,recycle,1.0,22,4,3.680368,0.265412
recycle_g64_grade1p0,recycle,1.0,22,5,4.367370,0.301292
recycle_g64_grade1p0,recycle,1.0,22,6,5.054372,0.295241
recycle_g64_grade1p0,recycle,1.0,22,7,5.741374,0.290292
recycle_g64_grade1p0,recycle,1.0,22,8,6.428376,0.326755
recycle_g64_grade1p0,recycle,1.0,22,9,7.115378,0.294018
recycle_g64_grade1p0,recycle,1.0,22,10,7.802380,0.276037
recycle_g64_grade1p0,recycle,1.0,22,11,8.489382,0.318944
recycle_g64_grade1p0,recycle,1.0,23,0,0.932360,0.310969
recycle_g64_grade1p0,recycle,1.0,23,1,1.619362,0.245716
recycle_g64_grade1p0,recycle,1.0,23,2,2.306364,0.245277
recycle_g64_grade1p0,recycle,1.0,23,3,2.993366,0.238170
recycle_g64_grade1p0,recycle,1.0,23,4,3.680368,0.264653
recycle_g64_grade1p0,recycle,1.0,23,5,4.367370,0.305274
recycle_g64_grade1p0,recycle,1.0,23,6,5.054372,0.294417
recycle_g64_grade1p0,recycle,1.0,23,7,5.741374,0.322950
recycle_g64_grade1p0,recycle,1.0,23,8,6.428376,0.288113
recycle_g64_grade1p0,recycle,1.0,23,9,7.115378,0.321129
recycle_g64_grade1p0,recycle,1.0,23,10,7.802380,0.275839
recycle_g64_grade1p0,recycle,1.0,23,11,8.489382,0.319873
recycle_g64_grade1p0,recycle,1.0,24,0,0.932360,0.303821
recycle_g64_grade1p0,recycle,1.0,24,1,1.619362,0.240620
recycle_g64_grade1p0,recycle,1.0,24,2,2.306364,0.252830
recycle_g64_grade1p0,recycle,1.0,24,3,2.993366,0.232534
recycle_g64_grade1p0,recycle,1.0,24,4,3.680368,0.263669
recycle_g64_grade1p0,recycle,1.0,24,5,4.367370,0.303894
recycle_g64_grade1p0,recycle,1.0,24,6,5.054372,0.298018
recycle_g64_grade1p0,recycle,1.0,24,7,5.741374,0.294225
recycle_g64_grade1p0,recycle,1.0,24,8,6.428376,0.300409
recycle_g64_grade1p0,recycle,1.0,24,9,7.115378,0.293279
recycle_g64_grade1p0,recycle,1.0,24,10,7.802380,0.285108
recycle_g64_grade1p0,recycle,1.0,24,11,8.489382,0.319339
recycle_g64_grade1p0,recycle,1.0,25,0,0.932360,0.310249
recycle_g64_grade1p0,recycle,1.0,25,1,1.619362,0.237666
recycle_g64_grade1p0,recycle,1.0,25,2,2.306364,0.252832
recycle_g64_grade1p0,recycle,1.0,25,3,2.993366,0.234077
recycle_g64_grade1p0,recycle,1.0,25,4,3.680368,0.261705
recycle_g64_grade1p0,recycle,1.0,25,5,4.367370,0.304203
recycle_g64_grade1p0,recycle,1.0,25,6,5.054372,0.284521
recycle_g64_grade1p0,recycle,1.0,25,7,5.741374,0.302212
recycle_g64_grade1p0,recycle,1.0,25,8,6.428376,0.327312
recycle_g64_grade1p0,recycle,1.0,25,9,7.115378,0.292292
recycle_g64_grade1p0,recycle,1.0,25,10,7.802380,0.290184
recycle_g64_grade1p0,recycle,1.0,25,11,8.489382,0.320361
recycle_g64_grade1p0,recycle,1.0,26,0,0.932360,0.309374
recycle_g64_grade1p0,recycle,1.0,26,1,1.619362,0.239977
recycle_g64_grade1p0,recycle,1.0,26,2,2.306364,0.254303
recycle_g64_grade1p0,recycle,1.0,26,3,2.993366,0.229065
recycle_g64_grade1p0,recycle,1.0,26,4,3.680368,0.260044
recycle_g64_grade1p0,recycle,1.0,26,5,4.367370,0.272036
recycle_g64_grade1p0,recycle,1.0,26,6,5.054372,0.295138
recycle_g64_grade1p0,recycle,1.0,26,7,5.741374,0.299499
recycle_g64_grade1p0,recycle,1.0,26,8,6.428376,0.322011
recycle_g64_grade1p0,recycle,1.0,26,9,7.115378,0.290446
recycle_g64_grade1p0,recycle,1.0,26,10,7.802380,0.315454
recycle_g64_grade1p0,recycle,1.0,26,11,8.489382,0.319010
recycle_g64_grade1p0,recycle,1.0,27,0,0.932360,0.309189
recycle_g64_grade1p0,recycle,1.0,27,1,1.619362,0.241663
recycle_g64_grade1p0,recycle,1.0,27,2,2.306364,0.252919
recycle_g64_grade1p0,recycle,1.0,27,3,2.993366,0.223842
recycle_g64_grade1p0,recycle,1.0,27,4,3.680368,0.261723
recycle_g64_grade1p0,recycle,1.0,27,5,4.367370,0.262774
recycle_g64_grade1p0,recycle,1.0,27,6,5.054372,0.299534
recycle_g64_grade1p0,recycle,1.0,27,7,5.741374,0.288436
recycle_g64_grade1p0,recycle,1.0,27,8,6.428376,0.309182
recycle_g64_grade1p0,recycle,1.0,27,9,7.115378,0.297414
recycle_g64_grade1p0,recycle,1.0,27,10,7.802380,0.309742
recycle_g64_grade1p0,recycle,1.0,27,11,8.489382,0.319262
recycle_g64_grade1p0,recycle,1.0,28,0,0.932360,0.308790
recycle_g64_grade1p0,recycle,1.0,28,1,1.619362,0.242672
recycle_g64_grade1p0,recycle,1.0,28,2,2.306364,0.251550
recycle_g64_grade1p0,recycle,1.0,28,3,2.993366,0.228530
recycle_g64_grade1p0,recycle,1.0,28,4,3.680368,0.242892
recycle_g64_grade1p0,recycle,1.0,28,5,4.367370,0.262724
recycle_g64_grade1p0,recycle,1.0,28,6,5.054372,0.299940
recycle_g64_grade1p0,recycle,1.0,28,7,5.741374,0.306526
recycle_g64_grade1p0,recycle,1.0,28,8,6.428376,0.282474
recycle_g64_grade1p0,recycle,1.0,28,9,7.115378,0.325254
recycle_g64_grade1p0,recycle,1.0,28,10,7.802380,0.271509
recycle_g64_grade1p0,recycle,1.0,28,11,8.489382,0.320025
recycle_g64_grade1p0,recycle,1.0,29,0,0.932360,0.312962
recycle_g64_grade1p0,recycle,1.0,29,1,1.619362,0.245266
recycle_g64_grade1p0,recycle,1.0,29,2,2.306364,0.250534
recycle_g64_grade1p0,recycle,1.0,29,3,2.993366,0.229739
recycle_g64_grade1p0,recycle,1.0,29,4,3.680368,0.234561
recycle_g64_grade1p0,recycle,1.0,29,5,4.367370,0.262116
recycle_g64_grade1p0,recycle,1.0,29,6,5.054372,0.292802
recycle_g64_grade1p0,recycle,1.0,29,7,5.741374,0.292039
recycle_g64_grade1p0,recycle,1.0,29,8,6.428376,0.306191
recycle_g64_grade1p0,recycle,1.0,29,9,7.115378,0.296527
recycle_g64_grade1p0,recycle,1.0,29,10,7.802380,0.307010
recycle_g64_grade1p0,recycle,1.0,29,11,8.489382,0.322417
recycle_g64_grade1p0,recycle,1.0,30,0,0.932360,0.308265
recycle_g64_grade1p0,recycle,1.0,30,1,1.619362,0.250148
recycle_g64_grade1p0,recycle,1.0,30,2,2.306364,0.249468
recycle_g64_grade1p0,recycle,1.0,30,3,2.993366,0.229462
recycle_g64_grade1p0,recycle,1.0,30,4,3.680368,0.231084
recycle_g64_grade1p0,recycle,1.0,30,5,4.367370,0.258841
recycle_g64_grade1p0,recycle,1.0,30,6,5.054372,0.294518
recycle_g64_grade1p0,recycle,1.0,30,7,5.741374,0.292013
recycle_g64_grade1p0,recycle,1.0,30,8,6.428376,0.287090
recycle_g64_grade1p0,recycle,1.0,30,9,7.115378,0.285285
recycle_g64_grade1p0,recycle,1.0,30,10,7.802380,0.316819
recycle_g64_grade1p0,recycle,1.0,30,11,8.489382,0.321443
recycle_g64_grade1p0,recycle,1.0,31,0,0.932360,0.311060
recycle_g64_grade1p0,recycle,1.0,31,1,1.619362,0.253108
recycle_g64_grade1p0,recycle,1.0,31,2,2.306364,0.245899
recycle_g64_grade1p0,recycle,1.0,31,3,2.993366,0.224903
recycle_g64_grade1p0,recycle,1.0,31,4,3.680368,0.238984
recycle_g64_grade1p0,recycle,1.0,31,5,4.367370,0.255431
recycle_g64_grade1p0,recycle,1.0,31,6,5.054372,0.277365
recycle_g64_grade1p0,recycle,1.0,31,7,5.741374,0.291132
recycle_g64_grade1p0,recycle,1.0,31,8,6.428376,0.315994
recycle_g64_grade1p0,recycle,1.0,31,9,7.115378,0.288798
recycle_g64_grade1p0,recycle,1.0,31,10,7.802380,0.312159
recycle_g64_grade1p0,recycle,1.0,31,11,8.489382,0.313929
recycle_g64_grade1p0,recycle,1.0,32,0,0.932360,0.321840
recycle_g64_grade1p0,recycle,1.0,32,1,1.619362,0.256074
recycle_g64_grade1p0,recycle,1.0,32,2,2.306364,0.245199
recycle_g64_grade1p0,recycle,1.0,32,3,2.993366,0.231229
recycle_g64_grade1p0,recycle,1.0,32,4,3.680368,0.231427
recycle_g64_grade1p0,recycle,1.0,32,5,4.367370,0.253110
recycle_g64_grade1p0,recycle,1.0,32,6,5.054372,0.293369
recycle_g64_grade1p0,recycle,1.0,32,7,5.741374,0.285933
recycle_g64_grade1p0,recycle,1.0,32,8,6.428376,0.314425
recycle_g64_grade1p0,recycle,1.0,32,9,7.115378,0.294133
recycle_g64_grade1p0,recycle,1.0,32,10,7.802380,0.304771
recycle_g64_grade1p0,recycle,1.0,32,11,8.489382,0.319817
recycle_g64_grade1p0,recycle,1.0,33,0,0.932360,0.315458
recycle_g64_grade1p0,recycle,1.0,33,1,1.619362,0.258484
recycle_g64_grade1p0,recycle,1.0,33,2,2.306364,0.246468
recycle_g64_grade1p0,recycle,1.0,33,3,2.993366,0.225901
recycle_g64_grade1p0,recycle,1.0,33,4,3.680368,0.229779
recycle_g64_grade1p0,recycle,1.0,33,5,4.367370,0.247530
recycle_g64_grade1p0,recycle,1.0,33,6,5.054372,0.278680
recycle_g64_grade1p0,recycle,1.0,33,7,5.741374,0.290637
recycle_g64_grade1p0,recycle,1.0,33,8,6.428376,0.285904
recycle_g64_grade1p0,recycle,1.0,33,9,7.115378,0.322630
recycle_g64_grade1p0,recycle,1.0,33,10,7.802380,0.282556
recycle_g64_grade1p0,recycle,1.0,33,11,8.489382,0.324723
recycle_g64_grade1p0,recycle,1.0,34,0,0.932360,0.311423
recycle_g64_grade1p0,recycle,1.0,34,1,1.619362,0.250660
recycle_g64_grade1p0,recycle,1.0,34,2,2.306364,0.251700
recycle_g64_grade1p0,recycle,1.0,34,3,2.993366,0.240239
recycle_g64_grade1p0,recycle,1.0,34,4,3.680368,0.224290
recycle_g64_grade1p0,recycle,1.0,34,5,4.367370,0.251517
recycle_g64_grade1p0,recycle,1.0,34,6,5.054372,0.286427
recycle_g64_grade1p0,recycle,1.0,34,7,5.741374,0.273718
recycle_g64_grade1p0,recycle,1.0,34,8,6.428376,0.287063
recycle_g64_grade1p0,recycle,1.0,34,9,7.115378,0.317422
recycle_g64_grade1p0,recycle,1.0,34,10,7.802380,0.290925
recycle_g64_grade1p0,recycle,1.0,34,11,8.489382,0.317518
recycle_g64_grade1p0,recycle,1.0,35,0,0.932360,0.309698
recycle_g64_grade1p0,recycle,1.0,35,1,1.619362,0.258485
recycle_g64_grade1p0,recycle,1.0,35,2,2.306364,0.256158
recycle_g64_grade1p0,recycle,1.0,35,3,2.993366,0.241571
recycle_g64_grade1p0,recycle,1.0,35,4,3.680368,0.225408
recycle_g64_grade1p0,recycle,1.0,35,5,4.367370,0.250992
recycle_g64_grade1p0,recycle,1.0,35,6,5.054372,0.253964
recycle_g64_grade1p0,recycle,1.0,35,7,5.741374,0.288118
recycle_g64_grade1p0,recycle,1.0,35,8,6.428376,0.304337
recycle_g64_grade1p0,recycle,1.0,35,9,7.115378,0.308112
recycle_g64_grade1p0,recycle,1.0,35,10,7.802380,0.303017
recycle_g64_grade1p0,recycle,1.0,35,11,8.489382,0.324478
recycle_g64_grade1p0,recycle,1.0,36,0,0.932360,0.309332
recycle_g64_grade1p0,recycle,1.0,36,1,1.619362,0.260124
recycle_g64_grade1p0,recycle,1.0,36,2,2.306364,0.259172
recycle_g64_grade1p0,recycle,1.0,36,3,2.993366,0.242917
recycle_g64_grade1p0,recycle,1.0,36,4,3.680368,0.224174
recycle_g64_grade1p0,recycle,1.0,36,5,4.367370,0.246485
recycle_g64_grade1p0,recycle,1.0,36,6,5.054372,0.251429
recycle_g64_grade1p0,recycle,1.0,36,7,5.741374,0.287559
recycle_g64_grade1p0,recycle,1.0,36,8,6.428376,0.286482
recycle_g64_grade1p0,recycle,1.0,36,9,7.115378,0.286556
recycle_g64_grade1p0,recycle,1.0,36,10,7.802380,0.316032
recycle_g64_grade1p0,recycle,1.0,36,11,8.489382,0.324307
recycle_g64_grade1p0,recycle,1.0,37,0,0.932360,0.313231
recycle_g64_grade1p0,recycle,1.0,37,1,1.619362,0.260844
recycle_g64_grade1p0,recycle,1.0,37,2,2.306364,0.252314
recycle_g64_grade1p0,recycle,1.0,37,3,2.993366,0.242693
recycle_g64_grade1p0,recycle,1.0,37,4,3.680368,0.224050
recycle_g64_grade1p0,recycle,1.0,37,5,4.367370,0.246418
recycle_g64_grade1p0,recycle,1.0,37,6,5.054372,0.248752
recycle_g64_grade1p0,recycle,1.0,37,7,5.741374,0.274606
recycle_g64_grade1p0,recycle,1.0,37,8,6.428376,0.309601
recycle_g64_grade1p0,recycle,1.0,37,9,7.115378,0.282277
recycle_g64_grade1p0,recycle,1.0,37,10,7.802380,0.319828
recycle_g64_grade1p0,recycle,1.0,37,11,8.489382,0.324723
recycle_g64_grade1p0,recycle,1.0,38,0,0.932360,0.315079
recycle_g64_grade1p0,recycle,1.0,38,1,1.619362,0.258332
recycle_g64_grade1p0,recycle,1.0,38,2,2.306364,0.264466
recycle_g64_grade1p0,recycle,1.0,38,3,2.993366,0.238601
recycle_g64_grade1p0,recycle,1.0,38,4,3.680368,0.225205
recycle_g64_grade1p0,recycle,1.0,38,5,4.367370,0.238332
recycle_g64_grade1p0,recycle,1.0,38,6,5.054372,0.247761
recycle_g64_grade1p0,recycle,1.0,38,7,5.741374,0.286294
recycle_g64_grade1p0,recycle,1.0,38,8,6.428376,0.284729
recycle_g64_grade1p0,recycle,1.0,38,9,7.115378,0.306614
recycle_g64_grade1p0,recycle,1.0,38,10,7.802380,0.286816
recycle_g64_grade1p0,recycle,1.0,38,11,8.489382,0.326418
recycle_g64_grade1p0,recycle,1.0,39,0,0.932360,0.316402
recycle_g64_grade1p0,recycle,1.0,39,1,1.619362,0.259915
recycle_g64_grade1p0,recycle,1.0,39,2,2.306364,0.264209
recycle_g64_grade1p0,recycle,1.0,39,3,2.993366,0.241384
recycle_g64_grade1p0,recycle,1.0,39,4,3.680368,0.224587
recycle_g64_grade1p0,recycle,1.0,39,5,4.367370,0.236434
recycle_g64_grade1p0,recycle,1.0,39,6,5.054372,0.245577
recycle_g64_grade1p0,recycle,1.0,39,7,5.741374,0.279662
recycle_g64_grade1p0,recycle,1.0,39,8,6.428376,0.284147
recycle_g64_grade1p0,recycle,1.0,39,9,7.115378,0.314111
recycle_g64_grade1p0,recycle,1.0,39,10,7.802380,0.289853
recycle_g64_grade1p0,recycle,1.0,39,11,8.489382,0.332604
recycle_g64_grade1p0,recycle,1.0,40,0,0.932360,0.310015
recycle_g64_grade1p0,recycle,1.0,40,1,1.619362,0.264602
recycle_g64_grade1p0,recycle,1.0,40,2,2.306364,0.259690
recycle_g64_grade1p0,recycle,1.0,40,3,2.993366,0.235931
recycle_g64_grade1p0,recycle,1.0,40,4,3.680368,0.235316
recycle_g64_grade1p0,recycle,1.0,40,5,4.367370,0.231772
recycle_g64_grade1p0,recycle,1.0,40,6,5.054372,0.243661
recycle_g64_grade1p0,recycle,1.0,40,7,5.741374,0.269291
recycle_g64_grade1p0,recycle,1.0,40,8,6.428376,0.285351
recycle_g64_grade1p0,recycle,1.0,40,9,7.115378,0.279899
recycle_g64_grade1p0,recycle,1.0,40,10,7.802380,0.316271
recycle_g64_grade1p0,recycle,1.0,40,11,8.489382,0.327398
recycle_g64_grade1p0,recycle,1.0,41,0,0.932360,0.309749
recycle_g64_grade1p0,recycle,1.0,41,1,1.619362,0.264540
recycle_g64_grade1p0,recycle,1.0,41,2,2.306364,0.263898
recycle_g64_grade1p0,recycle,1.0,41,3,2.993366,0.237276
recycle_g64_grade1p0,recycle,1.0,41,4,3.680368,0.235659
recycle_g64_grade1p0,recycle,1.0,41,5,4.367370,0.229118
recycle_g64_grade1p0,recycle,1.0,41,6,5.054372,0.241169
recycle_g64_grade1p0,recycle,1.0,41,7,5.741374,0.263516
recycle_g64_grade1p0,recycle,1.0,41,8,6.428376,0.274777
recycle_g64_grade1p0,recycle,1.0,41,9,7.115378,0.303384
recycle_g64_grade1p0,recycle,1.0,41,10,7.802380,0.317559
recycle_g64_grade1p0,recycle,1.0,41,11,8.489382,0.328356
recycle_g64_grade1p0,recycle,1.0,42,0,0.932360,0.309641
recycle_g64_grade1p0,recycle,1.0,42,1,1.619362,0.260287
recycle_g64_grade1p0,recycle,1.0,42,2,2.306364,0.265935
recycle_g64_grade1p0,recycle,1.0,42,3,2.993366,0.234541
recycle_g64_grade1p0,recycle,1.0,42,4,3.680368,0.230177
recycle_g64_grade1p0,recycle,1.0,42,5,4.367370,0.234965
recycle_g64_grade1p0,recycle,1.0,42,6,5.054372,0.238893
recycle_g64_grade1p0,recycle,1.0,42,7,5.741374,0.280441
recycle_g64_grade1p0,recycle,1.0,42,8,6.428376,0.274941
recycle_g64_grade1p0,recycle,1.0,42,9,7.115378,0.278195
recycle_g64_grade1p0,recycle,1.0,42,10,7.802380,0.306148
recycle_g64_grade1p0,recycle,1.0,42,11,8.489382,0.328127
recycle_g64_grade1p0,recycle,1.0,43,0,0.932360,0.311483
recycle_g64_grade1p0,recycle,1.0,43,1,1.619362,0.249040
recycle_g64_grade1p0,recycle,1.0,43,2,2.306364,0.271570
recycle_g64_grade1p0,recycle,1.0,43,3,2.993366,0.245746
recycle_g64_grade1p0,recycle,1.0,43,4,3.680368,0.229310
recycle_g64_grade1p0,recycle,1.0,43,5,4.367370,0.232052
recycle_g64_grade1p0,recycle,1.0,43,6,5.054372,0.237608
recycle_g64_grade1p0,recycle,1.0,43,7,5.741374,0.256100
recycle_g64_grade1p0,recycle,1.0,43,8,6.428376,0.276171
recycle_g64_grade1p0,recycle,1.0,43,9,7.115378,0.291091
recycle_g64_grade1p0,recycle,1.0,43,10,7.802380,0.289248
recycle_g64_grade1p0,recycle,1.0,43,11,8.489382,0.334773
recycle_g64_grade1p0,recycle,1.0,44,0,0.932360,0.311926
recycle_g64_grade1p0,recycle,1.0,44,1,1.619362,0.249903
recycle_g64_grade1p0,recycle,1.0,44,2,2.306364,0.272449
recycle_g64_grade1p0,recycle,1.0,44,3,2.993366,0.248902
recycle_g64_grade1p0,recycle,1.0,44,4,3.680368,0.224667
recycle_g64_grade1p0,recycle,1.0,44,5,4.367370,0.226349
recycle_g64_grade1p0,recycle,1.0,44,6,5.054372,0.237958
recycle_g64_grade1p0,recycle,1.0,44,7,5.741374,0.250644
recycle_g64_grade1p0,recycle,1.0,44,8,6.428376,0.277513
recycle_g64_grade1p0,recycle,1.0,44,9,7.115378,0.276920
recycle_g64_grade1p0,recycle,1.0,44,10,7.802380,0.306480
recycle_g64_grade1p0,recycle,1.0,44,11,8.489382,0.338175
recycle_g64_grade1p0,recycle,1.0,45,0,0.932360,0.310437
recycle_g64_grade1p0,recycle,1.0,45,1,1.619362,0.235616
recycle_g64_grade1p0,recycle,1.0,45,2,2.306364,0.283864
recycle_g64_grade1p0,recycle,1.0,45,3,2.993366,0.248899
recycle_g64_grade1p0,recycle,1.0,45,4,3.680368,0.233914
recycle_g64_grade1p0,recycle,1.0,45,5,4.367370,0.223293
recycle_g64_grade1p0,recycle,1.0,45,6,5.054372,0.237602
recycle_g64_grade1p0,recycle,1.0,45,7,5.741374,0.242671
recycle_g64_grade1p0,recycle,1.0,45,8,6.428376,0.270715
recycle_g64_grade1p0,recycle,1.0,45,9,7.115378,0.290927
recycle_g64_grade1p0,recycle,1.0,45,10,7.802380,0.289356
recycle_g64_grade1p0,recycle,1.0,45,11,8.489382,0.336692
recycle_g64_grade1p0,recycle,1.0,46,0,0.932360,0.311434
recycle_g64_grade1p0,recycle,1.0,46,1,1.619362,0.231966
recycle_g64_grade1p0,recycle,1.0,46,2,2.306364,0.274216
recycle_g64_grade1p0,recycle,1.0,46,3,2.993366,0.258708
recycle_g64_grade1p0,recycle,1.0,46,4,3.680368,0.247945
recycle_g64_grade1p0,recycle,1.0,46,5,4.367370,0.222830
recycle_g64_grade1p0,recycle,1.0,46,6,5.054372,0.235576
recycle_g64_grade1p0,recycle,1.0,46,7,5.741374,0.242132
recycle_g64_grade1p0,recycle,1.0,46,8,6.428376,0.269505
recycle_g64_grade1p0,recycle,1.0,46,9,7.115378,0.273642
recycle_g64_grade1p0,recycle,1.0,46,10,7.802380,0.311544
recycle_g64_grade1p0,recycle,1.0,46,11,8.489382,0.326458
recycle_g64_grade1p0,recycle,1.0,47,0,0.932360,0.324639
recycle_g64_grade1p0,recycle,1.0,47,1,1.619362,0.235556
recycle_g64_grade1p0,recycle,1.0,47,2,2.306364,0.274088
recycle_g64_grade1p0,recycle,1.0,47,3,2.993366,0.251445
recycle_g64_grade1p0,recycle,1.0,47,4,3.680368,0.241246
recycle_g64_grade1p0,recycle,1.0,47,5,4.367370,0.224328
recycle_g64_grade1p0,recycle,1.0,47,6,5.054372,0.235605
recycle_g64_grade1p0,recycle,1.0,47,7,5.741374,0.237871
recycle_g64_grade1p0,recycle,1.0,47,8,6.428376,0.272018
recycle_g64_grade1p0,recycle,1.0,47,9,7.115378,0.267741
recycle_g64_grade1p0,recycle,1.0,47,10,7.802380,0.306860
recycle_g64_grade1p0,recycle,1.0,47,11,8.489382,0.319534
recycle_g64_grade1p0,recycle,1.0,48,0,0.932360,0.321404
recycle_g64_grade1p0,recycle,1.0,48,1,1.619362,0.228383
recycle_g64_grade1p0,recycle,1.0,48,2,2.306364,0.272453
recycle_g64_grade1p0,recycle,1.0,48,3,2.993366,0.262083
recycle_g64_grade1p0,recycle,1.0,48,4,3.680368,0.233932
recycle_g64_grade1p0,recycle,1.0,48,5,4.367370,0.225073
recycle_g64_grade1p0,recycle,1.0,48,6,5.054372,0.234594
recycle_g64_grade1p0,recycle,1.0,48,7,5.741374,0.235180
recycle_g64_grade1p0,recycle,1.0,48,8,6.428376,0.263225
recycle_g64_grade1p0,recycle,1.0,48,9,7.115378,0.273967
recycle_g64_grade1p0,recycle,1.0,48,10,7.802380,0.307636
recycle_g64_grade1p0,recycle,1.0,48,11,8.489382,0.332915
recycle_g64_grade1p0,recycle,1.0,49,0,0.932360,0.314108
recycle_g64_grade1p0,recycle,1.0,49,1,1.619362,0.229655
recycle_g64_grade1p0,recycle,1.0,49,2,2.306364,0.272151
recycle_g64_grade1p0,recycle,1.0,49,3,2.993366,0.261105
recycle_g64_grade1p0,recycle,1.0,49,4,3.680368,0.233528
recycle_g64_grade1p0,recycle,1.0,49,5,4.367370,0.226282
recycle_g64_grade1p0,recycle,1.0,49,6,5.054372,0.233716
recycle_g64_grade1p0,recycle,1.0,49,7,5.741374,0.233528
recycle_g64_grade1p0,recycle,1.0,49,8,6.428376,0.269871
recycle_g64_grade1p0,recycle,1.0,49,9,7.115378,0.267646
recycle_g64_grade1p0,recycle,1.0,49,10,7.802380,0.272517
recycle_g64_grade1p0,recycle,1.0,49,11,8.489382,0.335250
recycle_g64_grade1p0,recycle,1.0,50,0,0.932360,0.328917
recycle_g64_grade1p0,recycle,1.0,50,1,1.619362,0.230228
recycle_g64_grade1p0,recycle,1.0,50,2,2.306364,0.277410
recycle_g64_grade1p0,recycle,1.0,50,3,2.993366,0.257783
recycle_g64_grade1p0,recycle,1.0,50,4,3.680368,0.230340
recycle_g64_grade1p0,recycle,1.0,50,5,4.367370,0.237156
recycle_g64_grade1p0,recycle,1.0,50,6,5.054372,0.232898
recycle_g64_grade1p0,recycle,1.0,50,7,5.741374,0.232508
recycle_g64_grade1p0,recycle,1.0,50,8,6.428376,0.262896
recycle_g64_grade1p0,recycle,1.0,50,9,7.115378,0.267828
recycle_g64_grade1p0,recycle,1.0,50,10,7.802380,0.271807
recycle_g64_grade1p0,recycle,1.0,50,11,8.489382,0.335098
recycle_g64_grade1p0,recycle,1.0,51,0,0.932360,0.325767
recycle_g64_grade1p0,recycle,1.0,51,1,1.619362,0.228421
recycle_g64_grade1p0,recycle,1.0,51,2,2.306364,0.276411
recycle_g64_grade1p0,recycle,1.0,51,3,2.993366,0.262456
recycle_g64_grade1p0,recycle,1.0,51,4,3.680368,0.229283
recycle_g64_grade1p0,recycle,1.0,51,5,4.367370,0.245907
recycle_g64_grade1p0,recycle,1.0,51,6,5.054372,0.232372
recycle_g64_grade1p0,recycle,1.0,51,7,5.741374,0.229939
recycle_g64_grade1p0,recycle,1.0,51,8,6.428376,0.265494
recycle_g64_grade1p0,recycle,1.0,51,9,7.115378,0.264779
recycle_g64_grade1p0,recycle,1.0,51,10,7.802380,0.286039
recycle_g64_grade1p0,recycle,1.0,51,11,8.489382,0.327229
recycle_g64_grade1p0,recycle,1.0,52,0,0.932360,0.327136
recycle_g64_grade1p0,recycle,1.0,52,1,1.619362,0.230191
recycle_g64_grade1p0,recycle,1.0,52,2,2.306364,0.275942
recycle_g64_grade1p0,recycle,1.0,52,3,2.993366,0.267022
recycle_g64_grade1p0,recycle,1.0,52,4,3.680368,0.231300
recycle_g64_grade1p0,recycle,1.0,52,5,4.367370,0.229074
recycle_g64_grade1p0,recycle,1.0,52,6,5.054372,0.232068
recycle_g64_grade1p0,recycle,1.0,52,7,5.741374,0.231296
recycle_g64_grade1p0,recycle,1.0,52,8,6.428376,0.245634
recycle_g64_grade1p0,recycle,1.0,52,9,7.115378,0.266441
recycle_g64_grade1p0,recycle,1.0,52,10,7.802380,0.272084
recycle_g64_grade1p0,recycle,1.0,52,11,8.489382,0.331234
recycle_g64_grade1p0,recycle,1.0,53,0,0.932360,0.334657
recycle_g64_grade1p0,recycle,1.0,53,1,1.619362,0.236698
recycle_g64_grade1p0,recycle,1.0,53,2,2.306364,0.254090
recycle_g64_grade1p0,recycle,1.0,53,3,2.993366,0.271599
recycle_g64_grade1p0,recycle,1.0,53,4,3.680368,0.234449
recycle_g64_grade1p0,recycle,1.0,53,5,4.367370,0.228245
recycle_g64_grade1p0,recycle,1.0,53,6,5.054372,0.235116
recycle_g64_grade1p0,recycle,1.0,53,7,5.741374,0.229884
recycle_g64_grade1p0,recycle,1.0,53,8,6.428376,0.242791
recycle_g64_grade1p0,recycle,1.0,53,9,7.115378,0.266003
recycle_g64_grade1p0,recycle,1.0,53,10,7.802380,0.269542
recycle_g64_grade1p0,recycle,1.0,53,11,8.489382,0.332394
recycle_g64_grade1p0,recycle,1.0,54,0,0.932360,0.337522
recycle_g64_grade1p0,recycle,1.0,54,1,1.619362,0.231115
recycle_g64_grade1p0,recycle,1.0,54,2,2.306364,0.249852
recycle_g64_grade1p0,recycle,1.0,54,3,2.993366,0.274930
recycle_g64_grade1p0,recycle,1.0,54,4,3.680368,0.240606
recycle_g64_grade1p0,recycle,1.0,54,5,4.367370,0.228712
recycle_g64_grade1p0,recycle,1.0,54,6,5.054372,0.232330
recycle_g64_grade1p0,recycle,1.0,54,7,5.741374,0.228967
recycle_g64_grade1p0,recycle,1.0,54,8,6.428376,0.237581
recycle_g64_grade1p0,recycle,1.0,54,9,7.115378,0.266654
recycle_g64_grade1p0,recycle,1.0,54,10,7.802380,0.269139
recycle_g64_grade1p0,recycle,1.0,54,11,8.489382,0.333785
recycle_g64_grade1p0,recycle,1.0,55,0,0.932360,0.326141
recycle_g64_grade1p0,recycle,1.0,55,1,1.619362,0.227264
recycle_g64_grade1p0,recycle,1.0,55,2,2.306364,0.255354
recycle_g64_grade1p0,recycle,1.0,55,3,2.993366,0.272880
recycle_g64_grade1p0,recycle,1.0,55,4,3.680368,0.248227
recycle_g64_grade1p0,recycle,1.0,55,5,4.367370,0.228712
recycle_g64_grade1p0,recycle,1.0,55,6,5.054372,0.225898
recycle_g64_grade1p0,recycle,1.0,55,7,5.741374,0.232147
recycle_g64_grade1p0,recycle,1.0,55,8,6.428376,0.231194
recycle_g64_grade1p0,recycle,1.0,55,9,7.115378,0.267903
recycle_g64_grade1p0,recycle,1.0,55,10,7.802380,0.261444
recycle_g64_grade1p0,recycle,1.0,55,11,8.489382,0.334628
recycle_g64_grade1p0,recycle,1.0,56,0,0.932360,0.330871
recycle_g64_grade1p0,recycle,1.0,56,1,1.619362,0.224809
recycle_g64_grade1p0,recycle,1.0,56,2,2.306364,0.256746
recycle_g64_grade1p0,recycle,1.0,56,3,2.993366,0.269993
recycle_g64_grade1p0,recycle,1.0,56,4,3.680368,0.249513
recycle_g64_grade1p0,recycle,1.0,56,5,4.367370,0.245766
recycle_g64_grade1p0,recycle,1.0,56,6,5.054372,0.222342
recycle_g64_grade1p0,recycle,1.0,56,7,5.741374,0.230069
recycle_g64_grade1p0,recycle,1.0,56,8,6.428376,0.230842
recycle_g64_grade1p0,recycle,1.0,56,9,7.115378,0.259401
recycle_g64_grade1p0,recycle,1.0,56,10,7.802380,0.262282
recycle_g64_grade1p0,recycle,1.0,56,11,8.489382,0.335960
recycle_g64_grade1p0,recycle,1.0,57,0,0.932360,0.330436
recycle_g64_grade1p0,recycle,1.0,57,1,1.619362,0.228672
recycle_g64_grade1p0,recycle,1.0,57,2,2.306364,0.254282
recycle_g64_grade1p0,recycle,1.0,57,3,2.993366,0.272015
recycle_g64_grade1p0,recycle,1.0,57,4,3.680368,0.249490
recycle_g64_grade1p0,recycle,1.0,57,5,4.367370,0.235106
recycle_g64_grade1p0,recycle,1.0,57,6,5.054372,0.222936
recycle_g64_grade1p0,recycle,1.0,57,7,5.741374,0.232678
recycle_g64_grade1p0,recycle,1.0,57,8,6.428376,0.233222
recycle_g64_grade1p0,recycle,1.0,57,9,7.115378,0.258068
recycle_g64_grade1p0,recycle,1.0,57,10,7.802380,0.262501
recycle_g64_grade1p0,recycle,1.0,57,11,8.489382,0.309737
recycle_g64_grade1p0,recycle,1.0,58,0,0.932360,0.335063
recycle_g64_grade1p0,recycle,1.0,58,1,1.619362,0.229812
recycle_g64_grade1p0,recycle,1.0,58,2,2.306364,0.254187
recycle_g64_grade1p0,recycle,1.0,58,3,2.993366,0.271427
recycle_g64_grade1p0,recycle,1.0,58,4,3.680368,0.250985
recycle_g64_grade1p0,recycle,1.0,58,5,4.367370,0.235641
recycle_g64_grade1p0,recycle,1.0,58,6,5.054372,0.227406
recycle_g64_grade1p0,recycle,1.0,58,7,5.741374,0.229913
recycle_g64_grade1p0,recycle,1.0,58,8,6.428376,0.228210
recycle_g64_grade1p0,recycle,1.0,58,9,7.115378,0.257255
recycle_g64_grade1p0,recycle,1.0,58,10,7.802380,0.262139
recycle_g64_grade1p0,recycle,1.0,58,11,8.489382,0.320286
recycle_g64_grade1p0,recycle,1.0,59,0,0.932360,0.325626
recycle_g64_grade1p0,recycle,1.0,59,1,1.619362,0.225508
recycle_g64_grade1p0,recycle,1.0,59,2,2.306364,0.254636
recycle_g64_grade1p0,recycle,1.0,59,3,2.993366,0.275471
recycle_g64_grade1p0,recycle,1.0,59,4,3.680368,0.248763
recycle_g64_grade1p0,recycle,1.0,59,5,4.367370,0.241742
recycle_g64_grade1p0,recycle,1.0,59,6,5.054372,0.228769
recycle_g64_grade1p0,recycle,1.0,59,7,5.741374,0.229380
recycle_g64_grade1p0,recycle,1.0,59,8,6.428376,0.225342
recycle_g64_grade1p0,recycle,1.0,59,9,7.115378,0.263286
recycle_g64_grade1p0,recycle,1.0,59,10,7.802380,0.256334
recycle_g64_grade1p0,recycle,1.0,59,11,8.489382,0.317196
recycle_g64_grade1p0,recycle,1.0,60,0,0.932360,0.336998
recycle_g64_grade1p0,recycle,1.0,60,1,1.619362,0.226420
recycle_g64_grade1p0,recycle,1.0,60,2,2.306364,0.254471
recycle_g64_grade1p0,recycle,1.0,60,3,2.993366,0.275807
recycle_g64_grade1p0,recycle,1.0,60,4,3.680368,0.252616
recycle_g64_grade1p0,recycle,1.0,60,5,4.367370,0.232184
recycle_g64_grade1p0,recycle,1.0,60,6,5.054372,0.248302
recycle_g64_grade1p0,recycle,1.0,60,7,5.741374,0.229052
recycle_g64_grade1p0,recycle,1.0,60,8,6.428376,0.223564
recycle_g64_grade1p0,recycle,1.0,60,9,7.115378,0.262283
recycle_g64_grade1p0,recycle,1.0,60,10,7.802380,0.253358
recycle_g64_grade1p0,recycle,1.0,60,11,8.489382,0.313957
recycle_g64_grade1p0,recycle,1.0,61,0,0.932360,0.333107
recycle_g64_grade1p0,recycle,1.0,61,1,1.619362,0.226441
recycle_g64_grade1p0,recycle,1.0,61,2,2.306364,0.255963
recycle_g64_grade1p0,recycle,1.0,61,3,2.993366,0.275205
recycle_g64_grade1p0,recycle,1.0,61,4,3.680368,0.252815
recycle_g64_grade1p0,recycle,1.0,61,5,4.367370,0.231354
recycle_g64_grade1p0,recycle,1.0,61,6,5.054372,0.245085
recycle_g64_grade1p0,recycle,1.0,61,7,5.741374,0.228965
recycle_g64_grade1p0,recycle,1.0,61,8,6.428376,0.224395
recycle_g64_grade1p0,recycle,1.0,61,9,7.115378,0.235036
recycle_g64_grade1p0,recycle,1.0,61,10,7.802380,0.261406
recycle_g64_grade1p0,recycle,1.0,61,11,8.489382,0.319265
recycle_g64_grade1p0,recycle,1.0,62,0,0.932360,0.330998
recycle_g64_grade1p0,recycle,1.0,62,1,1.619362,0.223664
recycle_g64_grade1p0,recycle,1.0,62,2,2.306364,0.251842
recycle_g64_grade1p0,recycle,1.0,62,3,2.993366,0.261354
recycle_g64_grade1p0,recycle,1.0,62,4,3.680368,0.260624
recycle_g64_grade1p0,recycle,1.0,62,5,4.367370,0.233507
recycle_g64_grade1p0,recycle,1.0,62,6,5.054372,0.232126
recycle_g64_grade1p0,recycle,1.0,62,7,5.741374,0.232312
recycle_g64_grade1p0,recycle,1.0,62,8,6.428376,0.225153
recycle_g64_grade1p0,recycle,1.0,62,9,7.115378,0.231525
recycle_g64_grade1p0,recycle,1.0,62,10,7.802380,0.260757
recycle_g64_grade1p0,recycle,1.0,62,11,8.489382,0.308975
recycle_g64_grade1p0,recycle,1.0,63,0,0.932360,0.320881
recycle_g64_grade1p0,recycle,1.0,63,1,1.619362,0.221178
recycle_g64_grade1p0,recycle,1.0,63,2,2.306364,0.245336
recycle_g64_grade1p0,recycle,1.0,63,3,2.993366,0.264165
recycle_g64_grade1p0,recycle,1.0,63,4,3.680368,0.261389
recycle_g64_grade1p0,recycle,1.0,63,5,4.367370,0.232697
recycle_g64_grade1p0,recycle,1.0,63,6,5.054372,0.234890
recycle_g64_grade1p0,recycle,1.0,63,7,5.741374,0.231327
recycle_g64_grade1p0,recycle,1.0,63,8,6.428376,0.223556
recycle_g64_grade1p0,recycle,1.0,63,9,7.115378,0.231403
recycle_g64_grade1p0,recycle,1.0,63,10,7.802380,0.261682
recycle_g64_grade1p0,recycle,1.0,63,11,8.489382,0.311204
recycle_g64_grade1p0,recycle,1.0,64,0,0.932360,0.321761
recycle_g64_grade1p0,recycle,1.0,64,1,1.619362,0.223091
recycle_g64_grade1p0,recycle,1.0,64,2,2.306364,0.245139
recycle_g64_grade1p0,recycle,1.0,64,3,2.993366,0.268726
recycle_g64_grade1p0,recycle,1.0,64,4,3.680368,0.263291
recycle_g64_grade1p0,recycle,1.0,64,5,4.367370,0.237452
recycle_g64_grade1p0,recycle,1.0,64,6,5.054372,0.230664
recycle_g64_grade1p0,recycle,1.0,64,7,5.741374,0.232188
recycle_g64_grade1p0,recycle,1.0,64,8,6.428376,0.220960
recycle_g64_grade1p0,recycle,1.0,64,9,7.115378,0.227447
recycle_g64_grade1p0,recycle,1.0,64,10,7.802380,0.257387
recycle_g64_grade1p0,recycle,1.0,64,11,8.489382,0.305220
recycle_g64_grade1p0,recycle,1.0,65,0,0.932360,0.324673
recycle_g64_grade1p0,recycle,1.0,65,1,1.619362,0.225160
recycle_g64_grade1p0,recycle,1.0,65,2,2.306364,0.247759
recycle_g64_grade1p0,recycle,1.0,65,3,2.993366,0.268110
recycle_g64_grade1p0,recycle,1.0,65,4,3.680368,0.260670
recycle_g64_grade1p0,recycle,1.0,65,5,4.367370,0.236266
recycle_g64_grade1p0,recycle,1.0,65,6,5.054372,0.236547
recycle_g64_grade1p0,recycle,1.0,65,7,5.741374,0.224850
recycle_g64_grade1p0,recycle,1.0,65,8,6.428376,0.226105
recycle_g64_grade1p0,recycle,1.0,65,9,7.115378,0.227317
recycle_g64_grade1p0,recycle,1.0,65,10,7.802380,0.256547
recycle_g64_grade1p0,recycle,1.0,65,11,8.489382,0.312599
recycle_g64_grade1p0,recycle,1.0,66,0,0.932360,0.319398
recycle_g64_grade1p0,recycle,1.0,66,1,1.619362,0.222402
recycle_g64_grade1p0,recycle,1.0,66,2,2.306364,0.247689
recycle_g64_grade1p0,recycle,1.0,66,3,2.993366,0.259729
recycle_g64_grade1p0,recycle,1.0,66,4,3.680368,0.269998
recycle_g64_grade1p0,recycle,1.0,66,5,4.367370,0.234003
recycle_g64_grade1p0,recycle,1.0,66,6,5.054372,0.253034
recycle_g64_grade1p0,recycle,1.0,66,7,5.741374,0.220552
recycle_g64_grade1p0,recycle,1.0,66,8,6.428376,0.234987
recycle_g64_grade1p0,recycle,1.0,66,9,7.115378,0.224763
recycle_g64_grade1p0,recycle,1.0,66,10,7.802380,0.256637
recycle_g64_grade1p0,recycle,1.0,66,11,8.489382,0.311544
recycle_g64_grade1p0,recycle,1.0,67,0,0.932360,0.321706
recycle_g64_grade1p0,recycle,1.0,67,1,1.619362,0.223657
recycle_g64_grade1p0,recycle,1.0,67,2,2.306364,0.248235
recycle_g64_grade1p0,recycle,1.0,67,3,2.993366,0.258841
recycle_g64_grade1p0,recycle,1.0,67,4,3.680368,0.267498
recycle_g64_grade1p0,recycle,1.0,67,5,4.367370,0.245043
recycle_g64_grade1p0,recycle,1.0,67,6,5.054372,0.240895
recycle_g64_grade1p0,recycle,1.0,67,7,5.741374,0.225409
recycle_g64_grade1p0,recycle,1.0,67,8,6.428376,0.232907
recycle_g64_grade1p0,recycle,1.0,67,9,7.115378,0.223189
recycle_g64_grade1p0,recycle,1.0,67,10,7.802380,0.257031
recycle_g64_grade1p0,recycle,1.0,67,11,8.489382,0.298909
recycle_g64_grade1p0,recycle,1.0,68,0,0.932360,0.324462
recycle_g64_grade1p0,recycle,1.0,68,1,1.619362,0.224955
recycle_g64_grade1p0,recycle,1.0,68,2,2.306364,0.242052
recycle_g64_grade1p0,recycle,1.0,68,3,2.993366,0.258103
recycle_g64_grade1p0,recycle,1.0,68,4,3.680368,0.270222
recycle_g64_grade1p0,recycle,1.0,68,5,4.367370,0.237518
recycle_g64_grade1p0,recycle,1.0,68,6,5.054372,0.241277
recycle_g64_grade1p0,recycle,1.0,68,7,5.741374,0.226886
recycle_g64_grade1p0,recycle,1.0,68,8,6.428376,0.229104
recycle_g64_grade1p0,recycle,1.0,68,9,7.115378,0.222064
recycle_g64_grade1p0,recycle,1.0,68,10,7.802380,0.261363
recycle_g64_grade1p0,recycle,1.0,68,11,8.489382,0.299820
recycle_g64_grade1p0,recycle,1.0,69,0,0.932360,0.320326
recycle_g64_grade1p0,recycle,1.0,69,1,1.619362,0.222159
recycle_g64_grade1p0,recycle,1.0,69,2,2.306364,0.244390
recycle_g64_grade1p0,recycle,1.0,69,3,2.993366,0.255188
recycle_g64_grade1p0,recycle,1.0,69,4,3.680368,0.269353
recycle_g64_grade1p0,recycle,1.0,69,5,4.367370,0.239108
recycle_g64_grade1p0,recycle,1.0,69,6,5.054372,0.242553
recycle_g64_grade1p0,recycle,1.0,69,7,5.741374,0.229659
recycle_g64_grade1p0,recycle,1.0,69,8,6.428376,0.227825
recycle_g64_grade1p0,recycle,1.0,69,9,7.115378,0.222892
recycle_g64_grade1p0,recycle,1.0,69,10,7.802380,0.257303
recycle_g64_grade1p0,recycle,1.0,69,11,8.489382,0.294375
recycle_g64_grade1p0,recycle,1.0,70,0,0.932360,0.314814
recycle_g64_grade1p0,recycle,1.0,70,1,1.619362,0.229054
recycle_g64_grade1p0,recycle,1.0,70,2,2.306364,0.236367
recycle_g64_grade1p0,recycle,1.0,70,3,2.993366,0.258109
recycle_g64_grade1p0,recycle,1.0,70,4,3.680368,0.267331
recycle_g64_grade1p0,recycle,1.0,70,5,4.367370,0.241582
recycle_g64_grade1p0,recycle,1.0,70,6,5.054372,0.236917
recycle_g64_grade1p0,recycle,1.0,70,7,5.741374,0.250473
recycle_g64_grade1p0,recycle,1.0,70,8,6.428376,0.229910
recycle_g64_grade1p0,recycle,1.0,70,9,7.115378,0.222632
recycle_g64_grade1p0,recycle,1.0,70,10,7.802380,0.231091
recycle_g64_grade1p0,recycle,1.0,70,11,8.489382,0.292582
recycle_g64_grade1p0,recycle,1.0,71,0,0.932360,0.312649
recycle_g64_grade1p0,recycle,1.0,71,1,1.619362,0.225958
recycle_g64_grade1p0,recycle,1.0,71,2,2.306364,0.233519
recycle_g64_grade1p0,recycle,1.0,71,3,2.993366,0.257755
recycle_g64_grade1p0,recycle,1.0,71,4,3.680368,0.255646
recycle_g64_grade1p0,recycle,1.0,71,5,4.367370,0.249439
recycle_g64_grade1p0,recycle,1.0,71,6,5.054372,0.237000
recycle_g64_grade1p0,recycle,1.0,71,7,5.741374,0.249658
recycle_g64_grade1p0,recycle,1.0,71,8,6.428376,0.229295
recycle_g64_grade1p0,recycle,1.0,71,9,7.115378,0.221446
recycle_g64_grade1p0,recycle,1.0,71,10,7.802380,0.233704
recycle_g64_grade1p0,recycle,1.0,71,11,8.489382,0.296443
recycle_g64_grade1p0,recycle,1.0,72,0,0.932360,0.312329
recycle_g64_grade1p0,recycle,1.0,72,1,1.619362,0.227016
recycle_g64_grade1p0,recycle,1.0,72,2,2.306364,0.225194
recycle_g64_grade1p0,recycle,1.0,72,3,2.993366,0.256672
recycle_g64_grade1p0,recycle,1.0,72,4,3.680368,0.256514
recycle_g64_grade1p0,recycle,1.0,72,5,4.367370,0.251585
recycle_g64_grade1p0,recycle,1.0,72,6,5.054372,0.236668
recycle_g64_grade1p0,recycle,1.0,72,7,5.741374,0.225206
recycle_g64_grade1p0,recycle,1.0,72,8,6.428376,0.229920
recycle_g64_grade1p0,recycle,1.0,72,9,7.115378,0.223160
recycle_g64_grade1p0,recycle,1.0,72,10,7.802380,0.232719
recycle_g64_grade1p0,recycle,1.0,72,11,8.489382,0.294343
recycle_g64_grade1p0,recycle,1.0,73,0,0.932360,0.308085
recycle_g64_grade1p0,recycle,1.0,73,1,1.619362,0.214653
recycle_g64_grade1p0,recycle,1.0,73,2,2.306364,0.232501
recycle_g64_grade1p0,recycle,1.0,73,3,2.993366,0.253652
recycle_g64_grade1p0,recycle,1.0,73,4,3.680368,0.258931
recycle_g64_grade1p0,recycle,1.0,73,5,4.367370,0.251331
recycle_g64_grade1p0,recycle,1.0,73,6,5.054372,0.236483
recycle_g64_grade1p0,recycle,1.0,73,7,5.741374,0.224880
recycle_g64_grade1p0,recycle,1.0,73,8,6.428376,0.231057
recycle_g64_grade1p0,recycle,1.0,73,9,7.115378,0.219315
recycle_g64_grade1p0,recycle,1.0,73,10,7.802380,0.234120
recycle_g64_grade1p0,recycle,1.0,73,11,8.489382,0.294507
recycle_g64_grade1p0,recycle,1.0,74,0,0.932360,0.299705
recycle_g64_grade1p0,recycle,1.0,74,1,1.619362,0.221208
recycle_g64_grade1p0,recycle,1.0,74,2,2.306364,0.230507
recycle_g64_grade1p0,recycle,1.0,74,3,2.993366,0.252359
recycle_g64_grade1p0,recycle,1.0,74,4,3.680368,0.256733
recycle_g64_grade1p0,recycle,1.0,74,5,4.367370,0.251334
recycle_g64_grade1p0,recycle,1.0,74,6,5.054372,0.236360
recycle_g64_grade1p0,recycle,1.0,74,7,5.741374,0.224119
recycle_g64_grade1p0,recycle,1.0,74,8,6.428376,0.230607
recycle_g64_grade1p0,recycle,1.0,74,9,7.115378,0.219343
recycle_g64_grade1p0,recycle,1.0,74,10,7.802380,0.235155
recycle_g64_grade1p0,recycle,1.0,74,11,8.489382,0.290195
recycle_g64_grade1p0,recycle,1.0,75,0,0.932360,0.299131
recycle_g64_grade1p0,recycle,1.0,75,1,1.619362,0.220243
recycle_g64_grade1p0,recycle,1.0,75,2,2.306364,0.227120
recycle_g64_grade1p0,recycle,1.0,75,3,2.993366,0.255322
recycle_g64_grade1p0,recycle,1.0,75,4,3.680368,0.250731
recycle_g64_grade1p0,recycle,1.0,75,5,4.367370,0.258614
recycle_g64_grade1p0,recycle,1.0,75,6,5.054372,0.235931
recycle_g64_grade1p0,recycle,1.0,75,7,5.741374,0.246229
recycle_g64_grade1p0,recycle,1.0,75,8,6.428376,0.217529
recycle_g64_grade1p0,recycle,1.0,75,9,7.115378,0.226887
recycle_g64_grade1p0,recycle,1.0,75,10,7.802380,0.229082
recycle_g64_grade1p0,recycle,1.0,75,11,8.489382,0.290083
recycle_g64_grade1p0,recycle,1.0,76,0,0.932360,0.305487
recycle_g64_grade1p0,recycle,1.0,76,1,1.619362,0.211808
recycle_g64_grade1p0,recycle,1.0,76,2,2.306364,0.228500
recycle_g64_grade1p0,recycle,1.0,76,3,2.993366,0.253848
recycle_g64_grade1p0,recycle,1.0,76,4,3.680368,0.252284
recycle_g64_grade1p0,recycle,1.0,76,5,4.367370,0.253231
recycle_g64_grade1p0,recycle,1.0,76,6,5.054372,0.235118
recycle_g64_grade1p0,recycle,1.0,76,7,5.741374,0.246385
recycle_g64_grade1p0,recycle,1.0,76,8,6.428376,0.218491
recycle_g64_grade1p0,recycle,1.0,76,9,7.115378,0.222690
recycle_g64_grade1p0,recycle,1.0,76,10,7.802380,0.230456
recycle_g64_grade1p0,recycle,1.0,76,11,8.489382,0.287247
recycle_g64_grade1p0,recycle,1.0,77,0,0.932360,0.305903
recycle_g64_grade1p0,recycle,1.0,77,1,1.619362,0.207259
recycle_g64_grade1p0,recycle,1.0,77,2,2.306364,0.229445
recycle_g64_grade1p0,recycle,1.0,77,3,2.993366,0.253217
recycle_g64_grade1p0,recycle,1.0,77,4,3.680368,0.246905
recycle_g64_grade1p0,recycle,1.0,77,5,4.367370,0.256294
recycle_g64_grade1p0,recycle,1.0,77,6,5.054372,0.232898
recycle_g64_grade1p0,recycle,1.0,77,7,5.741374,0.240165
recycle_g64_grade1p0,recycle,1.0,77,8,6.428376,0.224073
recycle_g64_grade1p0,recycle,1.0,77,9,7.115378,0.221158
recycle_g64_grade1p0,recycle,1.0,77,10,7.802380,0.230774
recycle_g64_grade1p0,recycle,1.0,77,11,8.489382,0.294858
recycle_g64_grade1p0,recycle,1.0,78,0,0.932360,0.294620
recycle_g64_grade1p0,recycle,1.0,78,1,1.619362,0.209896
recycle_g64_grade1p0,recycle,1.0,78,2,2.306364,0.231329
recycle_g64_grade1p0,recycle,1.0,78,3,2.993366,0.256606
recycle_g64_grade1p0,recycle,1.0,78,4,3.680368,0.240691
recycle_g64_grade1p0,recycle,1.0,78,5,4.367370,0.256908
recycle_g64_grade1p0,recycle,1.0,78,6,5.054372,0.232699
recycle_g64_grade1p0,recycle,1.0,78,7,5.741374,0.238862
recycle_g64_grade1p0,recycle,1.0,78,8,6.428376,0.233482
recycle_g64_grade1p0,recycle,1.0,78,9,7.115378,0.220582
recycle_g64_grade1p0,recycle,1.0,78,10,7.802380,0.232103
recycle_g64_grade1p0,recycle,1.0,78,11,8.489382,0.292647
recycle_g64_grade1p0,recycle,1.0,79,0,0.932360,0.294828
recycle_g64_grade1p0,recycle,1.0,79,1,1.619362,0.208021
recycle_g64_grade1p0,recycle,1.0,79,2,2.306364,0.222144
recycle_g64_grade1p0,recycle,1.0,79,3,2.993366,0.252544
recycle_g64_grade1p0,recycle,1.0,79,4,3.680368,0.250347
recycle_g64_grade1p0,recycle,1.0,79,5,4.367370,0.253264
recycle_g64_grade1p0,recycle,1.0,79,6,5.054372,0.230123
recycle_g64_grade1p0,recycle,1.0,79,7,5.741374,0.235111
recycle_g64_grade1p0,recycle,1.0,79,8,6.428376,0.246564
recycle_g64_grade1p0,recycle,1.0,79,9,7.115378,0.226225
recycle_g64_grade1p0,recycle,1.0,79,10,7.802380,0.230694
recycle_g64_grade1p0,recycle,1.0,79,11,8.489382,0.293595
recycle_g64_grade1p0,recycle,1.0,80,0,0.932360,0.292617
recycle_g64_grade1p0,recycle,1.0,80,1,1.619362,0.213968
recycle_g64_grade1p0,recycle,1.0,80,2,2.306364,0.221113
recycle_g64_grade1p0,recycle,1.0,80,3,2.993366,0.251403
recycle_g64_grade1p0,recycle,1.0,80,4,3.680368,0.255827
recycle_g64_grade1p0,recycle,1.0,80,5,4.367370,0.248025
recycle_g64_grade1p0,recycle,1.0,80,6,5.054372,0.238542
recycle_g64_grade1p0,recycle,1.0,80,7,5.741374,0.234506
recycle_g64_grade1p0,recycle,1.0,80,8,6.428376,0.247361
recycle_g64_grade1p0,recycle,1.0,80,9,7.115378,0.225960
recycle_g64_grade1p0,recycle,1.0,80,10,7.802380,0.232215
recycle_g64_grade1p0,recycle,1.0,80,11,8.489382,0.277270
recycle_g64_grade1p0,recycle,1.0,81,0,0.932360,0.289609
recycle_g64_grade1p0,recycle,1.0,81,1,1.619362,0.204987
recycle_g64_grade1p0,recycle,1.0,81,2,2.306364,0.212146
recycle_g64_grade1p0,recycle,1.0,81,3,2.993366,0.244827
recycle_g64_grade1p0,recycle,1.0,81,4,3.680368,0.250891
recycle_g64_grade1p0,recycle,1.0,81,5,4.367370,0.251818
recycle_g64_grade1p0,recycle,1.0,81,6,5.054372,0.238666
recycle_g64_grade1p0,recycle,1.0,81,7,5.741374,0.233519
recycle_g64_grade1p0,recycle,1.0,81,8,6.428376,0.224542
recycle_g64_grade1p0,recycle,1.0,81,9,7.115378,0.228153
recycle_g64_grade1p0,recycle,1.0,81,10,7.802380,0.228957
recycle_g64_grade1p0,recycle,1.0,81,11,8.489382,0.276770
recycle_g64_grade1p0,recycle,1.0,82,0,0.932360,0.287035
recycle_g64_grade1p0,recycle,1.0,82,1,1.619362,0.201052
recycle_g64_grade1p0,recycle,1.0,82,2,2.306364,0.209601
recycle_g64_grade1p0,recycle,1.0,82,3,2.993366,0.244529
recycle_g64_grade1p0,recycle,1.0,82,4,3.680368,0.249576
recycle_g64_grade1p0,recycle,1.0,82,5,4.367370,0.254593
recycle_g64_grade1p0,recycle,1.0,82,6,5.054372,0.238696
recycle_g64_grade1p0,recycle,1.0,82,7,5.741374,0.231777
recycle_g64_grade1p0,recycle,1.0,82,8,6.428376,0.231070
recycle_g64_grade1p0,recycle,1.0,82,9,7.115378,0.227611
recycle_g64_grade1p0,recycle,1.0,82,10,7.802380,0.226591
recycle_g64_grade1p0,recycle,1.0,82,11,8.489382,0.281664
recycle_g64_grade1p0,recycle,1.0,83,0,0.932360,0.293574
recycle_g64_grade1p0,recycle,1.0,83,1,1.619362,0.182207
recycle_g64_grade1p0,recycle,1.0,83,2,2.306364,0.219912
recycle_g64_grade1p0,recycle,1.0,83,3,2.993366,0.245730
recycle_g64_grade1p0,recycle,1.0,83,4,3.680368,0.249207
recycle_g64_grade1p0,recycle,1.0,83,5,4.367370,0.245171
recycle_g64_grade1p0,recycle,1.0,83,6,5.054372,0.243417
recycle_g64_grade1p0,recycle,1.0,83,7,5.741374,0.230774
recycle_g64_grade1p0,recycle,1.0,83,8,6.428376,0.228963
recycle_g64_grade1p0,recycle,1.0,83,9,7.115378,0.227050
recycle_g64_grade1p0,recycle,1.0,83,10,7.802380,0.229104
recycle_g64_grade1p0,recycle,1.0,83,11,8.489382,0.274534
recycle_g64_grade1p0,recycle,1.0,84,0,0.932360,0.290070
recycle_g64_grade1p0,recycle,1.0,84,1,1.619362,0.179450
recycle_g64_grade1p0,recycle,1.0,84,2,2.306364,0.214520
recycle_g64_grade1p0,recycle,1.0,84,3,2.993366,0.244761
recycle_g64_grade1p0,recycle,1.0,84,4,3.680368,0.248542
recycle_g64_grade1p0,recycle,1.0,84,5,4.367370,0.248781
recycle_g64_grade1p0,recycle,1.0,84,6,5.054372,0.242592
recycle_g64_grade1p0,recycle,1.0,84,7,5.741374,0.228053
recycle_g64_grade1p0,recycle,1.0,84,8,6.428376,0.244077
recycle_g64_grade1p0,recycle,1.0,84,9,7.115378,0.218892
recycle_g64_grade1p0,recycle,1.0,84,10,7.802380,0.232699
recycle_g64_grade1p0,recycle,1.0,84,11,8.489382,0.276319
recycle_g64_grade1p0,recycle,1.0,85,0,0.932360,0.279447
recycle_g64_grade1p0,recycle,1.0,85,1,1.619362,0.178038
recycle_g64_grade1p0,recycle,1.0,85,2,2.306364,0.211137
recycle_g64_grade1p0,recycle,1.0,85,3,2.993366,0.242919
recycle_g64_grade1p0,recycle,1.0,85,4,3.680368,0.245811
recycle_g64_grade1p0,recycle,1.0,85,5,4.367370,0.247707
recycle_g64_grade1p0,recycle,1.0,85,6,5.054372,0.240589
recycle_g64_grade1p0,recycle,1.0,85,7,5.741374,0.231590
recycle_g64_grade1p0,recycle,1.0,85,8,6.428376,0.239033
recycle_g64_grade1p0,recycle,1.0,85,9,7.115378,0.224129
recycle_g64_grade1p0,recycle,1.0,85,10,7.802380,0.229524
recycle_g64_grade1p0,recycle,1.0,85,11,8.489382,0.280597
recycle_g64_grade1p0,recycle,1.0,86,0,0.932360,0.278847
recycle_g64_grade1p0,recycle,1.0,86,1,1.619362,0.173404
recycle_g64_grade1p0,recycle,1.0,86,2,2.306364,0.212368
recycle_g64_grade1p0,recycle,1.0,86,3,2.993366,0.239867
recycle_g64_grade1p0,recycle,1.0,86,4,3.680368,0.243741
recycle_g64_grade1p0,recycle,1.0,86,5,4.367370,0.241567
recycle_g64_grade1p0,recycle,1.0,86,6,5.054372,0.248380
recycle_g64_grade1p0,recycle,1.0,86,7,5.741374,0.229385
recycle_g64_grade1p0,recycle,1.0,86,8,6.428376,0.230191
recycle_g64_grade1p0,recycle,1.0,86,9,7.115378,0.239154
recycle_g64_grade1p0,recycle,1.0,86,10,7.802380,0.229947
recycle_g64_grade1p0,recycle,1.0,86,11,8.489382,0.271340
recycle_g64_grade1p0,recycle,1.0,87,0,0.932360,0.290711
recycle_g64_grade1p0,recycle,1.0,87,1,1.619362,0.184738
recycle_g64_grade1p0,recycle,1.0,87,2,2.306364,0.211928
recycle_g64_grade1p0,recycle,1.0,87,3,2.993366,0.239083
recycle_g64_grade1p0,recycle,1.0,87,4,3.680368,0.251360
recycle_g64_grade1p0,recycle,1.0,87,5,4.367370,0.238152
recycle_g64_grade1p0,recycle,1.0,87,6,5.054372,0.244446
recycle_g64_grade1p0,recycle,1.0,87,7,5.741374,0.229277
recycle_g64_grade1p0,recycle,1.0,87,8,6.428376,0.230608
recycle_g64_grade1p0,recycle,1.0,87,9,7.115378,0.237884
recycle_g64_grade1p0,recycle,1.0,87,10,7.802380,0.229321
recycle_g64_grade1p0,recycle,1.0,87,11,8.489382,0.275887
recycle_g64_grade1p0,recycle,1.0,88,0,0.932360,0.281829
recycle_g64_grade1p0,recycle,1.0,88,1,1.619362,0.184953
recycle_g64_grade1p0,recycle,1.0,88,2,2.306364,0.207541
recycle_g64_grade1p0,recycle,1.0,88,3,2.993366,0.227014
recycle_g64_grade1p0,recycle,1.0,88,4,3.680368,0.251543
recycle_g64_grade1p0,recycle,1.0,88,5,4.367370,0.243849
recycle_g64_grade1p0,recycle,1.0,88,6,5.054372,0.240994
recycle_g64_grade1p0,recycle,1.0,88,7,5.741374,0.230717
recycle_g64_grade1p0,recycle,1.0,88,8,6.428376,0.230782
recycle_g64_grade1p0,recycle,1.0,88,9,7.115378,0.240274
recycle_g64_grade1p0,recycle,1.0,88,10,7.802380,0.229389
recycle_g64_grade1p0,recycle,1.0,88,11,8.489382,0.280155
recycle_g64_grade1p0,recycle,1.0,89,0,0.932360,0.280398
recycle_g64_grade1p0,recycle,1.0,89,1,1.619362,0.164073
recycle_g64_grade1p0,recycle,1.0,89,2,2.306364,0.207983
recycle_g64_grade1p0,recycle,1.0,89,3,2.993366,0.222424
recycle_g64_grade1p0,recycle,1.0,89,4,3.680368,0.250723
recycle_g64_grade1p0,recycle,1.0,89,5,4.367370,0.245355
recycle_g64_grade1p0,recycle,1.0,89,6,5.054372,0.243052
recycle_g64_grade1p0,recycle,1.0,89,7,5.741374,0.229430
recycle_g64_grade1p0,recycle,1.0,89,8,6.428376,0.231095
recycle_g64_grade1p0,recycle,1.0,89,9,7.115378,0.239664
recycle_g64_grade1p0,recycle,1.0,89,10,7.802380,0.231975
recycle_g64_grade1p0,recycle,1.0,89,11,8.489382,0.274663
recycle_g64_grade3p0,recycle,3.0,0,0,0.932360,0.274654
recycle_g64_grade3p0,recycle,3.0,0,1,1.619362,0.250518
recycle_g64_grade3p0,recycle,3.0,0,2,2.306364,0.255428
recycle_g64_grade3p0,recycle,3.0,0,3,2.993366,0.254022
recycle_g64_grade3p0,recycle,3.0,0,4,3.680368,0.255182
recycle_g64_grade3p0,recycle,3.0,0,5,4.367370,0.254451
recycle_g64_grade3p0,recycle,3.0,0,6,5.054372,0.254589
recycle_g64_grade3p0,recycle,3.0,0,7,5.741374,0.254252
recycle_g64_grade3p0,recycle,3.0,0,8,6.428376,0.254784
recycle_g64_grade3p0,recycle,3.0,0,9,7.115378,0.254461
recycle_g64_grade3p0,recycle,3.0,0,10,7.802380,0.252751
recycle_g64_grade3p0,recycle,3.0,0,11,8.489382,0.255707
recycle_g64_grade3p0,recycle,3.0,1,0,0.932360,0.270295
recycle_g64_grade3p0,recycle,3.0,1,1,1.619362,0.245262
recycle_g64_grade3p0,recycle,3.0,1,2,2.306364,0.248678
recycle_g64_grade3p0,recycle,3.0,1,3,2.993366,0.250591
recycle_g64_grade3p0,recycle,3.0,1,4,3.680368,0.259211
recycle_g64_grade3p0,recycle,3.0,1,5,4.367370,0.248948
recycle_g64_grade3p0,recycle,3.0,1,6,5.054372,0.253611
recycle_g64_grade3p0,recycle,3.0,1,7,5.741374,0.250650
recycle_g64_grade3p0,recycle,3.0,1,8,6.428376,0.249245
recycle_g64_grade3p0,recycle,3.0,1,9,7.115378,0.250198
recycle_g64_grade3p0,recycle,3.0,1,10,7.802380,0.247936
recycle_g64_grade3p0,recycle,3.0,1,11,8.489382,0.247034
recycle_g64_grade3p0,recycle,3.0,2,0,0.932360,0.279082
recycle_g64_grade3p0,recycle,3.0,2,1,1.619362,0.239485
recycle_g64_grade3p0,recycle,3.0,2,2,2.306364,0.246740
recycle_g64_grade3p0,recycle,3.0,2,3,2.993366,0.260436
recycle_g64_grade3p0,recycle,3.0,2,4,3.680368,0.256656
recycle_g64_grade3p0,recycle,3.0,2,5,4.367370,0.251954
recycle_g64_grade3p0,recycle,3.0,2,6,5.054372,0.268105
recycle_g64_grade3p0,recycle,3.0,2,7,5.741374,0.256926
recycle_g64_grade3p0,recycle,3.0,2,8,6.428376,0.248738
recycle_g64_grade3p0,recycle,3.0,2,9,7.115378,0.250056
recycle_g64_grade3p0,recycle,3.0,2,10,7.802380,0.264197
recycle_g64_grade3p0,recycle,3.0,2,11,8.489382,0.244133
recycle_g64_grade3p0,recycle,3.0,3,0,0.932360,0.272216
recycle_g64_grade3p0,recycle,3.0,3,1,1.619362,0.236421
recycle_g64_grade3p0,recycle,3.0,3,2,2.306364,0.255595
recycle_g64_grade3p0,recycle,3.0,3,3,2.993366,0.264522
recycle_g64_grade3p0,recycle,3.0,3,4,3.680368,0.266269
recycle_g64_grade3p0,recycle,3.0,3,5,4.367370,0.262302
recycle_g64_grade3p0,recycle,3.0,3,6,5.054372,0.258024
recycle_g64_grade3p0,recycle,3.0,3,7,5.741374,0.273393
recycle_g64_grade3p0,recycle,3.0,3,8,6.428376,0.261437
recycle_g64_grade3p0,recycle,3.0,3,9,7.115378,0.273393
recycle_g64_grade3p0,recycle,3.0,3,10,7.802380,0.260292
recycle_g64_grade3p0,recycle,3.0,3,11,8.489382,0.251002
recycle_g64_grade3p0,recycle,3.0,4,0,0.932360,0.263623
recycle_g64_grade3p0,recycle,3.0,4,1,1.619362,0.232651
recycle_g64_grade3p0,recycle,3.0,4,2,2.306364,0.262726
recycle_g64_grade3p0,recycle,3.0,4,3,2.993366,0.266385
recycle_g64_grade3p0,recycle,3.0,4,4,3.680368,0.275222
recycle_g64_grade3p0,recycle,3.0,4,5,4.367370,0.268518
recycle_g64_grade3p0,recycle,3.0,4,6,5.054372,0.269103
recycle_g64_grade3p0,recycle,3.0,4,7,5.741374,0.277219
recycle_g64_grade3p0,recycle,3.0,4,8,6.428376,0.269880
recycle_g64_grade3p0,recycle,3.0,4,9,7.115378,0.264944
recycle_g64_grade3p0,recycle,3.0,4,10,7.802380,0.270088
recycle_g64_grade3p0,recycle,3.0,4,11,8.489382,0.256546
recycle_g64_grade3p0,recycle,3.0,5,0,0.932360,0.255381
recycle_g64_grade3p0,recycle,3.0,5,1,1.619362,0.228477
recycle_g64_grade3p0,recycle,3.0,5,2,2.306364,0.260525
recycle_g64_grade3p0,recycle,3.0,5,3,2.993366,0.275304
recycle_g64_grade3p0,recycle,3.0,5,4,3.680368,0.268656
recycle_g64_grade3p0,recycle,3.0,5,5,4.367370,0.269872
recycle_g64_grade3p0,recycle,3.0,5,6,5.054372,0.282289
recycle_g64_grade3p0,recycle,3.0,5,7,5.741374,0.281920
recycle_g64_grade3p0,recycle,3.0,5,8,6.428376,0.264729
recycle_g64_grade3p0,recycle,3.0,5,9,7.115378,0.277892
recycle_g64_grade3p0,recycle,3.0,5,10,7.802380,0.260738
recycle_g64_grade3p0,recycle,3.0,5,11,8.489382,0.267883
recycle_g64_grade3p0,recycle,3.0,6,0,0.932360,0.251532
recycle_g64_grade3p0,recycle,3.0,6,1,1.619362,0.224754
recycle_g64_grade3p0,recycle,3.0,6,2,2.306364,0.261860
recycle_g64_grade3p0,recycle,3.0,6,3,2.993366,0.276438
recycle_g64_grade3p0,recycle,3.0,6,4,3.680368,0.274474
recycle_g64_grade3p0,recycle,3.0,6,5,4.367370,0.273299
recycle_g64_grade3p0,recycle,3.0,6,6,5.054372,0.269519
recycle_g64_grade3p0,recycle,3.0,6,7,5.741374,0.293894
recycle_g64_grade3p0,recycle,3.0,6,8,6.428376,0.263674
recycle_g64_grade3p0,recycle,3.0,6,9,7.115378,0.263301
recycle_g64_grade3p0,recycle,3.0,6,10,7.802380,0.265739
recycle_g64_grade3p0,recycle,3.0,6,11,8.489382,0.281963
recycle_g64_grade3p0,recycle,3.0,7,0,0.932360,0.260521
recycle_g64_grade3p0,recycle,3.0,7,1,1.619362,0.219230
recycle_g64_grade3p0,recycle,3.0,7,2,2.306364,0.262829
recycle_g64_grade3p0,recycle,3.0,7,3,2.993366,0.283895
recycle_g64_grade3p0,recycle,3.0,7,4,3.680368,0.277913
recycle_g64_grade3p0,recycle,3.0,7,5,4.367370,0.276680
recycle_g64_grade3p0,recycle,3.0,7,6,5.054372,0.272222
recycle_g64_grade3p0,recycle,3.0,7,7,5.741374,0.279743
recycle_g64_grade3p0,recycle,3.0,7,8,6.428376,0.269659
recycle_g64_grade3p0,recycle,3.0,7,9,7.115378,0.271623
recycle_g64_grade3p0,recycle,3.0,7,10,7.802380,0.271448
recycle_g64_grade3p0,recycle,3.0,7,11,8.489382,0.283487
recycle_g64_grade3p0,recycle,3.0,8,0,0.932360,0.276456
recycle_g64_grade3p0,recycle,3.0,8,1,1.619362,0.211811
recycle_g64_grade3p0,recycle,3.0,8,2,2.306364,0.264948
recycle_g64_grade3p0,recycle,3.0,8,3,2.993366,0.278405
recycle_g64_grade3p0,recycle,3.0,8,4,3.680368,0.281764
recycle_g64_grade3p0,recycle,3.0,8,5,4.367370,0.280520
recycle_g64_grade3p0,recycle,3.0,8,6,5.054372,0.279605
recycle_g64_grade3p0,recycle,3.0,8,7,5.741374,0.283370
recycle_g64_grade3p0,recycle,3.0,8,8,6.428376,0.273550
recycle_g64_grade3p0,recycle,3.0,8,9,7.115378,0.275831
recycle_g64_grade3p0,recycle,3.0,8,10,7.802380,0.273888
recycle_g64_grade3p0,recycle,3.0,8,11,8.489382,0.289703
recycle_g64_grade3p0,recycle,3.0,9,0,0.932360,0.281217
recycle_g64_grade3p0,recycle,3.0,9,1,1.619362,0.207550
recycle_g64_grade3p0,recycle,3.0,9,2,2.306364,0.261562
recycle_g64_grade3p0,recycle,3.0,9,3,2.993366,0.284720
recycle_g64_grade3p0,recycle,3.0,9,4,3.680368,0.285352
recycle_g64_grade3p0,recycle,3.0,9,5,4.367370,0.280152
recycle_g64_grade3p0,recycle,3.0,9,6,5.054372,0.294750
recycle_g64_grade3p0,recycle,3.0,9,7,5.741374,0.285864
recycle_g64_grade3p0,recycle,3.0,9,8,6.428376,0.290841
recycle_g64_grade3p0,recycle,3.0,9,9,7.115378,0.277916
recycle_g64_grade3p0,recycle,3.0,9,10,7.802380,0.273045
recycle_g64_grade3p0,recycle,3.0,9,11,8.489382,0.291024
recycle_g64_grade3p0,recycle,3.0,10,0,0.932360,0.292784
recycle_g64_grade3p0,recycle,3.0,10,1,1.619362,0.205488
recycle_g64_grade3p0,recycle,3.0,10,2,2.306364,0.266161
recycle_g64_grade3p0,recycle,3.0,10,3,2.993366,0.275093
recycle_g64_grade3p0,recycle,3.0,10,4,3.680368,0.295338
recycle_g64_grade3p0,recycle,3.0,10,5,4.367370,0.285123
recycle_g64_grade3p0,recycle,3.0,10,6,5.054372,0.294669
recycle_g64_grade3p0,recycle,3.0,10,7,5.741374,0.297177
recycle_g64_grade3p0,recycle,3.0,10,8,6.428376,0.276051
recycle_g64_grade3p0,recycle,3.0,10,9,7.115378,0.295397
recycle_g64_grade3p0,recycle,3.0,10,10,7.802380,0.282546
recycle_g64_grade3p0,recycle,3.0,10,11,8.489382,0.300016
recycle_g64_grade3p0,recycle,3.0,11,0,0.932360,0.293249
recycle_g64_grade3p0,recycle,3.0,11,1,1.619362,0.212936
recycle_g64_grade3p0,recycle,3.0,11,2,2.306364,0.255276
recycle_g64_grade3p0,recycle,3.0,11,3,2.993366,0.273189
recycle_g64_grade3p0,recycle,3.0,11,4,3.680368,0.304046
recycle_g64_grade3p0,recycle,3.0,11,5,4.367370,0.290468
recycle_g64_grade3p0,recycle,3.0,11,6,5.054372,0.286337
recycle_g64_grade3p0,recycle,3.0,11,7,5.741374,0.313404
recycle_g64_grade3p0,recycle,3.0,11,8,6.428376,0.307870
recycle_g64_grade3p0,recycle,3.0,11,9,7.115378,0.277964
recycle_g64_grade3p0,recycle,3.0,11,10,7.802380,0.298446
recycle_g64_grade3p0,recycle,3.0,11,11,8.489382,0.312454
recycle_g64_grade3p0,recycle,3.0,12,0,0.932360,0.299512
recycle_g64_grade3p0,recycle,3.0,12,1,1.619362,0.225356
recycle_g64_grade3p0,recycle,3.0,12,2,2.306364,0.250048
recycle_g64_grade3p0,recycle,3.0,12,3,2.993366,0.285351
recycle_g64_grade3p0,recycle,3.0,12,4,3.680368,0.301806
recycle_g64_grade3p0,recycle,3.0,12,5,4.367370,0.290211
recycle_g64_grade3p0,recycle,3.0,12,6,5.054372,0.314563
recycle_g64_grade3p0,recycle,3.0,12,7,5.741374,0.314556
recycle_g64_grade3p0,recycle,3.0,12,8,6.428376,0.285585
recycle_g64_grade3p0,recycle,3.0,12,9,7.115378,0.317769
recycle_g64_grade3p0,recycle,3.0,12,10,7.802380,0.299858
recycle_g64_grade3p0,recycle,3.0,12,11,8.489382,0.314134
recycle_g64_grade3p0,recycle,3.0,13,0,0.932360,0.303413
recycle_g64_grade3p0,recycle,3.0,13,1,1.619362,0.226555
recycle_g64_grade3p0,recycle,3.0,13,2,2.306364,0.243970
recycle_g64_grade3p0,recycle,3.0,13,3,2.993366,0.282150
recycle_g64_grade3p0,recycle,3.0,13,4,3.680368,0.306822
recycle_g64_grade3p0,recycle,3.0,13,5,4.367370,0.289578
recycle_g64_grade3p0,recycle,3.0,13,6,5.054372,0.307059
recycle_g64_grade3p0,recycle,3.0,13,7,5.741374,0.283876
recycle_g64_grade3p0,recycle,3.0,13,8,6.428376,0.317625
recycle_g64_grade3p0,recycle,3.0,13,9,7.115378,0.276540
recycle_g64_grade3p0,recycle,3.0,13,10,7.802380,0.305095
recycle_g64_grade3p0,recycle,3.0,13,11,8.489382,0.314435
recycle_g64_grade3p0,recycle,3.0,14,0,0.932360,0.300887
recycle_g64_grade3p0,recycle,3.0,14,1,1.619362,0.226186
recycle_g64_grade3p0,recycle,3.0,14,2,2.306364,0.238620
recycle_g64_grade3p0,recycle,3.0,14,3,2.993366,0.271543
recycle_g64_grade3p0,recycle,3.0,14,4,3.680368,0.306283
recycle_g64_grade3p0,recycle,3.0,14,5,4.367370,0.294608
recycle_g64_grade3p0,recycle,3.0,14,6,5.054372,0.286632
recycle_g64_grade3p0,recycle,3.0,14,7,5.741374,0.301150
recycle_g64_grade3p0,recycle,3.0,14,8,6.428376,0.301433
recycle_g64_grade3p0,recycle,3.0,14,9,7.115378,0.294677
recycle_g64_grade3p0,recycle,3.0,14,10,7.802380,0.277654
recycle_g64_grade3p0,recycle,3.0,14,11,8.489382,0.320209
recycle_g64_grade3p0,recycle,3.0,15,0,0.932360,0.301464
recycle_g64_grade3p0,recycle,3.0,15,1,1.619362,0.225006
recycle_g64_grade3p0,recycle,3.0,15,2,2.306364,0.227716
recycle_g64_grade3p0,recycle,3.0,15,3,2.993366,0.270506
recycle_g64_grade3p0,recycle,3.0,15,4,3.680368,0.305602
recycle_g64_grade3p0,recycle,3.0,15,5,4.367370,0.290117
recycle_g64_grade3p0,recycle,3.0,15,6,5.054372,0.294045
recycle_g64_grade3p0,recycle,3.0,15,7,5.741374,0.295114
recycle_g64_grade3p0,recycle,3.0,15,8,6.428376,0.295130
recycle_g64_grade3p0,recycle,3.0,15,9,7.115378,0.281688
recycle_g64_grade3p0,recycle,3.0,15,10,7.802380,0.284410
recycle_g64_grade3p0,recycle,3.0,15,11,8.489382,0.320857
recycle_g64_grade3p0,recycle,3.0,16,0,0.932360,0.310343
recycle_g64_grade3p0,recycle,3.0,16,1,1.619362,0.232702
recycle_g64_grade3p0,recycle,3.0,16,2,2.306364,0.224355
recycle_g64_grade3p0,recycle,3.0,16,3,2.993366,0.256625
recycle_g64_grade3p0,recycle,3.0,16,4,3.680368,0.280823
recycle_g64_grade3p0,recycle,3.0,16,5,4.367370,0.296278
recycle_g64_grade3p0,recycle,3.0,16,6,5.054372,0.287149
recycle_g64_grade3p0,recycle,3.0,16,7,5.741374,0.308431
recycle_g64_grade3p0,recycle,3.0,16,8,6.428376,0.292915
recycle_g64_grade3p0,recycle,3.0,16,9,7.115378,0.310408
recycle_g64_grade3p0,recycle,3.0,16,10,7.802380,0.284084
recycle_g64_grade3p0,recycle,3.0,16,11,8.489382,0.325255
recycle_g64_grade3p0,recycle,3.0,17,0,0.932360,0.305366
recycle_g64_grade3p0,recycle,3.0,17,1,1.619362,0.234828
recycle_g64_grade3p0,recycle,3.0,17,2,2.306364,0.221869
recycle_g64_grade3p0,recycle,3.0,17,3,2.993366,0.252852
recycle_g64_grade3p0,recycle,3.0,17,4,3.680368,0.286204
recycle_g64_grade3p0,recycle,3.0,17,5,4.367370,0.297613
recycle_g64_grade3p0,recycle,3.0,17,6,5.054372,0.297507
recycle_g64_grade3p0,recycle,3.0,17,7,5.741374,0.296001
recycle_g64_grade3p0,recycle,3.0,17,8,6.428376,0.297907
recycle_g64_grade3p0,recycle,3.0,17,9,7.115378,0.315716
recycle_g64_grade3p0,recycle,3.0,17,10,7.802380,0.281163
recycle_g64_grade3p0,recycle,3.0,17,11,8.489382,0.325460
recycle_g64_grade3p0,recycle,3.0,18,0,0.932360,0.308103
recycle_g64_grade3p0,recycle,3.0,18,1,1.619362,0.237699
recycle_g64_grade3p0,recycle,3.0,18,2,2.306364,0.221755
recycle_g64_grade3p0,recycle,3.0,18,3,2.993366,0.254148
recycle_g64_grade3p0,recycle,3.0,18,4,3.680368,0.277403
recycle_g64_grade3p0,recycle,3.0,18,5,4.367370,0.302486
recycle_g64_grade3p0,recycle,3.0,18,6,5.054372,0.295867
recycle_g64_grade3p0,recycle,3.0,18,7,5.741374,0.286409
recycle_g64_grade3p0,recycle,3.0,18,8,6.428376,0.326131
recycle_g64_grade3p0,recycle,3.0,18,9,7.115378,0.288996
recycle_g64_grade3p0,recycle,3.0,18,10,7.802380,0.284370
recycle_g64_grade3p0,recycle,3.0,18,11,8.489382,0.324202
recycle_g64_grade3p0,recycle,3.0,19,0,0.932360,0.312770
recycle_g64_grade3p0,recycle,3.0,19,1,1.619362,0.239536
recycle_g64_grade3p0,recycle,3.0,19,2,2.306364,0.221421
recycle_g64_grade3p0,recycle,3.0,19,3,2.993366,0.244307
recycle_g64_grade3p0,recycle,3.0,19,4,3.680368,0.275060
recycle_g64_grade3p0,recycle,3.0,19,5,4.367370,0.300135
recycle_g64_grade3p0,recycle,3.0,19,6,5.054372,0.293642
recycle_g64_grade3p0,recycle,3.0,19,7,5.741374,0.319365
recycle_g64_grade3p0,recycle,3.0,19,8,6.428376,0.315791
recycle_g64_grade3p0,recycle,3.0,19,9,7.115378,0.290611
recycle_g64_grade3p0,recycle,3.0,19,10,7.802380,0.320660
recycle_g64_grade3p0,recycle,3.0,19,11,8.489382,0.319364
recycle_g64_grade3p0,recycle,3.0,20,0,0.932360,0.317364
recycle_g64_grade3p0,recycle,3.0,20,1,1.619362,0.239749
recycle_g64_grade3p0,recycle,3.0,20,2,2.306364,0.224856
recycle_g64_grade3p0,recycle,3.0,20,3,2.993366,0.239717
recycle_g64_grade3p0,recycle,3.0,20,4,3.680368,0.275432
recycle_g64_grade3p0,recycle,3.0,20,5,4.367370,0.303390
recycle_g64_grade3p0,recycle,3.0,20,6,5.054372,0.295518
recycle_g64_grade3p0,recycle,3.0,20,7,5.741374,0.311607
recycle_g64_grade3p0,recycle,3.0,20,8,6.428376,0.289190
recycle_g64_grade3p0,recycle,3.0,20,9,7.115378,0.324108
recycle_g64_grade3p0,recycle,3.0,20,10,7.802380,0.277830
recycle_g64_grade3p0,recycle,3.0,20,11,8.489382,0.318914
recycle_g64_grade3p0,recycle,3.0,21,0,0.932360,0.318780
recycle_g64_grade3p0,recycle,3.0,21,1,1.619362,0.239518
recycle_g64_grade3p0,recycle,3.0,21,2,2.306364,0.241349
recycle_g64_grade3p0,recycle,3.0,21,3,2.993366,0.236206
recycle_g64_grade3p0,recycle,3.0,21,4,3.680368,0.268033
recycle_g64_grade3p0,recycle,3.0,21,5,4.367370,0.309067
recycle_g64_grade3p0,recycle,3.0,21,6,5.054372,0.299760
recycle_g64_grade3p0,recycle,3.0,21,7,5.741374,0.294092
recycle_g64_grade3p0,recycle,3.0,21,8,6.428376,0.314332
recycle_g64_grade3p0,recycle,3.0,21,9,7.115378,0.307702
recycle_g64_grade3p0,recycle,3.0,21,10,7.802380,0.317928
recycle_g64_grade3p0,recycle,3.0,21,11,8.489382,0.318213
recycle_g64_grade3p0,recycle,3.0,22,0,0.932360,0.322522
recycle_g64_grade3p0,recycle,3.0,22,1,1.619362,0.238478
recycle_g64_grade3p0,recycle,3.0,22,2,2.306364,0.241686
recycle_g64_grade3p0,recycle,3.0,22,3,2.993366,0.234755
recycle_g64_grade3p0,recycle,3.0,22,4,3.680368,0.263244
recycle_g64_grade3p0,recycle,3.0,22,5,4.367370,0.308347
recycle_g64_grade3p0,recycle,3.0,22,6,5.054372,0.285300
recycle_g64_grade3p0,recycle,3.0,22,7,5.741374,0.305125
recycle_g64_grade3p0,recycle,3.0,22,8,6.428376,0.327525
recycle_g64_grade3p0,recycle,3.0,22,9,7.115378,0.293391
recycle_g64_grade3p0,recycle,3.0,22,10,7.802380,0.282413
recycle_g64_grade3p0,recycle,3.0,22,11,8.489382,0.324484
recycle_g64_grade3p0,recycle,3.0,23,0,0.932360,0.315760
recycle_g64_grade3p0,recycle,3.0,23,1,1.619362,0.241920
recycle_g64_grade3p0,recycle,3.0,23,2,2.306364,0.242111
recycle_g64_grade3p0,recycle,3.0,23,3,2.993366,0.225152
recycle_g64_grade3p0,recycle,3.0,23,4,3.680368,0.264266
recycle_g64_grade3p0,recycle,3.0,23,5,4.367370,0.281625
recycle_g64_grade3p0,recycle,3.0,23,6,5.054372,0.296155
recycle_g64_grade3p0,recycle,3.0,23,7,5.741374,0.287850
recycle_g64_grade3p0,recycle,3.0,23,8,6.428376,0.328233
recycle_g64_grade3p0,recycle,3.0,23,9,7.115378,0.291740
recycle_g64_grade3p0,recycle,3.0,23,10,7.802380,0.318634
recycle_g64_grade3p0,recycle,3.0,23,11,8.489382,0.322495
recycle_g64_grade3p0,recycle,3.0,24,0,0.932360,0.319463
recycle_g64_grade3p0,recycle,3.0,24,1,1.619362,0.243069
recycle_g64_grade3p0,recycle,3.0,24,2,2.306364,0.243528
recycle_g64_grade3p0,recycle,3.0,24,3,2.993366,0.232571
recycle_g64_grade3p0,recycle,3.0,24,4,3.680368,0.241903
recycle_g64_grade3p0,recycle,3.0,24,5,4.367370,0.272099
recycle_g64_grade3p0,recycle,3.0,24,6,5.054372,0.298714
recycle_g64_grade3p0,recycle,3.0,24,7,5.741374,0.316309
recycle_g64_grade3p0,recycle,3.0,24,8,6.428376,0.287183
recycle_g64_grade3p0,recycle,3.0,24,9,7.115378,0.305772
recycle_g64_grade3p0,recycle,3.0,24,10,7.802380,0.277702
recycle_g64_grade3p0,recycle,3.0,24,11,8.489382,0.325064
recycle_g64_grade3p0,recycle,3.0,25,0,0.932360,0.320311
recycle_g64_grade3p0,recycle,3.0,25,1,1.619362,0.239009
recycle_g64_grade3p0,recycle,3.0,25,2,2.306364,0.248152
recycle_g64_grade3p0,recycle,3.0,25,3,2.993366,0.227765
recycle_g64_grade3p0,recycle,3.0,25,4,3.680368,0.239109
recycle_g64_grade3p0,recycle,3.0,25,5,4.367370,0.271222
recycle_g64_grade3p0,recycle,3.0,25,6,5.054372,0.298348
recycle_g64_grade3p0,recycle,3.0,25,7,5.741374,0.297017
recycle_g64_grade3p0,recycle,3.0,25,8,6.428376,0.287749
recycle_g64_grade3p0,recycle,3.0,25,9,7.115378,0.294460
recycle_g64_grade3p0,recycle,3.0,25,10,7.802380,0.308098
recycle_g64_grade3p0,recycle,3.0,25,11,8.489382,0.325271
recycle_g64_grade3p0,recycle,3.0,26,0,0.932360,0.330257
recycle_g64_grade3p0,recycle,3.0,26,1,1.619362,0.238323
recycle_g64_grade3p0,recycle,3.0,26,2,2.306364,0.248495
recycle_g64_grade3p0,recycle,3.0,26,3,2.993366,0.220560
recycle_g64_grade3p0,recycle,3.0,26,4,3.680368,0.238539
recycle_g64_grade3p0,recycle,3.0,26,5,4.367370,0.265227
recycle_g64_grade3p0,recycle,3.0,26,6,5.054372,0.297725
recycle_g64_grade3p0,recycle,3.0,26,7,5.741374,0.293956
recycle_g64_grade3p0,recycle,3.0,26,8,6.428376,0.289022
recycle_g64_grade3p0,recycle,3.0,26,9,7.115378,0.325713
recycle_g64_grade3p0,recycle,3.0,26,10,7.802380,0.292998
recycle_g64_grade3p0,recycle,3.0,26,11,8.489382,0.323958
recycle_g64_grade3p0,recycle,3.0,27,0,0.932360,0.330136
recycle_g64_grade3p0,recycle,3.0,27,1,1.619362,0.235439
recycle_g64_grade3p0,recycle,3.0,27,2,2.306364,0.249473
recycle_g64_grade3p0,recycle,3.0,27,3,2.993366,0.221917
recycle_g64_grade3p0,recycle,3.0,27,4,3.680368,0.235152
recycle_g64_grade3p0,recycle,3.0,27,5,4.367370,0.262703
recycle_g64_grade3p0,recycle,3.0,27,6,5.054372,0.301178
recycle_g64_grade3p0,recycle,3.0,27,7,5.741374,0.293013
recycle_g64_grade3p0,recycle,3.0,27,8,6.428376,0.318710
recycle_g64_grade3p0,recycle,3.0,27,9,7.115378,0.290285
recycle_g64_grade3p0,recycle,3.0,27,10,7.802380,0.315760
recycle_g64_grade3p0,recycle,3.0,27,11,8.489382,0.320337
recycle_g64_grade3p0,recycle,3.0,28,0,0.932360,0.334006
recycle_g64_grade3p0,recycle,3.0,28,1,1.619362,0.235855
recycle_g64_grade3p0,recycle,3.0,28,2,2.306364,0.248831
recycle_g64_grade3p0,recycle,3.0,28,3,2.993366,0.224686
recycle_g64_grade3p0,recycle,3.0,28,4,3.680368,0.229191
recycle_g64_grade3p0,recycle,3.0,28,5,4.367370,0.262814
recycle_g64_grade3p0,recycle,3.0,28,6,5.054372,0.297687
recycle_g64_grade3p0,recycle,3.0,28,7,5.741374,0.293757
recycle_g64_grade3p0,recycle,3.0,28,8,6.428376,0.304476
recycle_g64_grade3p0,recycle,3.0,28,9,7.115378,0.321882
recycle_g64_grade3p0,recycle,3.0,28,10,7.802380,0.294968
recycle_g64_grade3p0,recycle,3.0,28,11,8.489382,0.323701
recycle_g64_grade3p0,recycle,3.0,29,0,0.932360,0.323345
recycle_g64_grade3p0,recycle,3.0,29,1,1.619362,0.240558
recycle_g64_grade3p0,recycle,3.0,29,2,2.306364,0.250091
recycle_g64_grade3p0,recycle,3.0,29,3,2.993366,0.223310
recycle_g64_grade3p0,recycle,3.0,29,4,3.680368,0.228509
recycle_g64_grade3p0,recycle,3.0,29,5,4.367370,0.259254
recycle_g64_grade3p0,recycle,3.0,29,6,5.054372,0.280936
recycle_g64_grade3p0,recycle,3.0,29,7,5.741374,0.292037
recycle_g64_grade3p0,recycle,3.0,29,8,6.428376,0.304075
recycle_g64_grade3p0,recycle,3.0,29,9,7.115378,0.323476
recycle_g64_grade3p0,recycle,3.0,29,10,7.802380,0.292249
recycle_g64_grade3p0,recycle,3.0,29,11,8.489382,0.323131
recycle_g64_grade3p0,recycle,3.0,30,0,0.932360,0.331820
recycle_g64_grade3p0,recycle,3.0,30,1,1.619362,0.237002
recycle_g64_grade3p0,recycle,3.0,30,2,2.306364,0.252159
recycle_g64_grade3p0,recycle,3.0,30,3,2.993366,0.239901
recycle_g64_grade3p0,recycle,3.0,30,4,3.680368,0.224868
recycle_g64_grade3p0,recycle,3.0,30,5,4.367370,0.254131
recycle_g64_grade3p0,recycle,3.0,30,6,5.054372,0.264305
recycle_g64_grade3p0,recycle,3.0,30,7,5.741374,0.295232
recycle_g64_grade3p0,recycle,3.0,30,8,6.428376,0.287723
recycle_g64_grade3p0,recycle,3.0,30,9,7.115378,0.306236
recycle_g64_grade3p0,recycle,3.0,30,10,7.802380,0.296996
recycle_g64_grade3p0,recycle,3.0,30,11,8.489382,0.327955
recycle_g64_grade3p0,recycle,3.0,31,0,0.932360,0.326568
recycle_g64_grade3p0,recycle,3.0,31,1,1.619362,0.241349
recycle_g64_grade3p0,recycle,3.0,31,2,2.306364,0.250711
recycle_g64_grade3p0,recycle,3.0,31,3,2.993366,0.239489
recycle_g64_grade3p0,recycle,3.0,31,4,3.680368,0.223455
recycle_g64_grade3p0,recycle,3.0,31,5,4.367370,0.256336
recycle_g64_grade3p0,recycle,3.0,31,6,5.054372,0.259845
recycle_g64_grade3p0,recycle,3.0,31,7,5.741374,0.295140
recycle_g64_grade3p0,recycle,3.0,31,8,6.428376,0.287892
recycle_g64_grade3p0,recycle,3.0,31,9,7.115378,0.283341
recycle_g64_grade3p0,recycle,3.0,31,10,7.802380,0.316865
recycle_g64_grade3p0,recycle,3.0,31,11,8.489382,0.330919
recycle_g64_grade3p0,recycle,3.0,32,0,0.932360,0.330475
recycle_g64_grade3p0,recycle,3.0,32,1,1.619362,0.244183
recycle_g64_grade3p0,recycle,3.0,32,2,2.306364,0.252249
recycle_g64_grade3p0,recycle,3.0,32,3,2.993366,0.237939
recycle_g64_grade3p0,recycle,3.0,32,4,3.680368,0.223097
recycle_g64_grade3p0,recycle,3.0,32,5,4.367370,0.241104
recycle_g64_grade3p0,recycle,3.0,32,6,5.054372,0.259373
recycle_g64_grade3p0,recycle,3.0,32,7,5.741374,0.275807
recycle_g64_grade3p0,recycle,3.0,32,8,6.428376,0.288834
recycle_g64_grade3p0,recycle,3.0,32,9,7.115378,0.282217
recycle_g64_grade3p0,recycle,3.0,32,10,7.802380,0.324522
recycle_g64_grade3p0,recycle,3.0,32,11,8.489382,0.327851
recycle_g64_grade3p0,recycle,3.0,33,0,0.932360,0.336520
recycle_g64_grade3p0,recycle,3.0,33,1,1.619362,0.242255
recycle_g64_grade3p0,recycle,3.0,33,2,2.306364,0.252806
recycle_g64_grade3p0,recycle,3.0,33,3,2.993366,0.237337
recycle_g64_grade3p0,recycle,3.0,33,4,3.680368,0.231097
recycle_g64_grade3p0,recycle,3.0,33,5,4.367370,0.236844
recycle_g64_grade3p0,recycle,3.0,33,6,5.054372,0.256450
recycle_g64_grade3p0,recycle,3.0,33,7,5.741374,0.294888
recycle_g64_grade3p0,recycle,3.0,33,8,6.428376,0.275069
recycle_g64_grade3p0,recycle,3.0,33,9,7.115378,0.319543
recycle_g64_grade3p0,recycle,3.0,33,10,7.802380,0.291070
recycle_g64_grade3p0,recycle,3.0,33,11,8.489382,0.325064
recycle_g64_grade3p0,recycle,3.0,34,0,0.932360,0.334344
recycle_g64_grade3p0,recycle,3.0,34,1,1.619362,0.239009
recycle_g64_grade3p0,recycle,3.0,34,2,2.306364,0.254356
recycle_g64_grade3p0,recycle,3.0,34,3,2.993366,0.240405
recycle_g64_grade3p0,recycle,3.0,34,4,3.680368,0.219711
recycle_g64_grade3p0,recycle,3.0,34,5,4.367370,0.236013
recycle_g64_grade3p0,recycle,3.0,34,6,5.054372,0.254024
recycle_g64_grade3p0,recycle,3.0,34,7,5.741374,0.293243
recycle_g64_grade3p0,recycle,3.0,34,8,6.428376,0.288946
recycle_g64_grade3p0,recycle,3.0,34,9,7.115378,0.316777
recycle_g64_grade3p0,recycle,3.0,34,10,7.802380,0.303105
recycle_g64_grade3p0,recycle,3.0,34,11,8.489382,0.335436
recycle_g64_grade3p0,recycle,3.0,35,0,0.932360,0.335294
recycle_g64_grade3p0,recycle,3.0,35,1,1.619362,0.239457
recycle_g64_grade3p0,recycle,3.0,35,2,2.306364,0.254228
recycle_g64_grade3p0,recycle,3.0,35,3,2.993366,0.242355
recycle_g64_grade3p0,recycle,3.0,35,4,3.680368,0.221263
recycle_g64_grade3p0,recycle,3.0,35,5,4.367370,0.233661
recycle_g64_grade3p0,recycle,3.0,35,6,5.054372,0.245880
recycle_g64_grade3p0,recycle,3.0,35,7,5.741374,0.292062
recycle_g64_grade3p0,recycle,3.0,35,8,6.428376,0.276759
recycle_g64_grade3p0,recycle,3.0,35,9,7.115378,0.311308
recycle_g64_grade3p0,recycle,3.0,35,10,7.802380,0.318457
recycle_g64_grade3p0,recycle,3.0,35,11,8.489382,0.330612
recycle_g64_grade3p0,recycle,3.0,36,0,0.932360,0.331720
recycle_g64_grade3p0,recycle,3.0,36,1,1.619362,0.230222
recycle_g64_grade3p0,recycle,3.0,36,2,2.306364,0.257030
recycle_g64_grade3p0,recycle,3.0,36,3,2.993366,0.241153
recycle_g64_grade3p0,recycle,3.0,36,4,3.680368,0.222977
recycle_g64_grade3p0,recycle,3.0,36,5,4.367370,0.223560
recycle_g64_grade3p0,recycle,3.0,36,6,5.054372,0.249086
recycle_g64_grade3p0,recycle,3.0,36,7,5.741374,0.269361
recycle_g64_grade3p0,recycle,3.0,36,8,6.428376,0.286687
recycle_g64_grade3p0,recycle,3.0,36,9,7.115378,0.279266
recycle_g64_grade3p0,recycle,3.0,36,10,7.802380,0.306981
recycle_g64_grade3p0,recycle,3.0,36,11,8.489382,0.331589
recycle_g64_grade3p0,recycle,3.0,37,0,0.932360,0.334267
recycle_g64_grade3p0,recycle,3.0,37,1,1.619362,0.220872
recycle_g64_grade3p0,recycle,3.0,37,2,2.306364,0.258008
recycle_g64_grade3p0,recycle,3.0,37,3,2.993366,0.246426
recycle_g64_grade3p0,recycle,3.0,37,4,3.680368,0.222165
recycle_g64_grade3p0,recycle,3.0,37,5,4.367370,0.221654
recycle_g64_grade3p0,recycle,3.0,37,6,5.054372,0.248259
recycle_g64_grade3p0,recycle,3.0,37,7,5.741374,0.254254
recycle_g64_grade3p0,recycle,3.0,37,8,6.428376,0.291953
recycle_g64_grade3p0,recycle,3.0,37,9,7.115378,0.288548
recycle_g64_grade3p0,recycle,3.0,37,10,7.802380,0.307512
recycle_g64_grade3p0,recycle,3.0,37,11,8.489382,0.335474
recycle_g64_grade3p0,recycle,3.0,38,0,0.932360,0.340003
recycle_g64_grade3p0,recycle,3.0,38,1,1.619362,0.227195
recycle_g64_grade3p0,recycle,3.0,38,2,2.306364,0.251520
recycle_g64_grade3p0,recycle,3.0,38,3,2.993366,0.254558
recycle_g64_grade3p0,recycle,3.0,38,4,3.680368,0.226707
recycle_g64_grade3p0,recycle,3.0,38,5,4.367370,0.221554
recycle_g64_grade3p0,recycle,3.0,38,6,5.054372,0.245173
recycle_g64_grade3p0,recycle,3.0,38,7,5.741374,0.252631
recycle_g64_grade3p0,recycle,3.0,38,8,6.428376,0.277385
recycle_g64_grade3p0,recycle,3.0,38,9,7.115378,0.287550
recycle_g64_grade3p0,recycle,3.0,38,10,7.802380,0.302722
recycle_g64_grade3p0,recycle,3.0,38,11,8.489382,0.343196
recycle_g64_grade3p0,recycle,3.0,39,0,0.932360,0.328023
recycle_g64_grade3p0,recycle,3.0,39,1,1.619362,0.226036
recycle_g64_grade3p0,recycle,3.0,39,2,2.306364,0.254795
recycle_g64_grade3p0,recycle,3.0,39,3,2.993366,0.259535
recycle_g64_grade3p0,recycle,3.0,39,4,3.680368,0.231739
recycle_g64_grade3p0,recycle,3.0,39,5,4.367370,0.222567
recycle_g64_grade3p0,recycle,3.0,39,6,5.054372,0.242703
recycle_g64_grade3p0,recycle,3.0,39,7,5.741374,0.248017
recycle_g64_grade3p0,recycle,3.0,39,8,6.428376,0.285304
recycle_g64_grade3p0,recycle,3.0,39,9,7.115378,0.275858
recycle_g64_grade3p0,recycle,3.0,39,10,7.802380,0.313707
recycle_g64_grade3p0,recycle,3.0,39,11,8.489382,0.335176
recycle_g64_grade3p0,recycle,3.0,40,0,0.932360,0.345352
recycle_g64_grade3p0,recycle,3.0,40,1,1.619362,0.219855
recycle_g64_grade3p0,recycle,3.0,40,2,2.306364,0.258666
recycle_g64_grade3p0,recycle,3.0,40,3,2.993366,0.259759
recycle_g64_grade3p0,recycle,3.0,40,4,3.680368,0.228408
recycle_g64_grade3p0,recycle,3.0,40,5,4.367370,0.224562
recycle_g64_grade3p0,recycle,3.0,40,6,5.054372,0.238272
recycle_g64_grade3p0,recycle,3.0,40,7,5.741374,0.244527
recycle_g64_grade3p0,recycle,3.0,40,8,6.428376,0.272649
recycle_g64_grade3p0,recycle,3.0,40,9,7.115378,0.285588
recycle_g64_grade3p0,recycle,3.0,40,10,7.802380,0.306891
recycle_g64_grade3p0,recycle,3.0,40,11,8.489382,0.331359
recycle_g64_grade3p0,recycle,3.0,41,0,0.932360,0.341862
recycle_g64_grade3p0,recycle,3.0,41,1,1.619362,0.212614
recycle_g64_grade3p0,recycle,3.0,41,2,2.306364,0.255750
recycle_g64_grade3p0,recycle,3.0,41,3,2.993366,0.262543
recycle_g64_grade3p0,recycle,3.0,41,4,3.680368,0.230419
recycle_g64_grade3p0,recycle,3.0,41,5,4.367370,0.228924
recycle_g64_grade3p0,recycle,3.0,41,6,5.054372,0.231303
recycle_g64_grade3p0,recycle,3.0,41,7,5.741374,0.241928
recycle_g64_grade3p0,recycle,3.0,41,8,6.428376,0.283843
recycle_g64_grade3p0,recycle,3.0,41,9,7.115378,0.275494
recycle_g64_grade3p0,recycle,3.0,41,10,7.802380,0.307282
recycle_g64_grade3p0,recycle,3.0,41,11,8.489382,0.346280
recycle_g64_grade3p0,recycle,3.0,42,0,0.932360,0.341312
recycle_g64_grade3p0,recycle,3.0,42,1,1.619362,0.223430
recycle_g64_grade3p0,recycle,3.0,42,2,2.306364,0.243914
recycle_g64_grade3p0,recycle,3.0,42,3,2.993366,0.261251
recycle_g64_grade3p0,recycle,3.0,42,4,3.680368,0.236813
recycle_g64_grade3p0,recycle,3.0,42,5,4.367370,0.221512
recycle_g64_grade3p0,recycle,3.0,42,6,5.054372,0.234379
recycle_g64_grade3p0,recycle,3.0,42,7,5.741374,0.240023
recycle_g64_grade3p0,recycle,3.0,42,8,6.428376,0.271310
recycle_g64_grade3p0,recycle,3.0,42,9,7.115378,0.277463
recycle_g64_grade3p0,recycle,3.0,42,10,7.802380,0.284270
recycle_g64_grade3p0,recycle,3.0,42,11,8.489382,0.342977
recycle_g64_grade3p0,recycle,3.0,43,0,0.932360,0.346606
recycle_g64_grade3p0,recycle,3.0,43,1,1.619362,0.217652
recycle_g64_grade3p0,recycle,3.0,43,2,2.306364,0.243784
recycle_g64_grade3p0,recycle,3.0,43,3,2.993366,0.262194
recycle_g64_grade3p0,recycle,3.0,43,4,3.680368,0.229975
recycle_g64_grade3p0,recycle,3.0,43,5,4.367370,0.225327
recycle_g64_grade3p0,recycle,3.0,43,6,5.054372,0.231188
recycle_g64_grade3p0,recycle,3.0,43,7,5.741374,0.240246
recycle_g64_grade3p0,recycle,3.0,43,8,6.428376,0.252454
recycle_g64_grade3p0,recycle,3.0,43,9,7.115378,0.280416
recycle_g64_grade3p0,recycle,3.0,43,10,7.802380,0.302635
recycle_g64_grade3p0,recycle,3.0,43,11,8.489382,0.337174
recycle_g64_grade3p0,recycle,3.0,44,0,0.932360,0.358907
recycle_g64_grade3p0,recycle,3.0,44,1,1.619362,0.215379
recycle_g64_grade3p0,recycle,3.0,44,2,2.306364,0.237629
recycle_g64_grade3p0,recycle,3.0,44,3,2.993366,0.263181
recycle_g64_grade3p0,recycle,3.0,44,4,3.680368,0.237361
recycle_g64_grade3p0,recycle,3.0,44,5,4.367370,0.225106
recycle_g64_grade3p0,recycle,3.0,44,6,5.054372,0.228688
recycle_g64_grade3p0,recycle,3.0,44,7,5.741374,0.238215
recycle_g64_grade3p0,recycle,3.0,44,8,6.428376,0.249517
recycle_g64_grade3p0,recycle,3.0,44,9,7.115378,0.277340
recycle_g64_grade3p0,recycle,3.0,44,10,7.802380,0.284161
recycle_g64_grade3p0,recycle,3.0,44,11,8.489382,0.339650
recycle_g64_grade3p0,recycle,3.0,45,0,0.932360,0.356811
recycle_g64_grade3p0,recycle,3.0,45,1,1.619362,0.218646
recycle_g64_grade3p0,recycle,3.0,45,2,2.306364,0.239754
recycle_g64_grade3p0,recycle,3.0,45,3,2.993366,0.263353
recycle_g64_grade3p0,recycle,3.0,45,4,3.680368,0.246291
recycle_g64_grade3p0,recycle,3.0,45,5,4.367370,0.226183
recycle_g64_grade3p0,recycle,3.0,45,6,5.054372,0.221527
recycle_g64_grade3p0,recycle,3.0,45,7,5.741374,0.236435
recycle_g64_grade3p0,recycle,3.0,45,8,6.428376,0.248622
recycle_g64_grade3p0,recycle,3.0,45,9,7.115378,0.278998
recycle_g64_grade3p0,recycle,3.0,45,10,7.802380,0.274129
recycle_g64_grade3p0,recycle,3.0,45,11,8.489382,0.337783
recycle_g64_grade3p0,recycle,3.0,46,0,0.932360,0.356530
recycle_g64_grade3p0,recycle,3.0,46,1,1.619362,0.226627
recycle_g64_grade3p0,recycle,3.0,46,2,2.306364,0.238067
recycle_g64_grade3p0,recycle,3.0,46,3,2.993366,0.264707
recycle_g64_grade3p0,recycle,3.0,46,4,3.680368,0.248722
recycle_g64_grade3p0,recycle,3.0,46,5,4.367370,0.226209
recycle_g64_grade3p0,recycle,3.0,46,6,5.054372,0.221518
recycle_g64_grade3p0,recycle,3.0,46,7,5.741374,0.236064
recycle_g64_grade3p0,recycle,3.0,46,8,6.428376,0.243671
recycle_g64_grade3p0,recycle,3.0,46,9,7.115378,0.274721
recycle_g64_grade3p0,recycle,3.0,46,10,7.802380,0.275782
recycle_g64_grade3p0,recycle,3.0,46,11,8.489382,0.347192
recycle_g64_grade3p0,recycle,3.0,47,0,0.932360,0.357491
recycle_g64_grade3p0,recycle,3.0,47,1,1.619362,0.220642
recycle_g64_grade3p0,recycle,3.0,47,2,2.306364,0.227176
recycle_g64_grade3p0,recycle,3.0,47,3,2.993366,0.259072
recycle_g64_grade3p0,recycle,3.0,47,4,3.680368,0.248298
recycle_g64_grade3p0,recycle,3.0,47,5,4.367370,0.227226
recycle_g64_grade3p0,recycle,3.0,47,6,5.054372,0.226908
recycle_g64_grade3p0,recycle,3.0,47,7,5.741374,0.231494
recycle_g64_grade3p0,recycle,3.0,47,8,6.428376,0.241807
recycle_g64_grade3p0,recycle,3.0,47,9,7.115378,0.275524
recycle_g64_grade3p0,recycle,3.0,47,10,7.802380,0.279666
recycle_g64_grade3p0,recycle,3.0,47,11,8.489382,0.339741
recycle_g64_grade3p0,recycle,3.0,48,0,0.932360,0.355742
recycle_g64_grade3p0,recycle,3.0,48,1,1.619362,0.221711
recycle_g64_grade3p0,recycle,3.0,48,2,2.306364,0.227325
recycle_g64_grade3p0,recycle,3.0,48,3,2.993366,0.263667
recycle_g64_grade3p0,recycle,3.0,48,4,3.680368,0.246981
recycle_g64_grade3p0,recycle,3.0,48,5,4.367370,0.226587
recycle_g64_grade3p0,recycle,3.0,48,6,5.054372,0.224954
recycle_g64_grade3p0,recycle,3.0,48,7,5.741374,0.229120
recycle_g64_grade3p0,recycle,3.0,48,8,6.428376,0.236260
recycle_g64_grade3p0,recycle,3.0,48,9,7.115378,0.275858
recycle_g64_grade3p0,recycle,3.0,48,10,7.802380,0.273383
recycle_g64_grade3p0,recycle,3.0,48,11,8.489382,0.327156
recycle_g64_grade3p0,recycle,3.0,49,0,0.932360,0.354082
recycle_g64_grade3p0,recycle,3.0,49,1,1.619362,0.214069
recycle_g64_grade3p0,recycle,3.0,49,2,2.306364,0.233858
recycle_g64_grade3p0,recycle,3.0,49,3,2.993366,0.252205
recycle_g64_grade3p0,recycle,3.0,49,4,3.680368,0.251609
recycle_g64_grade3p0,recycle,3.0,49,5,4.367370,0.224800
recycle_g64_grade3p0,recycle,3.0,49,6,5.054372,0.248783
recycle_g64_grade3p0,recycle,3.0,49,7,5.741374,0.231279
recycle_g64_grade3p0,recycle,3.0,49,8,6.428376,0.235041
recycle_g64_grade3p0,recycle,3.0,49,9,7.115378,0.255578
recycle_g64_grade3p0,recycle,3.0,49,10,7.802380,0.273261
recycle_g64_grade3p0,recycle,3.0,49,11,8.489382,0.331607
recycle_g64_grade3p0,recycle,3.0,50,0,0.932360,0.361064
recycle_g64_grade3p0,recycle,3.0,50,1,1.619362,0.219839
recycle_g64_grade3p0,recycle,3.0,50,2,2.306364,0.233695
recycle_g64_grade3p0,recycle,3.0,50,3,2.993366,0.251636
recycle_g64_grade3p0,recycle,3.0,50,4,3.680368,0.259934
recycle_g64_grade3p0,recycle,3.0,50,5,4.367370,0.224835
recycle_g64_grade3p0,recycle,3.0,50,6,5.054372,0.227055
recycle_g64_grade3p0,recycle,3.0,50,7,5.741374,0.231819
recycle_g64_grade3p0,recycle,3.0,50,8,6.428376,0.234297
recycle_g64_grade3p0,recycle,3.0,50,9,7.115378,0.246617
recycle_g64_grade3p0,recycle,3.0,50,10,7.802380,0.275663
recycle_g64_grade3p0,recycle,3.0,50,11,8.489382,0.331232
recycle_g64_grade3p0,recycle,3.0,51,0,0.932360,0.359344
recycle_g64_grade3p0,recycle,3.0,51,1,1.619362,0.218110
recycle_g64_grade3p0,recycle,3.0,51,2,2.306364,0.232105
recycle_g64_grade3p0,recycle,3.0,51,3,2.993366,0.248840
recycle_g64_grade3p0,recycle,3.0,51,4,3.680368,0.262037
recycle_g64_grade3p0,recycle,3.0,51,5,4.367370,0.226932
recycle_g64_grade3p0,recycle,3.0,51,6,5.054372,0.226673
recycle_g64_grade3p0,recycle,3.0,51,7,5.741374,0.227450
recycle_g64_grade3p0,recycle,3.0,51,8,6.428376,0.231671
recycle_g64_grade3p0,recycle,3.0,51,9,7.115378,0.245299
recycle_g64_grade3p0,recycle,3.0,51,10,7.802380,0.277355
recycle_g64_grade3p0,recycle,3.0,51,11,8.489382,0.333989
recycle_g64_grade3p0,recycle,3.0,52,0,0.932360,0.361762
recycle_g64_grade3p0,recycle,3.0,52,1,1.619362,0.217863
recycle_g64_grade3p0,recycle,3.0,52,2,2.306364,0.223422
recycle_g64_grade3p0,recycle,3.0,52,3,2.993366,0.249274
recycle_g64_grade3p0,recycle,3.0,52,4,3.680368,0.261349
recycle_g64_grade3p0,recycle,3.0,52,5,4.367370,0.239324
recycle_g64_grade3p0,recycle,3.0,52,6,5.054372,0.226139
recycle_g64_grade3p0,recycle,3.0,52,7,5.741374,0.219150
recycle_g64_grade3p0,recycle,3.0,52,8,6.428376,0.232071
recycle_g64_grade3p0,recycle,3.0,52,9,7.115378,0.240724
recycle_g64_grade3p0,recycle,3.0,52,10,7.802380,0.278483
recycle_g64_grade3p0,recycle,3.0,52,11,8.489382,0.328680
recycle_g64_grade3p0,recycle,3.0,53,0,0.932360,0.363602
recycle_g64_grade3p0,recycle,3.0,53,1,1.619362,0.221188
recycle_g64_grade3p0,recycle,3.0,53,2,2.306364,0.221718
recycle_g64_grade3p0,recycle,3.0,53,3,2.993366,0.241824
recycle_g64_grade3p0,recycle,3.0,53,4,3.680368,0.261316
recycle_g64_grade3p0,recycle,3.0,53,5,4.367370,0.240652
recycle_g64_grade3p0,recycle,3.0,53,6,5.054372,0.225443
recycle_g64_grade3p0,recycle,3.0,53,7,5.741374,0.222671
recycle_g64_grade3p0,recycle,3.0,53,8,6.428376,0.231323
recycle_g64_grade3p0,recycle,3.0,53,9,7.115378,0.237623
recycle_g64_grade3p0,recycle,3.0,53,10,7.802380,0.275907
recycle_g64_grade3p0,recycle,3.0,53,11,8.489382,0.328221
recycle_g64_grade3p0,recycle,3.0,54,0,0.932360,0.356060
recycle_g64_grade3p0,recycle,3.0,54,1,1.619362,0.220985
recycle_g64_grade3p0,recycle,3.0,54,2,2.306364,0.218596
recycle_g64_grade3p0,recycle,3.0,54,3,2.993366,0.238985
recycle_g64_grade3p0,recycle,3.0,54,4,3.680368,0.260326
recycle_g64_grade3p0,recycle,3.0,54,5,4.367370,0.240080
recycle_g64_grade3p0,recycle,3.0,54,6,5.054372,0.230223
recycle_g64_grade3p0,recycle,3.0,54,7,5.741374,0.224746
recycle_g64_grade3p0,recycle,3.0,54,8,6.428376,0.228405
recycle_g64_grade3p0,recycle,3.0,54,9,7.115378,0.236773
recycle_g64_grade3p0,recycle,3.0,54,10,7.802380,0.281965
recycle_g64_grade3p0,recycle,3.0,54,11,8.489382,0.324771
recycle_g64_grade3p0,recycle,3.0,55,0,0.932360,0.357697
recycle_g64_grade3p0,recycle,3.0,55,1,1.619362,0.218764
recycle_g64_grade3p0,recycle,3.0,55,2,2.306364,0.222853
recycle_g64_grade3p0,recycle,3.0,55,3,2.993366,0.236330
recycle_g64_grade3p0,recycle,3.0,55,4,3.680368,0.259975
recycle_g64_grade3p0,recycle,3.0,55,5,4.367370,0.238993
recycle_g64_grade3p0,recycle,3.0,55,6,5.054372,0.231465
recycle_g64_grade3p0,recycle,3.0,55,7,5.741374,0.223690
recycle_g64_grade3p0,recycle,3.0,55,8,6.428376,0.224226
recycle_g64_grade3p0,recycle,3.0,55,9,7.115378,0.237153
recycle_g64_grade3p0,recycle,3.0,55,10,7.802380,0.259819
recycle_g64_grade3p0,recycle,3.0,55,11,8.489382,0.318163
recycle_g64_grade3p0,recycle,3.0,56,0,0.932360,0.369133
recycle_g64_grade3p0,recycle,3.0,56,1,1.619362,0.215336
recycle_g64_grade3p0,recycle,3.0,56,2,2.306364,0.218234
recycle_g64_grade3p0,recycle,3.0,56,3,2.993366,0.249143
recycle_g64_grade3p0,recycle,3.0,56,4,3.680368,0.250181
recycle_g64_grade3p0,recycle,3.0,56,5,4.367370,0.241562
recycle_g64_grade3p0,recycle,3.0,56,6,5.054372,0.227964
recycle_g64_grade3p0,recycle,3.0,56,7,5.741374,0.244786
recycle_g64_grade3p0,recycle,3.0,56,8,6.428376,0.229214
recycle_g64_grade3p0,recycle,3.0,56,9,7.115378,0.233762
recycle_g64_grade3p0,recycle,3.0,56,10,7.802380,0.250218
recycle_g64_grade3p0,recycle,3.0,56,11,8.489382,0.315458
recycle_g64_grade3p0,recycle,3.0,57,0,0.932360,0.358523
recycle_g64_grade3p0,recycle,3.0,57,1,1.619362,0.217529
recycle_g64_grade3p0,recycle,3.0,57,2,2.306364,0.215463
recycle_g64_grade3p0,recycle,3.0,57,3,2.993366,0.248808
recycle_g64_grade3p0,recycle,3.0,57,4,3.680368,0.248926
recycle_g64_grade3p0,recycle,3.0,57,5,4.367370,0.252752
recycle_g64_grade3p0,recycle,3.0,57,6,5.054372,0.230702
recycle_g64_grade3p0,recycle,3.0,57,7,5.741374,0.221858
recycle_g64_grade3p0,recycle,3.0,57,8,6.428376,0.229307
recycle_g64_grade3p0,recycle,3.0,57,9,7.115378,0.229716
recycle_g64_grade3p0,recycle,3.0,57,10,7.802380,0.250026
recycle_g64_grade3p0,recycle,3.0,57,11,8.489382,0.317543
recycle_g64_grade3p0,recycle,3.0,58,0,0.932360,0.352619
recycle_g64_grade3p0,recycle,3.0,58,1,1.619362,0.229480
recycle_g64_grade3p0,recycle,3.0,58,2,2.306364,0.216980
recycle_g64_grade3p0,recycle,3.0,58,3,2.993366,0.234924
recycle_g64_grade3p0,recycle,3.0,58,4,3.680368,0.248506
recycle_g64_grade3p0,recycle,3.0,58,5,4.367370,0.251746
recycle_g64_grade3p0,recycle,3.0,58,6,5.054372,0.232340
recycle_g64_grade3p0,recycle,3.0,58,7,5.741374,0.221161
recycle_g64_grade3p0,recycle,3.0,58,8,6.428376,0.227855
recycle_g64_grade3p0,recycle,3.0,58,9,7.115378,0.228608
recycle_g64_grade3p0,recycle,3.0,58,10,7.802380,0.244541
recycle_g64_grade3p0,recycle,3.0,58,11,8.489382,0.315254
recycle_g64_grade3p0,recycle,3.0,59,0,0.932360,0.351969
recycle_g64_grade3p0,recycle,3.0,59,1,1.619362,0.226163
recycle_g64_grade3p0,recycle,3.0,59,2,2.306364,0.208057
recycle_g64_grade3p0,recycle,3.0,59,3,2.993366,0.234046
recycle_g64_grade3p0,recycle,3.0,59,4,3.680368,0.246242
recycle_g64_grade3p0,recycle,3.0,59,5,4.367370,0.255978
recycle_g64_grade3p0,recycle,3.0,59,6,5.054372,0.236179
recycle_g64_grade3p0,recycle,3.0,59,7,5.741374,0.228905
recycle_g64_grade3p0,recycle,3.0,59,8,6.428376,0.217274
recycle_g64_grade3p0,recycle,3.0,59,9,7.115378,0.229824
recycle_g64_grade3p0,recycle,3.0,59,10,7.802380,0.244108
recycle_g64_grade3p0,recycle,3.0,59,11,8.489382,0.315557
recycle_g64_grade3p0,recycle,3.0,60,0,0.932360,0.355514
recycle_g64_grade3p0,recycle,3.0,60,1,1.619362,0.222068
recycle_g64_grade3p0,recycle,3.0,60,2,2.306364,0.207936
recycle_g64_grade3p0,recycle,3.0,60,3,2.993366,0.237177
recycle_g64_grade3p0,recycle,3.0,60,4,3.680368,0.244790
recycle_g64_grade3p0,recycle,3.0,60,5,4.367370,0.253026
recycle_g64_grade3p0,recycle,3.0,60,6,5.054372,0.241044
recycle_g64_grade3p0,recycle,3.0,60,7,5.741374,0.221970
recycle_g64_grade3p0,recycle,3.0,60,8,6.428376,0.222624
recycle_g64_grade3p0,recycle,3.0,60,9,7.115378,0.229837
recycle_g64_grade3p0,recycle,3.0,60,10,7.802380,0.242788
recycle_g64_grade3p0,recycle,3.0,60,11,8.489382,0.319273
recycle_g64_grade3p0,recycle,3.0,61,0,0.932360,0.350196
recycle_g64_grade3p0,recycle,3.0,61,1,1.619362,0.222869
recycle_g64_grade3p0,recycle,3.0,61,2,2.306364,0.207266
recycle_g64_grade3p0,recycle,3.0,61,3,2.993366,0.233750
recycle_g64_grade3p0,recycle,3.0,61,4,3.680368,0.237204
recycle_g64_grade3p0,recycle,3.0,61,5,4.367370,0.252978
recycle_g64_grade3p0,recycle,3.0,61,6,5.054372,0.238209
recycle_g64_grade3p0,recycle,3.0,61,7,5.741374,0.232326
recycle_g64_grade3p0,recycle,3.0,61,8,6.428376,0.224679
recycle_g64_grade3p0,recycle,3.0,61,9,7.115378,0.216359
recycle_g64_grade3p0,recycle,3.0,61,10,7.802380,0.245826
recycle_g64_grade3p0,recycle,3.0,61,11,8.489382,0.321826
recycle_g64_grade3p0,recycle,3.0,62,0,0.932360,0.343334
recycle_g64_grade3p0,recycle,3.0,62,1,1.619362,0.219193
recycle_g64_grade3p0,recycle,3.0,62,2,2.306364,0.209333
recycle_g64_grade3p0,recycle,3.0,62,3,2.993366,0.235018
recycle_g64_grade3p0,recycle,3.0,62,4,3.680368,0.242019
recycle_g64_grade3p0,recycle,3.0,62,5,4.367370,0.253204
recycle_g64_grade3p0,recycle,3.0,62,6,5.054372,0.240725
recycle_g64_grade3p0,recycle,3.0,62,7,5.741374,0.223313
recycle_g64_grade3p0,recycle,3.0,62,8,6.428376,0.227912
recycle_g64_grade3p0,recycle,3.0,62,9,7.115378,0.227504
recycle_g64_grade3p0,recycle,3.0,62,10,7.802380,0.235684
recycle_g64_grade3p0,recycle,3.0,62,11,8.489382,0.312061
recycle_g64_grade3p0,recycle,3.0,63,0,0.932360,0.346974
recycle_g64_grade3p0,recycle,3.0,63,1,1.619362,0.212587
recycle_g64_grade3p0,recycle,3.0,63,2,2.306364,0.210699
recycle_g64_grade3p0,recycle,3.0,63,3,2.993366,0.231844
recycle_g64_grade3p0,recycle,3.0,63,4,3.680368,0.241404
recycle_g64_grade3p0,recycle,3.0,63,5,4.367370,0.252646
recycle_g64_grade3p0,recycle,3.0,63,6,5.054372,0.244778
recycle_g64_grade3p0,recycle,3.0,63,7,5.741374,0.227699
recycle_g64_grade3p0,recycle,3.0,63,8,6.428376,0.220988
recycle_g64_grade3p0,recycle,3.0,63,9,7.115378,0.230282
recycle_g64_grade3p0,recycle,3.0,63,10,7.802380,0.238580
recycle_g64_grade3p0,recycle,3.0,63,11,8.489382,0.307561
recycle_g64_grade3p0,recycle,3.0,64,0,0.932360,0.343629
recycle_g64_grade3p0,recycle,3.0,64,1,1.619362,0.207205
recycle_g64_grade3p0,recycle,3.0,64,2,2.306364,0.211304
recycle_g64_grade3p0,recycle,3.0,64,3,2.993366,0.231879
recycle_g64_grade3p0,recycle,3.0,64,4,3.680368,0.238803
recycle_g64_grade3p0,recycle,3.0,64,5,4.367370,0.249066
recycle_g64_grade3p0,recycle,3.0,64,6,5.054372,0.245802
recycle_g64_grade3p0,recycle,3.0,64,7,5.741374,0.226616
recycle_g64_grade3p0,recycle,3.0,64,8,6.428376,0.220775
recycle_g64_grade3p0,recycle,3.0,64,9,7.115378,0.231102
recycle_g64_grade3p0,recycle,3.0,64,10,7.802380,0.231016
recycle_g64_grade3p0,recycle,3.0,64,11,8.489382,0.310138
recycle_g64_grade3p0,recycle,3.0,65,0,0.932360,0.338332
recycle_g64_grade3p0,recycle,3.0,65,1,1.619362,0.217926
recycle_g64_grade3p0,recycle,3.0,65,2,2.306364,0.208537
recycle_g64_grade3p0,recycle,3.0,65,3,2.993366,0.227673
recycle_g64_grade3p0,recycle,3.0,65,4,3.680368,0.232817
recycle_g64_grade3p0,recycle,3.0,65,5,4.367370,0.248480
recycle_g64_grade3p0,recycle,3.0,65,6,5.054372,0.247463
recycle_g64_grade3p0,recycle,3.0,65,7,5.741374,0.227458
recycle_g64_grade3p0,recycle,3.0,65,8,6.428376,0.227636
recycle_g64_grade3p0,recycle,3.0,65,9,7.115378,0.219487
recycle_g64_grade3p0,recycle,3.0,65,10,7.802380,0.228393
recycle_g64_grade3p0,recycle,3.0,65,11,8.489382,0.306083
recycle_g64_grade3p0,recycle,3.0,66,0,0.932360,0.337651
recycle_g64_grade3p0,recycle,3.0,66,1,1.619362,0.214389
recycle_g64_grade3p0,recycle,3.0,66,2,2.306364,0.199364
recycle_g64_grade3p0,recycle,3.0,66,3,2.993366,0.222592
recycle_g64_grade3p0,recycle,3.0,66,4,3.680368,0.235501
recycle_g64_grade3p0,recycle,3.0,66,5,4.367370,0.246544
recycle_g64_grade3p0,recycle,3.0,66,6,5.054372,0.242481
recycle_g64_grade3p0,recycle,3.0,66,7,5.741374,0.238849
recycle_g64_grade3p0,recycle,3.0,66,8,6.428376,0.221741
recycle_g64_grade3p0,recycle,3.0,66,9,7.115378,0.220588
recycle_g64_grade3p0,recycle,3.0,66,10,7.802380,0.229197
recycle_g64_grade3p0,recycle,3.0,66,11,8.489382,0.298210
recycle_g64_grade3p0,recycle,3.0,67,0,0.932360,0.345763
recycle_g64_grade3p0,recycle,3.0,67,1,1.619362,0.207064
recycle_g64_grade3p0,recycle,3.0,67,2,2.306364,0.196696
recycle_g64_grade3p0,recycle,3.0,67,3,2.993366,0.219243
recycle_g64_grade3p0,recycle,3.0,67,4,3.680368,0.236973
recycle_g64_grade3p0,recycle,3.0,67,5,4.367370,0.238283
recycle_g64_grade3p0,recycle,3.0,67,6,5.054372,0.244174
recycle_g64_grade3p0,recycle,3.0,67,7,5.741374,0.235647
recycle_g64_grade3p0,recycle,3.0,67,8,6.428376,0.226141
recycle_g64_grade3p0,recycle,3.0,67,9,7.115378,0.223125
recycle_g64_grade3p0,recycle,3.0,67,10,7.802380,0.230777
recycle_g64_grade3p0,recycle,3.0,67,11,8.489382,0.306927
recycle_g64_grade3p0,recycle,3.0,68,0,0.932360,0.331459
recycle_g64_grade3p0,recycle,3.0,68,1,1.619362,0.197322
recycle_g64_grade3p0,recycle,3.0,68,2,2.306364,0.196091
recycle_g64_grade3p0,recycle,3.0,68,3,2.993366,0.220960
recycle_g64_grade3p0,recycle,3.0,68,4,3.680368,0.236221
recycle_g64_grade3p0,recycle,3.0,68,5,4.367370,0.237215
recycle_g64_grade3p0,recycle,3.0,68,6,5.054372,0.245214
recycle_g64_grade3p0,recycle,3.0,68,7,5.741374,0.234011
recycle_g64_grade3p0,recycle,3.0,68,8,6.428376,0.222387
recycle_g64_grade3p0,recycle,3.0,68,9,7.115378,0.227930
recycle_g64_grade3p0,recycle,3.0,68,10,7.802380,0.226612
recycle_g64_grade3p0,recycle,3.0,68,11,8.489382,0.307119
recycle_g64_grade3p0,recycle,3.0,69,0,0.932360,0.338289
recycle_g64_grade3p0,recycle,3.0,69,1,1.619362,0.191033
recycle_g64_grade3p0,recycle,3.0,69,2,2.306364,0.197499
recycle_g64_grade3p0,recycle,3.0,69,3,2.993366,0.223111
recycle_g64_grade3p0,recycle,3.0,69,4,3.680368,0.232058
recycle_g64_grade3p0,recycle,3.0,69,5,4.367370,0.236062
recycle_g64_grade3p0,recycle,3.0,69,6,5.054372,0.248048
recycle_g64_grade3p0,recycle,3.0,69,7,5.741374,0.236950
recycle_g64_grade3p0,recycle,3.0,69,8,6.428376,0.224633
recycle_g64_grade3p0,recycle,3.0,69,9,7.115378,0.219233
recycle_g64_grade3p0,recycle,3.0,69,10,7.802380,0.235042
recycle_g64_grade3p0,recycle,3.0,69,11,8.489382,0.308813
recycle_g64_grade3p0,recycle,3.0,70,0,0.932360,0.337500
recycle_g64_grade3p0,recycle,3.0,70,1,1.619362,0.198379
recycle_g64_grade3p0,recycle,3.0,70,2,2.306364,0.195058
recycle_g64_grade3p0,recycle,3.0,70,3,2.993366,0.222517
recycle_g64_grade3p0,recycle,3.0,70,4,3.680368,0.231829
recycle_g64_grade3p0,recycle,3.0,70,5,4.367370,0.233264
recycle_g64_grade3p0,recycle,3.0,70,6,5.054372,0.245814
recycle_g64_grade3p0,recycle,3.0,70,7,5.741374,0.239272
recycle_g64_grade3p0,recycle,3.0,70,8,6.428376,0.226890
recycle_g64_grade3p0,recycle,3.0,70,9,7.115378,0.219060
recycle_g64_grade3p0,recycle,3.0,70,10,7.802380,0.233996
recycle_g64_grade3p0,recycle,3.0,70,11,8.489382,0.297862
recycle_g64_grade3p0,recycle,3.0,71,0,0.932360,0.332958
recycle_g64_grade3p0,recycle,3.0,71,1,1.619362,0.190067
recycle_g64_grade3p0,recycle,3.0,71,2,2.306364,0.190889
recycle_g64_grade3p0,recycle,3.0,71,3,2.993366,0.217386
recycle_g64_grade3p0,recycle,3.0,71,4,3.680368,0.231419
recycle_g64_grade3p0,recycle,3.0,71,5,4.367370,0.230679
recycle_g64_grade3p0,recycle,3.0,71,6,5.054372,0.245134
recycle_g64_grade3p0,recycle,3.0,71,7,5.741374,0.239977
recycle_g64_grade3p0,recycle,3.0,71,8,6.428376,0.227020
recycle_g64_grade3p0,recycle,3.0,71,9,7.115378,0.225781
recycle_g64_grade3p0,recycle,3.0,71,10,7.802380,0.234314
recycle_g64_grade3p0,recycle,3.0,71,11,8.489382,0.299495
recycle_g64_grade3p0,recycle,3.0,72,0,0.932360,0.327761
recycle_g64_grade3p0,recycle,3.0,72,1,1.619362,0.193477
recycle_g64_grade3p0,recycle,3.0,72,2,2.306364,0.190884
recycle_g64_grade3p0,recycle,3.0,72,3,2.993366,0.213709
recycle_g64_grade3p0,recycle,3.0,72,4,3.680368,0.234061
recycle_g64_grade3p0,recycle,3.0,72,5,4.367370,0.230234
recycle_g64_grade3p0,recycle,3.0,72,6,5.054372,0.244669
recycle_g64_grade3p0,recycle,3.0,72,7,5.741374,0.239105
recycle_g64_grade3p0,recycle,3.0,72,8,6.428376,0.232715
recycle_g64_grade3p0,recycle,3.0,72,9,7.115378,0.225641
recycle_g64_grade3p0,recycle,3.0,72,10,7.802380,0.219713
recycle_g64_grade3p0,recycle,3.0,72,11,8.489382,0.297960
recycle_g64_grade3p0,recycle,3.0,73,0,0.932360,0.324073
recycle_g64_grade3p0,recycle,3.0,73,1,1.619362,0.182564
recycle_g64_grade3p0,recycle,3.0,73,2,2.306364,0.195165
recycle_g64_grade3p0,recycle,3.0,73,3,2.993366,0.197710
recycle_g64_grade3p0,recycle,3.0,73,4,3.680368,0.228923
recycle_g64_grade3p0,recycle,3.0,73,5,4.367370,0.237025
recycle_g64_grade3p0,recycle,3.0,73,6,5.054372,0.229143
recycle_g64_grade3p0,recycle,3.0,73,7,5.741374,0.238575
recycle_g64_grade3p0,recycle,3.0,73,8,6.428376,0.232368
recycle_g64_grade3p0,recycle,3.0,73,9,7.115378,0.226370
recycle_g64_grade3p0,recycle,3.0,73,10,7.802380,0.232722
recycle_g64_grade3p0,recycle,3.0,73,11,8.489382,0.287974
recycle_g64_grade3p0,recycle,3.0,74,0,0.932360,0.325873
recycle_g64_grade3p0,recycle,3.0,74,1,1.619362,0.185784
recycle_g64_grade3p0,recycle,3.0,74,2,2.306364,0.184476
recycle_g64_grade3p0,recycle,3.0,74,3,2.993366,0.194597
recycle_g64_grade3p0,recycle,3.0,74,4,3.680368,0.231169
recycle_g64_grade3p0,recycle,3.0,74,5,4.367370,0.232974
recycle_g64_grade3p0,recycle,3.0,74,6,5.054372,0.231748
recycle_g64_grade3p0,recycle,3.0,74,7,5.741374,0.242883
recycle_g64_grade3p0,recycle,3.0,74,8,6.428376,0.230710
recycle_g64_grade3p0,recycle,3.0,74,9,7.115378,0.226812
recycle_g64_grade3p0,recycle,3.0,74,10,7.802380,0.228476
recycle_g64_grade3p0,recycle,3.0,74,11,8.489382,0.290554
recycle_g64_grade3p0,recycle,3.0,75,0,0.932360,0.318523
recycle_g64_grade3p0,recycle,3.0,75,1,1.619362,0.185403
recycle_g64_grade3p0,recycle,3.0,75,2,2.306364,0.179938
recycle_g64_grade3p0,recycle,3.0,75,3,2.993366,0.197337
recycle_g64_grade3p0,recycle,3.0,75,4,3.680368,0.231248
recycle_g64_grade3p0,recycle,3.0,75,5,4.367370,0.229796
recycle_g64_grade3p0,recycle,3.0,75,6,5.054372,0.238438
recycle_g64_grade3p0,recycle,3.0,75,7,5.741374,0.239598
recycle_g64_grade3p0,recycle,3.0,75,8,6.428376,0.231560
recycle_g64_grade3p0,recycle,3.0,75,9,7.115378,0.228972
recycle_g64_grade3p0,recycle,3.0,75,10,7.802380,0.235978
recycle_g64_grade3p0,recycle,3.0,75,11,8.489382,0.280529
recycle_g64_grade3p0,recycle,3.0,76,0,0.932360,0.318459
recycle_g64_grade3p0,recycle,3.0,76,1,1.619362,0.181777
recycle_g64_grade3p0,recycle,3.0,76,2,2.306364,0.170084
recycle_g64_grade3p0,recycle,3.0,76,3,2.993366,0.197835
recycle_g64_grade3p0,recycle,3.0,76,4,3.680368,0.228532
recycle_g64_grade3p0,recycle,3.0,76,5,4.367370,0.229236
recycle_g64_grade3p0,recycle,3.0,76,6,5.054372,0.231214
recycle_g64_grade3p0,recycle,3.0,76,7,5.741374,0.241860
recycle_g64_grade3p0,recycle,3.0,76,8,6.428376,0.232830
recycle_g64_grade3p0,recycle,3.0,76,9,7.115378,0.227718
recycle_g64_grade3p0,recycle,3.0,76,10,7.802380,0.224615
recycle_g64_grade3p0,recycle,3.0,76,11,8.489382,0.286160
recycle_g64_grade3p0,recycle,3.0,77,0,0.932360,0.312747
recycle_g64_grade3p0,recycle,3.0,77,1,1.619362,0.176040
recycle_g64_grade3p0,recycle,3.0,77,2,2.306364,0.176483
recycle_g64_grade3p0,recycle,3.0,77,3,2.993366,0.198044
recycle_g64_grade3p0,recycle,3.0,77,4,3.680368,0.224253
recycle_g64_grade3p0,recycle,3.0,77,5,4.367370,0.227510
recycle_g64_grade3p0,recycle,3.0,77,6,5.054372,0.226803
recycle_g64_grade3p0,recycle,3.0,77,7,5.741374,0.242386
recycle_g64_grade3p0,recycle,3.0,77,8,6.428376,0.236204
recycle_g64_grade3p0,recycle,3.0,77,9,7.115378,0.225957
recycle_g64_grade3p0,recycle,3.0,77,10,7.802380,0.232758
recycle_g64_grade3p0,recycle,3.0,77,11,8.489382,0.291259
recycle_g64_grade3p0,recycle,3.0,78,0,0.932360,0.318040
recycle_g64_grade3p0,recycle,3.0,78,1,1.619362,0.170176
recycle_g64_grade3p0,recycle,3.0,78,2,2.306364,0.174503
recycle_g64_grade3p0,recycle,3.0,78,3,2.993366,0.197989
recycle_g64_grade3p0,recycle,3.0,78,4,3.680368,0.220647
recycle_g64_grade3p0,recycle,3.0,78,5,4.367370,0.230271
recycle_g64_grade3p0,recycle,3.0,78,6,5.054372,0.226407
recycle_g64_grade3p0,recycle,3.0,78,7,5.741374,0.240547
recycle_g64_grade3p0,recycle,3.0,78,8,6.428376,0.230147
recycle_g64_grade3p0,recycle,3.0,78,9,7.115378,0.239041
recycle_g64_grade3p0,recycle,3.0,78,10,7.802380,0.227463
recycle_g64_grade3p0,recycle,3.0,78,11,8.489382,0.290271
recycle_g64_grade3p0,recycle,3.0,79,0,0.932360,0.320970
recycle_g64_grade3p0,recycle,3.0,79,1,1.619362,0.174130
recycle_g64_grade3p0,recycle,3.0,79,2,2.306364,0.158479
recycle_g64_grade3p0,recycle,3.0,79,3,2.993366,0.191763
recycle_g64_grade3p0,recycle,3.0,79,4,3.680368,0.212367
recycle_g64_grade3p0,recycle,3.0,79,5,4.367370,0.226785
recycle_g64_grade3p0,recycle,3.0,79,6,5.054372,0.231453
recycle_g64_grade3p0,recycle,3.0,79,7,5.741374,0.226521
recycle_g64_grade3p0,recycle,3.0,79,8,6.428376,0.235789
recycle_g64_grade3p0,recycle,3.0,79,9,7.115378,0.226752
recycle_g64_grade3p0,recycle,3.0,79,10,7.802380,0.228676
recycle_g64_grade3p0,recycle,3.0,79,11,8.489382,0.281006
recycle_g64_grade3p0,recycle,3.0,80,0,0.932360,0.320400
recycle_g64_grade3p0,recycle,3.0,80,1,1.619362,0.182745
recycle_g64_grade3p0,recycle,3.0,80,2,2.306364,0.153641
recycle_g64_grade3p0,recycle,3.0,80,3,2.993366,0.184030
recycle_g64_grade3p0,recycle,3.0,80,4,3.680368,0.200880
recycle_g64_grade3p0,recycle,3.0,80,5,4.367370,0.233341
recycle_g64_grade3p0,recycle,3.0,80,6,5.054372,0.227831
recycle_g64_grade3p0,recycle,3.0,80,7,5.741374,0.232851
recycle_g64_grade3p0,recycle,3.0,80,8,6.428376,0.238569
recycle_g64_grade3p0,recycle,3.0,80,9,7.115378,0.220567
recycle_g64_grade3p0,recycle,3.0,80,10,7.802380,0.232000
recycle_g64_grade3p0,recycle,3.0,80,11,8.489382,0.290595
recycle_g64_grade3p0,recycle,3.0,81,0,0.932360,0.311602
recycle_g64_grade3p0,recycle,3.0,81,1,1.619362,0.176625
recycle_g64_grade3p0,recycle,3.0,81,2,2.306364,0.155764
recycle_g64_grade3p0,recycle,3.0,81,3,2.993366,0.174394
recycle_g64_grade3p0,recycle,3.0,81,4,3.680368,0.208454
recycle_g64_grade3p0,recycle,3.0,81,5,4.367370,0.231768
recycle_g64_grade3p0,recycle,3.0,81,6,5.054372,0.220268
recycle_g64_grade3p0,recycle,3.0,81,7,5.741374,0.230158
recycle_g64_grade3p0,recycle,3.0,81,8,6.428376,0.238112
recycle_g64_grade3p0,recycle,3.0,81,9,7.115378,0.222606
recycle_g64_grade3p0,recycle,3.0,81,10,7.802380,0.234116
recycle_g64_grade3p0,recycle,3.0,81,11,8.489382,0.287529
recycle_g64_grade3p0,recycle,3.0,82,0,0.932360,0.320815
recycle_g64_grade3p0,recycle,3.0,82,1,1.619362,0.174909
recycle_g64_grade3p0,recycle,3.0,82,2,2.306364,0.157683
recycle_g64_grade3p0,recycle,3.0,82,3,2.993366,0.167206
recycle_g64_grade3p0,recycle,3.0,82,4,3.680368,0.203378
recycle_g64_grade3p0,recycle,3.0,82,5,4.367370,0.228716
recycle_g64_grade3p0,recycle,3.0,82,6,5.054372,0.219220
recycle_g64_grade3p0,recycle,3.0,82,7,5.741374,0.230214
recycle_g64_grade3p0,recycle,3.0,82,8,6.428376,0.239269
recycle_g64_grade3p0,recycle,3.0,82,9,7.115378,0.228792
recycle_g64_grade3p0,recycle,3.0,82,10,7.802380,0.236091
recycle_g64_grade3p0,recycle,3.0,82,11,8.489382,0.297142
recycle_g64_grade3p0,recycle,3.0,83,0,0.932360,0.310937
recycle_g64_grade3p0,recycle,3.0,83,1,1.619362,0.179288
recycle_g64_grade3p0,recycle,3.0,83,2,2.306364,0.159867
recycle_g64_grade3p0,recycle,3.0,83,3,2.993366,0.171779
recycle_g64_grade3p0,recycle,3.0,83,4,3.680368,0.200867
recycle_g64_grade3p0,recycle,3.0,83,5,4.367370,0.226783
recycle_g64_grade3p0,recycle,3.0,83,6,5.054372,0.215455
recycle_g64_grade3p0,recycle,3.0,83,7,5.741374,0.228936
recycle_g64_grade3p0,recycle,3.0,83,8,6.428376,0.231833
recycle_g64_grade3p0,recycle,3.0,83,9,7.115378,0.234724
recycle_g64_grade3p0,recycle,3.0,83,10,7.802380,0.236385
recycle_g64_grade3p0,recycle,3.0,83,11,8.489382,0.289430
recycle_g64_grade3p0,recycle,3.0,84,0,0.932360,0.321731
recycle_g64_grade3p0,recycle,3.0,84,1,1.619362,0.178672
recycle_g64_grade3p0,recycle,3.0,84,2,2.306364,0.154978
recycle_g64_grade3p0,recycle,3.0,84,3,2.993366,0.172780
recycle_g64_grade3p0,recycle,3.0,84,4,3.680368,0.200115
recycle_g64_grade3p0,recycle,3.0,84,5,4.367370,0.223579
recycle_g64_grade3p0,recycle,3.0,84,6,5.054372,0.219563
recycle_g64_grade3p0,recycle,3.0,84,7,5.741374,0.230561
recycle_g64_grade3p0,recycle,3.0,84,8,6.428376,0.230438
recycle_g64_grade3p0,recycle,3.0,84,9,7.115378,0.224896
recycle_g64_grade3p0,recycle,3.0,84,10,7.802380,0.238808
recycle_g64_grade3p0,recycle,3.0,84,11,8.489382,0.294980
recycle_g64_grade3p0,recycle,3.0,85,0,0.932360,0.319273
recycle_g64_grade3p0,recycle,3.0,85,1,1.619362,0.173564
recycle_g64_grade3p0,recycle,3.0,85,2,2.306364,0.154244
recycle_g64_grade3p0,recycle,3.0,85,3,2.993366,0.156797
recycle_g64_grade3p0,recycle,3.0,85,4,3.680368,0.197774
recycle_g64_grade3p0,recycle,3.0,85,5,4.367370,0.217108
recycle_g64_grade3p0,recycle,3.0,85,6,5.054372,0.219452
recycle_g64_grade3p0,recycle,3.0,85,7,5.741374,0.230529
recycle_g64_grade3p0,recycle,3.0,85,8,6.428376,0.230126
recycle_g64_grade3p0,recycle,3.0,85,9,7.115378,0.229709
recycle_g64_grade3p0,recycle,3.0,85,10,7.802380,0.236836
recycle_g64_grade3p0,recycle,3.0,85,11,8.489382,0.292605
recycle_g64_grade3p0,recycle,3.0,86,0,0.932360,0.318314
recycle_g64_grade3p0,recycle,3.0,86,1,1.619362,0.172108
recycle_g64_grade3p0,recycle,3.0,86,2,2.306364,0.153485
recycle_g64_grade3p0,recycle,3.0,86,3,2.993366,0.153454
recycle_g64_grade3p0,recycle,3.0,86,4,3.680368,0.190802
recycle_g64_grade3p0,recycle,3.0,86,5,4.367370,0.206210
recycle_g64_grade3p0,recycle,3.0,86,6,5.054372,0.218495
recycle_g64_grade3p0,recycle,3.0,86,7,5.741374,0.227186
recycle_g64_grade3p0,recycle,3.0,86,8,6.428376,0.223698
recycle_g64_grade3p0,recycle,3.0,86,9,7.115378,0.230158
recycle_g64_grade3p0,recycle,3.0,86,10,7.802380,0.233153
recycle_g64_grade3p0,recycle,3.0,86,11,8.489382,0.289698
recycle_g64_grade3p0,recycle,3.0,87,0,0.932360,0.323102
recycle_g64_grade3p0,recycle,3.0,87,1,1.619362,0.167330
recycle_g64_grade3p0,recycle,3.0,87,2,2.306364,0.147073
recycle_g64_grade3p0,recycle,3.0,87,3,2.993366,0.153503
recycle_g64_grade3p0,recycle,3.0,87,4,3.680368,0.177442
recycle_g64_grade3p0,recycle,3.0,87,5,4.367370,0.208325
recycle_g64_grade3p0,recycle,3.0,87,6,5.054372,0.217112
recycle_g64_grade3p0,recycle,3.0,87,7,5.741374,0.218158
recycle_g64_grade3p0,recycle,3.0,87,8,6.428376,0.226220
recycle_g64_grade3p0,recycle,3.0,87,9,7.115378,0.229448
recycle_g64_grade3p0,recycle,3.0,87,10,7.802380,0.231947
recycle_g64_grade3p0,recycle,3.0,87,11,8.489382,0.286618
recycle_g64_grade3p0,recycle,3.0,88,0,0.932360,0.325004
recycle_g64_grade3p0,recycle,3.0,88,1,1.619362,0.166082
recycle_g64_grade3p0,recycle,3.0,88,2,2.306364,0.145024
recycle_g64_grade3p0,recycle,3.0,88,3,2.993366,0.157470
recycle_g64_grade3p0,recycle,3.0,88,4,3.680368,0.163816
recycle_g64_grade3p0,recycle,3.0,88,5,4.367370,0.207634
recycle_g64_grade3p0,recycle,3.0,88,6,5.054372,0.212398
recycle_g64_grade3p0,recycle,3.0,88,7,5.741374,0.219584
recycle_g64_grade3p0,recycle,3.0,88,8,6.428376,0.222229
recycle_g64_grade3p0,recycle,3.0,88,9,7.115378,0.238459
recycle_g64_grade3p0,recycle,3.0,88,10,7.802380,0.234581
recycle_g64_grade3p0,recycle,3.0,88,11,8.489382,0.295272
recycle_g64_grade3p0,recycle,3.0,89,0,0.932360,0.326631
recycle_g64_grade3p0,recycle,3.0,89,1,1.619362,0.172469
recycle_g64_grade3p0,recycle,3.0,89,2,2.306364,0.143466
recycle_g64_grade3p0,recycle,3.0,89,3,2.993366,0.154498
recycle_g64_grade3p0,recycle,3.0,89,4,3.680368,0.177614
recycle_g64_grade3p0,recycle,3.0,89,5,4.367370,0.197572
recycle_g64_grade3p0,recycle,3.0,89,6,5.054372,0.211183
recycle_g64_grade3p0,recycle,3.0,89,7,5.741374,0.220735
recycle_g64_grade3p0,recycle,3.0,89,8,6.428376,0.221180
recycle_g64_grade3p0,recycle,3.0,89,9,7.115378,0.229399
recycle_g64_grade3p0,recycle,3.0,89,10,7.802380,0.236587
recycle_g64_grade3p0,recycle,3.0,89,11,8.489382,0.296446
