record_id,family,family_role,family_note,hull,reference_frame,window,frames,discard,seed_index,n_grid,dx_m,depth_m,depth_cells,v_car_ms,v_water_ms,v_rel_mag_ms,v_rel_angle_deg_from_broadside,force_horiz_mag_N,force_mean_x_N,force_mean_y_N,force_mean_z_N,torque_note,fz_settle_N,f_buoy_analytic_N,fz_settle_over_analytic_diagnostic,stream_established_frac,bc_per_frame,bc_per_frame_auto,wrench_dt_mode,n_water,water_layers,substeps_effective,engine,body_is_free,verdict_reportable
L1s0_g64_vc0.0000_vw3.0000_r1,L1s0,arc,"iso-|v_rel| arc, settled, bc_per_frame auto, superseded by U1s",yaris_coarse_v1l_watertight,vehicle_rest,settled_f250_400,400,250,0,64,0.1472147236519959,0.3,2.037839643738194,0.0,3.0,3.0,-0.0,1864.7602012676082,1864.1972696304322,-45.81646138727665,2510.4112084706626,"torque is about the collider centre, not the CG; not carried in this table",9149.198913574219,4468.62177,2.047431934158576,0.8273254235585531,2,,frame,41648,4,12,warpmpm,"no, prescribed SDF collider",no FORD or NO-FORD verdict is reportable
L1s0_g64_vc1.1481_vw2.7716_r1,L1s0,arc,"iso-|v_rel| arc, settled, bc_per_frame auto, superseded by U1s",yaris_coarse_v1l_watertight,vehicle_rest,settled_f250_400,400,250,0,64,0.1472147236519959,0.3,2.037839643738194,1.14805,2.771639,3.000000258136822,-22.499991816303908,3842.7601763143775,3482.279050572713,-1624.9733495076498,3723.5337987263997,"torque is about the collider centre, not the CG; not carried in this table",9149.194885253906,4468.62177,2.0474310326904006,0.7360758283863328,2,,frame,41648,4,12,warpmpm,"no, prescribed SDF collider",no FORD or NO-FORD verdict is reportable
L1s0_g64_vc2.1213_vw2.1213_r1,L1s0,arc,"iso-|v_rel| arc, settled, bc_per_frame auto, superseded by U1s",yaris_coarse_v1l_watertight,vehicle_rest,settled_f250_400,400,250,0,64,0.1472147236519959,0.3,2.037839643738194,2.12132,2.12132,2.9999995141332936,-45.0,2291.9219754661717,1607.5293548583984,-1633.632674407959,4262.198315429688,"torque is about the collider centre, not the CG; not carried in this table",9149.201293945312,4468.62177,2.047432466844316,0.7758697711674915,1,,frame,41648,4,11,warpmpm,"no, prescribed SDF collider",no FORD or NO-FORD verdict is reportable
L1s0_g64_vc2.7716_vw1.1481_r1,L1s0,arc,"iso-|v_rel| arc, settled, bc_per_frame auto, superseded by U1s",yaris_coarse_v1l_watertight,vehicle_rest,settled_f250_400,400,250,0,64,0.1472147236519959,0.3,2.037839643738194,2.771639,1.14805,3.000000258136822,-67.5000081836961,4043.2939682834726,2027.2940945943196,-3498.3288536071777,5172.859911600749,"torque is about the collider centre, not the CG; not carried in this table",9149.199096679688,4468.62177,2.047431975134402,0.7423426865135577,2,,frame,41648,4,12,warpmpm,"no, prescribed SDF collider",no FORD or NO-FORD verdict is reportable
L1s0_g64_vc3.0000_vw0.0000_r1,L1s0,arc,"iso-|v_rel| arc, settled, bc_per_frame auto, superseded by U1s",yaris_coarse_v1l_watertight,vehicle_rest,settled_f250_400,400,250,0,64,0.1472147236519959,0.3,2.037839643738194,3.0,0.0,3.0,-90.0,983.7471847367555,-7.380903631541878,-983.719495455424,2209.8363889058433,"torque is about the collider centre, not the CG; not carried in this table",9149.199462890625,4468.62177,2.0474320570860542,0.8753403027852377,2,,frame,41648,4,12,warpmpm,"no, prescribed SDF collider",no FORD or NO-FORD verdict is reportable
L1s1_g64_vc0.0000_vw3.0000_r1,L1s1,arc,"iso-|v_rel| arc, settled, bc_per_frame auto, superseded by U1s",yaris_coarse_v1l_watertight,vehicle_rest,settled_f250_400,400,250,1,64,0.1472147236519959,0.3,2.037839643738194,0.0,3.0,3.0,-0.0,1868.3276324338985,1867.7796262105305,-45.248315205176674,2503.9455935160317,"torque is about the collider centre, not the CG; not carried in this table",9162.1611328125,4468.62177,2.050332653867123,0.8276605606079102,2,,frame,41649,4,12,warpmpm,"no, prescribed SDF collider",no FORD or NO-FORD verdict is reportable
L1s1_g64_vc1.1481_vw2.7716_r1,L1s1,arc,"iso-|v_rel| arc, settled, bc_per_frame auto, superseded by U1s",yaris_coarse_v1l_watertight,vehicle_rest,settled_f250_400,400,250,1,64,0.1472147236519959,0.3,2.037839643738194,1.14805,2.771639,3.000000258136822,-22.499991816303908,3841.739997955341,3479.7277838389077,-1628.0235754648845,3727.2335563659667,"torque is about the collider centre, not the CG; not carried in this table",9162.160217285156,4468.62177,2.050332448987992,0.7358811989707507,2,,frame,41649,4,12,warpmpm,"no, prescribed SDF collider",no FORD or NO-FORD verdict is reportable
L1s1_g64_vc2.1213_vw2.1213_r1,L1s1,arc,"iso-|v_rel| arc, settled, bc_per_frame auto, superseded by U1s",yaris_coarse_v1l_watertight,vehicle_rest,settled_f250_400,400,250,1,64,0.1472147236519959,0.3,2.037839643738194,2.12132,2.12132,2.9999995141332936,-45.0,2284.320883374944,1603.1445442199706,-1627.2828483581543,4267.829525756836,"torque is about the collider centre, not the CG; not carried in this table",9162.164245605469,4468.62177,2.0503333504561674,0.7756483034916483,1,,frame,41649,4,11,warpmpm,"no, prescribed SDF collider",no FORD or NO-FORD verdict is reportable
L1s1_g64_vc2.7716_vw1.1481_r1,L1s1,arc,"iso-|v_rel| arc, settled, bc_per_frame auto, superseded by U1s",yaris_coarse_v1l_watertight,vehicle_rest,settled_f250_400,400,250,1,64,0.1472147236519959,0.3,2.037839643738194,2.771639,1.14805,3.000000258136822,-67.5000081836961,4044.7074689034916,2024.99295018514,-3501.2943407694497,5178.557576243083,"torque is about the collider centre, not the CG; not carried in this table",9162.161315917969,4468.62177,2.050332694842949,0.7428677448855813,2,,frame,41649,4,12,warpmpm,"no, prescribed SDF collider",no FORD or NO-FORD verdict is reportable
L1s1_g64_vc3.0000_vw0.0000_r1,L1s1,arc,"iso-|v_rel| arc, settled, bc_per_frame auto, superseded by U1s",yaris_coarse_v1l_watertight,vehicle_rest,settled_f250_400,400,250,1,64,0.1472147236519959,0.3,2.037839643738194,3.0,0.0,3.0,-90.0,985.098940933303,-9.172510260925629,-985.0562362035115,2203.3094078063964,"torque is about the collider centre, not the CG; not carried in this table",9162.163696289062,4468.62177,2.050333227528689,0.8748726844787598,2,,frame,41649,4,12,warpmpm,"no, prescribed SDF collider",no FORD or NO-FORD verdict is reportable
L1s2_g64_vc0.0000_vw3.0000_r1,L1s2,arc,"iso-|v_rel| arc, settled, bc_per_frame auto, superseded by U1s",yaris_coarse_v1l_watertight,vehicle_rest,settled_f250_400,400,250,2,64,0.1472147236519959,0.3,2.037839643738194,0.0,3.0,3.0,-0.0,1868.7528235777665,1868.1803860346477,-46.25106339653333,2514.392210006714,"torque is about the collider centre, not the CG; not carried in this table",9147.752197265625,4468.62177,2.0471081841562135,0.8273116747538248,2,,frame,41648,4,12,warpmpm,"no, prescribed SDF collider",no FORD or NO-FORD verdict is reportable
L1s2_g64_vc1.1481_vw2.7716_r1,L1s2,arc,"iso-|v_rel| arc, settled, bc_per_frame auto, superseded by U1s",yaris_coarse_v1l_watertight,vehicle_rest,settled_f250_400,400,250,2,64,0.1472147236519959,0.3,2.037839643738194,1.14805,2.771639,3.000000258136822,-22.499991816303908,3834.3519715443795,3473.0170455932616,-1624.9331194559734,3727.482640838623,"torque is about the collider centre, not the CG; not carried in this table",9147.756774902344,4468.62177,2.047109208551867,0.7374335120481958,2,,frame,41648,4,12,warpmpm,"no, prescribed SDF collider",no FORD or NO-FORD verdict is reportable
L1s2_g64_vc2.1213_vw2.1213_r1,L1s2,arc,"iso-|v_rel| arc, settled, bc_per_frame auto, superseded by U1s",yaris_coarse_v1l_watertight,vehicle_rest,settled_f250_400,400,250,2,64,0.1472147236519959,0.3,2.037839643738194,2.12132,2.12132,2.9999995141332936,-45.0,2282.394519724784,1603.390271759033,-1624.3350578308105,4262.1095916748045,"torque is about the collider centre, not the CG; not carried in this table",9147.752197265625,4468.62177,2.0471081841562135,0.7760621294152487,1,,frame,41648,4,11,warpmpm,"no, prescribed SDF collider",no FORD or NO-FORD verdict is reportable
L1s2_g64_vc2.7716_vw1.1481_r1,L1s2,arc,"iso-|v_rel| arc, settled, bc_per_frame auto, superseded by U1s",yaris_coarse_v1l_watertight,vehicle_rest,settled_f250_400,400,250,2,64,0.1472147236519959,0.3,2.037839643738194,2.771639,1.14805,3.000000258136822,-67.5000081836961,4050.013682486331,2024.7869771321614,-3507.541664123535,5190.350036366781,"torque is about the collider centre, not the CG; not carried in this table",9147.751098632812,4468.62177,2.0471079383012567,0.7426924525149238,2,,frame,41648,4,12,warpmpm,"no, prescribed SDF collider",no FORD or NO-FORD verdict is reportable
L1s2_g64_vc3.0000_vw0.0000_r1,L1s2,arc,"iso-|v_rel| arc, settled, bc_per_frame auto, superseded by U1s",yaris_coarse_v1l_watertight,vehicle_rest,settled_f250_400,400,250,2,64,0.1472147236519959,0.3,2.037839643738194,3.0,0.0,3.0,-90.0,986.2173058930663,-8.307127966126426,-986.1823188781739,2191.791535059611,"torque is about the collider centre, not the CG; not carried in this table",9147.753295898438,4468.62177,2.0471084300111704,0.8752559026082357,2,,frame,41648,4,12,warpmpm,"no, prescribed SDF collider",no FORD or NO-FORD verdict is reportable
L1s3_g64_vc0.0000_vw3.0000_r1,L1s3,arc,"iso-|v_rel| arc, settled, bc_per_frame auto, superseded by U1s",yaris_coarse_v1l_watertight,vehicle_rest,settled_f250_400,400,250,3,64,0.1472147236519959,0.3,2.037839643738194,0.0,3.0,3.0,-0.0,1853.9271945990558,1853.374701054891,-45.25771054327488,2479.7338610331217,"torque is about the collider centre, not the CG; not carried in this table",9147.146667480469,4468.62177,2.046972677099156,0.8288999398549398,2,,frame,41643,4,12,warpmpm,"no, prescribed SDF collider",no FORD or NO-FORD verdict is reportable
L1s3_g64_vc1.1481_vw2.7716_r1,L1s3,arc,"iso-|v_rel| arc, settled, bc_per_frame auto, superseded by U1s",yaris_coarse_v1l_watertight,vehicle_rest,settled_f250_400,400,250,3,64,0.1472147236519959,0.3,2.037839643738194,1.14805,2.771639,3.000000258136822,-22.499991816303908,3849.879506029655,3489.0025367736816,-1627.4008447011313,3730.889948018392,"torque is about the collider centre, not the CG; not carried in this table",9147.145202636719,4468.62177,2.046972349292547,0.735658829745343,2,,frame,41643,4,12,warpmpm,"no, prescribed SDF collider",no FORD or NO-FORD verdict is reportable
L1s3_g64_vc2.1213_vw2.1213_r1,L1s3,arc,"iso-|v_rel| arc, settled, bc_per_frame auto, superseded by U1s",yaris_coarse_v1l_watertight,vehicle_rest,settled_f250_400,400,250,3,64,0.1472147236519959,0.3,2.037839643738194,2.12132,2.12132,2.9999995141332936,-45.0,2289.658456102286,1607.442018890381,-1630.541628265381,4296.250979614258,"torque is about the collider centre, not the CG; not carried in this table",9147.142456054688,4468.62177,2.0469717346551546,0.776603182646159,1,,frame,41643,4,11,warpmpm,"no, prescribed SDF collider",no FORD or NO-FORD verdict is reportable
L1s3_g64_vc2.7716_vw1.1481_r1,L1s3,arc,"iso-|v_rel| arc, settled, bc_per_frame auto, superseded by U1s",yaris_coarse_v1l_watertight,vehicle_rest,settled_f250_400,400,250,3,64,0.1472147236519959,0.3,2.037839643738194,2.771639,1.14805,3.000000258136822,-67.5000081836961,4043.3750817193454,2020.8610824584962,-3502.142563756307,5170.403374735514,"torque is about the collider centre, not the CG; not carried in this table",9147.147216796875,4468.62177,2.0469728000266345,0.743255115407989,2,,frame,41643,4,12,warpmpm,"no, prescribed SDF collider",no FORD or NO-FORD verdict is reportable
L1s3_g64_vc3.0000_vw0.0000_r1,L1s3,arc,"iso-|v_rel| arc, settled, bc_per_frame auto, superseded by U1s",yaris_coarse_v1l_watertight,vehicle_rest,settled_f250_400,400,250,3,64,0.1472147236519959,0.3,2.037839643738194,3.0,0.0,3.0,-90.0,984.6921834221454,-7.523238921413819,-984.6634435017903,2222.216941833496,"torque is about the collider centre, not the CG; not carried in this table",9147.141723632812,4468.62177,2.0469715707518503,0.8751857280731201,2,,frame,41643,4,12,warpmpm,"no, prescribed SDF collider",no FORD or NO-FORD verdict is reportable
L1s4_g64_vc0.0000_vw3.0000_r1,L1s4,arc,"iso-|v_rel| arc, settled, bc_per_frame auto, superseded by U1s",yaris_coarse_v1l_watertight,vehicle_rest,settled_f250_400,400,250,4,64,0.1472147236519959,0.3,2.037839643738194,0.0,3.0,3.0,-0.0,1866.025854159293,1865.4296733856202,-47.16589915752411,2514.673946253459,"torque is about the collider centre, not the CG; not carried in this table",9141.553344726562,4468.62177,2.045720988537941,0.8280041217803955,2,,frame,41636,4,12,warpmpm,"no, prescribed SDF collider",no FORD or NO-FORD verdict is reportable
L1s4_g64_vc1.1481_vw2.7716_r1,L1s4,arc,"iso-|v_rel| arc, settled, bc_per_frame auto, superseded by U1s",yaris_coarse_v1l_watertight,vehicle_rest,settled_f250_400,400,250,4,64,0.1472147236519959,0.3,2.037839643738194,1.14805,2.771639,3.000000258136822,-22.499991816303908,3843.2447257031795,3482.1339429219565,-1626.4295942942301,3715.577200317383,"torque is about the collider centre, not the CG; not carried in this table",9141.548400878906,4468.62177,2.045719882190635,0.7362155374089849,2,,frame,41636,4,12,warpmpm,"no, prescribed SDF collider",no FORD or NO-FORD verdict is reportable
L1s4_g64_vc2.1213_vw2.1213_r1,L1s4,arc,"iso-|v_rel| arc, settled, bc_per_frame auto, superseded by U1s",yaris_coarse_v1l_watertight,vehicle_rest,settled_f250_400,400,250,4,64,0.1472147236519959,0.3,2.037839643738194,2.12132,2.12132,2.9999995141332936,-45.0,2290.503392965662,1607.8601791381836,-1631.315860748291,4288.9639892578125,"torque is about the collider centre, not the CG; not carried in this table",9141.547485351562,4468.62177,2.0457196773115043,0.7770838815802271,1,,frame,41636,4,11,warpmpm,"no, prescribed SDF collider",no FORD or NO-FORD verdict is reportable
L1s4_g64_vc2.7716_vw1.1481_r1,L1s4,arc,"iso-|v_rel| arc, settled, bc_per_frame auto, superseded by U1s",yaris_coarse_v1l_watertight,vehicle_rest,settled_f250_400,400,250,4,64,0.1472147236519959,0.3,2.037839643738194,2.771639,1.14805,3.000000258136822,-67.5000081836961,4047.709027437675,2025.326089477539,-3504.568818283081,5194.530509694418,"torque is about the collider centre, not the CG; not carried in this table",9141.550048828125,4468.62177,2.04572025097307,0.7419814534848321,2,,frame,41636,4,12,warpmpm,"no, prescribed SDF collider",no FORD or NO-FORD verdict is reportable
L1s4_g64_vc3.0000_vw0.0000_r1,L1s4,arc,"iso-|v_rel| arc, settled, bc_per_frame auto, superseded by U1s",yaris_coarse_v1l_watertight,vehicle_rest,settled_f250_400,400,250,4,64,0.1472147236519959,0.3,2.037839643738194,3.0,0.0,3.0,-90.0,979.740219834843,-7.82244165999194,-979.7089913686117,2176.0817194620768,"torque is about the collider centre, not the CG; not carried in this table",9141.545837402344,4468.62177,2.045719308529069,0.875786542892456,2,,frame,41636,4,12,warpmpm,"no, prescribed SDF collider",no FORD or NO-FORD verdict is reportable
L2full_g64_vc0.0000_vw0.5000_r1,L2full,surface,"settled surface, single seed, absent from d17's doc",yaris_coarse_v1l_watertight,vehicle_rest,settled_f250_400,400,250,,64,0.1472147236519959,0.3,2.037839643738194,0.0,0.5,0.5,-0.0,418.3604883338059,418.1156946182251,-14.309581154584885,567.0861309051513,"torque is about the collider centre, not the CG; not carried in this table",9149.194885253906,4468.62177,2.0474310326904006,1.5937261581420898,1,,frame,41648,4,11,warpmpm,"no, prescribed SDF collider",no FORD or NO-FORD verdict is reportable
L2full_g64_vc0.0000_vw1.0000_r1,L2full,surface,"settled surface, single seed, absent from d17's doc",yaris_coarse_v1l_watertight,vehicle_rest,settled_f250_400,400,250,,64,0.1472147236519959,0.3,2.037839643738194,0.0,1.0,1.0,-0.0,476.54450376717114,476.27924327850343,-15.898002791404725,699.0560371398926,"torque is about the collider centre, not the CG; not carried in this table",9149.194519042969,4468.62177,2.0474309507387485,0.9757160544395447,1,,frame,41648,4,11,warpmpm,"no, prescribed SDF collider",no FORD or NO-FORD verdict is reportable
L2full_g64_vc0.0000_vw2.0000_r1,L2full,surface,"settled surface, single seed, absent from d17's doc",yaris_coarse_v1l_watertight,vehicle_rest,settled_f250_400,400,250,,64,0.1472147236519959,0.3,2.037839643738194,0.0,2.0,2.0,-0.0,790.3786261745065,790.1506378173829,-18.982683432102203,1019.1287895202637,"torque is about the collider centre, not the CG; not carried in this table",9149.196899414062,4468.62177,2.0474314834244884,0.8057438731193542,1,,frame,41648,4,11,warpmpm,"no, prescribed SDF collider",no FORD or NO-FORD verdict is reportable
L2full_g64_vc0.0000_vw3.0000_r1,L2full,surface,"settled surface, single seed, absent from d17's doc",yaris_coarse_v1l_watertight,vehicle_rest,settled_f250_400,400,250,,64,0.1472147236519959,0.3,2.037839643738194,0.0,3.0,3.0,-0.0,1864.9562597960914,1864.3931334177653,-45.8267936617136,2510.5419260660806,"torque is about the collider centre, not the CG; not carried in this table",9149.196899414062,4468.62177,2.0474314834244884,0.8273348013559977,2,,frame,41648,4,12,warpmpm,"no, prescribed SDF collider",no FORD or NO-FORD verdict is reportable
L2full_g64_vc2.2000_vw0.5000_r1,L2full,surface,"settled surface, single seed, absent from d17's doc",yaris_coarse_v1l_watertight,vehicle_rest,settled_f250_400,400,250,,64,0.1472147236519959,0.3,2.037839643738194,2.2,0.5,2.2561028345356955,-77.19573393471326,1989.789034752467,991.4310943603516,-1725.2028251647948,2618.8729766845704,"torque is about the collider centre, not the CG; not carried in this table",9149.194519042969,4468.62177,2.0474309507387485,0.8333278627433103,1,,frame,41648,4,11,warpmpm,"no, prescribed SDF collider",no FORD or NO-FORD verdict is reportable
L2full_g64_vc2.2000_vw1.0000_r1,L2full,surface,"settled surface, single seed, absent from d17's doc",yaris_coarse_v1l_watertight,vehicle_rest,settled_f250_400,400,250,,64,0.1472147236519959,0.3,2.037839643738194,2.2,1.0,2.4166091947189146,-65.55604521958347,2528.969086253765,1268.2378494262696,-2187.980209350586,3292.3407791137697,"torque is about the collider centre, not the CG; not carried in this table",9149.199645996094,4468.62177,2.0474320980618805,0.8017351855970409,1,,frame,41648,4,11,warpmpm,"no, prescribed SDF collider",no FORD or NO-FORD verdict is reportable
L2full_g64_vc2.2000_vw2.0000_r1,L2full,surface,"settled surface, single seed, absent from d17's doc",yaris_coarse_v1l_watertight,vehicle_rest,settled_f250_400,400,250,,64,0.1472147236519959,0.3,2.037839643738194,2.2,2.0,2.973213749463701,-47.72631099390627,2401.9140850167682,1520.5926315307618,-1859.298072052002,4346.669332885742,"torque is about the collider centre, not the CG; not carried in this table",9149.194702148438,4468.62177,2.0474309917145748,0.780533053216891,1,,frame,41648,4,11,warpmpm,"no, prescribed SDF collider",no FORD or NO-FORD verdict is reportable
L2full_g64_vc2.2000_vw3.0000_r1,L2full,surface,"settled surface, single seed, absent from d17's doc",yaris_coarse_v1l_watertight,vehicle_rest,settled_f250_400,400,250,,64,0.1472147236519959,0.3,2.037839643738194,2.2,3.0,3.7202150475476548,-36.25383773744479,5028.384852580763,4235.579795583089,-2710.077124532064,6686.2525677998865,"torque is about the collider centre, not the CG; not carried in this table",9149.192138671875,4468.62177,2.0474304180530085,0.7387601691863441,2,,frame,41648,4,12,warpmpm,"no, prescribed SDF collider",no FORD or NO-FORD verdict is reportable
L2full_g64_vc4.5000_vw0.5000_r1,L2full,surface,"settled surface, single seed, absent from d17's doc",yaris_coarse_v1l_watertight,vehicle_rest,settled_f250_400,400,250,,64,0.1472147236519959,0.3,2.037839643738194,4.5,0.5,4.527692569068709,-83.6598082540901,5534.673795823323,2209.7269934336346,-5074.418256378174,7078.507911173502,"torque is about the collider centre, not the CG; not carried in this table",9149.195983886719,4468.62177,2.047431278545358,0.7847090523417402,3,,frame,41648,4,12,warpmpm,"no, prescribed SDF collider",no FORD or NO-FORD verdict is reportable
L2full_g64_vc4.5000_vw1.0000_r1,L2full,surface,"settled surface, single seed, absent from d17's doc",yaris_coarse_v1l_watertight,vehicle_rest,settled_f250_400,400,250,,64,0.1472147236519959,0.3,2.037839643738194,4.5,1.0,4.6097722286464435,-77.47119229084849,7334.915551593642,3121.499003346761,-6637.562061564127,9810.063894144694,"torque is about the collider centre, not the CG; not carried in this table",9149.198547363281,4468.62177,2.0474318522069237,0.7458903200486128,3,,frame,41648,4,12,warpmpm,"no, prescribed SDF collider",no FORD or NO-FORD verdict is reportable
L2full_g64_vc4.5000_vw2.0000_r1,L2full,surface,"settled surface, single seed, absent from d17's doc",yaris_coarse_v1l_watertight,vehicle_rest,settled_f250_400,400,250,,64,0.1472147236519959,0.3,2.037839643738194,4.5,2.0,4.924428900898052,-66.03751102542182,10220.305371707973,4862.396473439535,-8989.53516184489,14772.132641092936,"torque is about the collider centre, not the CG; not carried in this table",9149.200378417969,4468.62177,2.0474322619651852,0.7344913433507547,3,,frame,41648,4,12,warpmpm,"no, prescribed SDF collider",no FORD or NO-FORD verdict is reportable
L2full_g64_vc4.5000_vw3.0000_r1,L2full,surface,"settled surface, single seed, absent from d17's doc",yaris_coarse_v1l_watertight,vehicle_rest,settled_f250_400,400,250,,64,0.1472147236519959,0.3,2.037839643738194,4.5,3.0,5.408326913195984,-56.309932474020215,11547.451234127915,5897.101625315348,-9928.13287709554,14833.233470662435,"torque is about the collider centre, not the CG; not carried in this table",9149.197448730469,4468.62177,2.047431606351967,0.734891463548709,3,,frame,41648,4,12,warpmpm,"no, prescribed SDF collider",no FORD or NO-FORD verdict is reportable
L2full_g64_vc6.7000_vw0.5000_r1,L2full,surface,"settled surface, single seed, absent from d17's doc",yaris_coarse_v1l_watertight,vehicle_rest,settled_f250_400,400,250,,64,0.1472147236519959,0.3,2.037839643738194,6.7,0.5,6.71863081289633,-85.73210669970919,9577.944234738821,4050.059005991618,-8679.518293762207,11425.076404825846,"torque is about the collider centre, not the CG; not carried in this table",9149.196716308594,4468.62177,2.047431442448662,0.7972461587964406,4,,frame,41648,4,12,warpmpm,"no, prescribed SDF collider",no FORD or NO-FORD verdict is reportable
L2full_g64_vc6.7000_vw1.0000_r1,L2full,surface,"settled surface, single seed, absent from d17's doc",yaris_coarse_v1l_watertight,vehicle_rest,settled_f250_400,400,250,,64,0.1472147236519959,0.3,2.037839643738194,6.7,1.0,6.774215821775979,-81.5110561194953,13138.06211200637,5509.786404164633,-11926.899422709148,16446.8937693278,"torque is about the collider centre, not the CG; not carried in this table",9149.193969726562,4468.62177,2.04743082781127,0.7696863921230515,4,,frame,41648,4,12,warpmpm,"no, prescribed SDF collider",no FORD or NO-FORD verdict is reportable
L2full_g64_vc6.7000_vw2.0000_r1,L2full,surface,"settled surface, single seed, absent from d17's doc",yaris_coarse_v1l_watertight,vehicle_rest,settled_f250_400,400,250,,64,0.1472147236519959,0.3,2.037839643738194,6.7,2.0,6.992138442565336,-73.37924308610795,18829.673808450694,9137.417827351888,-16464.02779337565,22652.690814208985,"torque is about the collider centre, not the CG; not carried in this table",9149.19873046875,4468.62177,2.04743189318275,0.7179835247930073,4,,frame,41648,4,12,warpmpm,"no, prescribed SDF collider",no FORD or NO-FORD verdict is reportable
L2full_g64_vc6.7000_vw3.0000_r1,L2full,surface,"settled surface, single seed, absent from d17's doc",yaris_coarse_v1l_watertight,vehicle_rest,settled_f250_400,400,250,,64,0.1472147236519959,0.3,2.037839643738194,6.7,3.0,7.340980860893182,-65.87901688055742,21711.39096515097,11224.767377217611,-18584.64675394694,27126.238700358073,"torque is about the collider centre, not the CG; not carried in this table",9149.199096679688,4468.62177,2.047431975134402,0.7264049262455432,4,,frame,41648,4,12,warpmpm,"no, prescribed SDF collider",no FORD or NO-FORD verdict is reportable
L2full_g64_vc8.9000_vw0.5000_r1,L2full,surface,"settled surface, single seed, absent from d17's doc",yaris_coarse_v1l_watertight,vehicle_rest,settled_f250_400,400,250,,64,0.1472147236519959,0.3,2.037839643738194,8.9,0.5,8.914033879226622,-86.78451600825179,13718.694962205904,6122.2687713623045,-12276.824367777506,15441.496287027994,"torque is about the collider centre, not the CG; not carried in this table",9149.197448730469,4468.62177,2.047431606351967,0.8529532490180475,4,,frame,41648,4,12,warpmpm,"no, prescribed SDF collider",no FORD or NO-FORD verdict is reportable
L2full_g64_vc8.9000_vw1.0000_r1,L2full,surface,"settled surface, single seed, absent from d17's doc",yaris_coarse_v1l_watertight,vehicle_rest,settled_f250_400,400,250,,64,0.1472147236519959,0.3,2.037839643738194,8.9,1.0,8.95600357302296,-83.58915997976756,20155.989956088466,8881.939151509603,-18093.50955505371,21828.36488647461,"torque is about the collider centre, not the CG; not carried in this table",9149.195983886719,4468.62177,2.047431278545358,0.7870485067456725,4,,frame,41648,4,12,warpmpm,"no, prescribed SDF collider",no FORD or NO-FORD verdict is reportable
L2full_g64_vc8.9000_vw2.0000_r1,L2full,surface,"settled surface, single seed, absent from d17's doc",yaris_coarse_v1l_watertight,vehicle_rest,settled_f250_400,400,250,,64,0.1472147236519959,0.3,2.037839643738194,8.9,2.0,9.121951545584968,-77.33493623495764,25556.520077548146,9604.308224995932,-23683.17930501302,29512.94907531738,"torque is about the collider centre, not the CG; not carried in this table",9149.199096679688,4468.62177,2.047431975134402,0.7941522920322225,4,,frame,41648,4,12,warpmpm,"no, prescribed SDF collider",no FORD or NO-FORD verdict is reportable
L2full_g64_vc8.9000_vw3.0000_r1,L2full,surface,"settled surface, single seed, absent from d17's doc",yaris_coarse_v1l_watertight,vehicle_rest,settled_f250_400,400,250,,64,0.1472147236519959,0.3,2.037839643738194,8.9,3.0,9.392017887546851,-71.37213682354495,30211.82469969492,13763.027990722656,-26894.858471679687,32042.264137776692,"torque is about the collider centre, not the CG; not carried in this table",9149.199279785156,4468.62177,2.0474320161102284,0.7734630810891456,4,,frame,41648,4,12,warpmpm,"no, prescribed SDF collider",no FORD or NO-FORD verdict is reportable
L3res_g96_vc0.0000_vw3.0000_r1,L3res,arc,"iso-|v_rel| arc at n_grid=96, settled",yaris_coarse_v1l_watertight,vehicle_rest,settled_f250_400,400,250,,96,0.0981431491013306,0.3,3.056759465607291,0.0,3.0,3.0,-0.0,2530.187271217315,2528.4346435546877,-94.15880576239691,2997.920996093751,"torque is about the collider centre, not the CG; not carried in this table",7494.477722167969,4468.62177,1.6771340489101116,0.675606886545817,3,,frame,164382,6,18,warpmpm,"no, prescribed SDF collider",no FORD or NO-FORD verdict is reportable
L3res_g96_vc1.1481_vw2.7716_r1,L3res,arc,"iso-|v_rel| arc at n_grid=96, settled",yaris_coarse_v1l_watertight,vehicle_rest,settled_f250_400,400,250,,96,0.0981431491013306,0.3,3.056759465607291,1.14805,2.771639,3.000000258136822,-22.499991816303908,3960.1989463333002,3733.3480377197266,-1321.0935333251953,4102.986416625977,"torque is about the collider centre, not the CG; not carried in this table",7494.480194091797,4468.62177,1.6771346020837645,0.6935921246301261,2,,frame,164382,6,16,warpmpm,"no, prescribed SDF collider",no FORD or NO-FORD verdict is reportable
L3res_g96_vc2.1213_vw2.1213_r1,L3res,arc,"iso-|v_rel| arc at n_grid=96, settled",yaris_coarse_v1l_watertight,vehicle_rest,settled_f250_400,400,250,,96,0.0981431491013306,0.3,3.056759465607291,2.12132,2.12132,2.9999995141332936,-45.0,1916.3123373232481,1384.395583343506,-1325.0289970397948,3120.6439834594726,"torque is about the collider centre, not the CG; not carried in this table",7494.477722167969,4468.62177,1.6771340489101116,0.7961688206138423,2,,frame,164382,6,16,warpmpm,"no, prescribed SDF collider",no FORD or NO-FORD verdict is reportable
L3res_g96_vc2.7716_vw1.1481_r1,L3res,arc,"iso-|v_rel| arc at n_grid=96, settled",yaris_coarse_v1l_watertight,vehicle_rest,settled_f250_400,400,250,,96,0.0981431491013306,0.3,3.056759465607291,2.771639,1.14805,3.000000258136822,-67.5000081836961,3873.3462094632746,1870.1563026428223,-3391.950215148926,6150.4326171875,"torque is about the collider centre, not the CG; not carried in this table",7494.477722167969,4468.62177,1.6771340489101116,0.7309027114219857,2,,frame,164382,6,16,warpmpm,"no, prescribed SDF collider",no FORD or NO-FORD verdict is reportable
L3res_g96_vc3.0000_vw0.0000_r1,L3res,arc,"iso-|v_rel| arc at n_grid=96, settled",yaris_coarse_v1l_watertight,vehicle_rest,settled_f250_400,400,250,,96,0.0981431491013306,0.3,3.056759465607291,3.0,0.0,3.0,-90.0,934.4536223790188,-13.159153746896328,-934.3609629313157,2703.2179578993055,"torque is about the collider centre, not the CG; not carried in this table",7494.481018066406,4468.62177,1.6771347864749822,0.8597215016682943,3,,frame,164382,6,18,warpmpm,"no, prescribed SDF collider",no FORD or NO-FORD verdict is reportable
M1s0_g64_vc0.0000_vw0.5000_r1,M1s0,surface,"settled 20-cell surface, FIVE SEEDS, g64, THE CANONICAL SURFACE",yaris_coarse_v1l_watertight,vehicle_rest,settled_f250_400,400,250,0,64,0.1472147236519959,0.3,2.037839643738194,0.0,0.5,0.5,-0.0,308.38361839630204,308.29290382067364,-7.479408333078027,325.46460490226747,"torque is about the collider centre, not the CG; not carried in this table",9149.198547363281,4468.62177,2.0474318522069237,1.3723130226135254,4,1,frame,41648,4,12,warpmpm,"no, prescribed SDF collider",no FORD or NO-FORD verdict is reportable
M1s0_g64_vc0.0000_vw1.0000_r1,M1s0,surface,"settled 20-cell surface, FIVE SEEDS, g64, THE CANONICAL SURFACE",yaris_coarse_v1l_watertight,vehicle_rest,settled_f250_400,400,250,0,64,0.1472147236519959,0.3,2.037839643738194,0.0,1.0,1.0,-0.0,463.4732722419405,463.31866313616433,-11.970399841666222,512.5415320078532,"torque is about the collider centre, not the CG; not carried in this table",9149.199279785156,4468.62177,2.0474320161102284,0.9719473719596863,4,1,frame,41648,4,12,warpmpm,"no, prescribed SDF collider",no FORD or NO-FORD verdict is reportable
M1s0_g64_vc0.0000_vw2.0000_r1,M1s0,surface,"settled 20-cell surface, FIVE SEEDS, g64, THE CANONICAL SURFACE",yaris_coarse_v1l_watertight,vehicle_rest,settled_f250_400,400,250,0,64,0.1472147236519959,0.3,2.037839643738194,0.0,2.0,2.0,-0.0,909.31930453372,908.9522745132447,-25.833316761255265,1160.2896972020467,"torque is about the collider centre, not the CG; not carried in this table",9149.196350097656,4468.62177,2.04743136049701,0.8524615168571472,4,1,frame,41648,4,12,warpmpm,"no, prescribed SDF collider",no FORD or NO-FORD verdict is reportable
M1s0_g64_vc0.0000_vw3.0000_r1,M1s0,surface,"settled 20-cell surface, FIVE SEEDS, g64, THE CANONICAL SURFACE",yaris_coarse_v1l_watertight,vehicle_rest,settled_f250_400,400,250,0,64,0.1472147236519959,0.3,2.037839643738194,0.0,3.0,3.0,-0.0,1881.0413630389344,1880.352779006958,-50.89239574025075,2382.8056723276773,"torque is about the collider centre, not the CG; not carried in this table",9149.198181152344,4468.62177,2.0474317702552716,0.8325932820638021,4,2,frame,41648,4,12,warpmpm,"no, prescribed SDF collider",no FORD or NO-FORD verdict is reportable
M1s0_g64_vc2.2000_vw0.5000_r1,M1s0,surface,"settled 20-cell surface, FIVE SEEDS, g64, THE CANONICAL SURFACE",yaris_coarse_v1l_watertight,vehicle_rest,settled_f250_400,400,250,0,64,0.1472147236519959,0.3,2.037839643738194,2.2,0.5,2.2561028345356955,-77.19573393471326,2357.3688814592983,1102.0769949595133,-2083.8940329233806,2996.741492462158,"torque is about the collider centre, not the CG; not carried in this table",9149.200927734375,4468.62177,2.0474323848926637,0.7482554917251198,4,1,frame,41648,4,12,warpmpm,"no, prescribed SDF collider",no FORD or NO-FORD verdict is reportable
M1s0_g64_vc2.2000_vw1.0000_r1,M1s0,surface,"settled 20-cell surface, FIVE SEEDS, g64, THE CANONICAL SURFACE",yaris_coarse_v1l_watertight,vehicle_rest,settled_f250_400,400,250,0,64,0.1472147236519959,0.3,2.037839643738194,2.2,1.0,2.4166091947189146,-65.55604521958347,3035.4668674722257,1497.494119389852,-2640.37316792806,4010.3186190287274,"torque is about the collider centre, not the CG; not carried in this table",9149.199829101562,4468.62177,2.047432139037707,0.7161869721053398,4,1,frame,41648,4,12,warpmpm,"no, prescribed SDF collider",no FORD or NO-FORD verdict is reportable
M1s0_g64_vc2.2000_vw2.0000_r1,M1s0,surface,"settled 20-cell surface, FIVE SEEDS, g64, THE CANONICAL SURFACE",yaris_coarse_v1l_watertight,vehicle_rest,settled_f250_400,400,250,0,64,0.1472147236519959,0.3,2.037839643738194,2.2,2.0,2.973213749463701,-47.72631099390627,2557.6016118273787,1460.7324941635131,-2099.4252988179524,4192.052546946207,"torque is about the collider centre, not the CG; not carried in this table",9149.196166992188,4468.62177,2.0474313195211837,0.7408813221961663,4,1,frame,41648,4,12,warpmpm,"no, prescribed SDF collider",no FORD or NO-FORD verdict is reportable
M1s0_g64_vc2.2000_vw3.0000_r1,M1s0,surface,"settled 20-cell surface, FIVE SEEDS, g64, THE CANONICAL SURFACE",yaris_coarse_v1l_watertight,vehicle_rest,settled_f250_400,400,250,0,64,0.1472147236519959,0.3,2.037839643738194,2.2,3.0,3.7202150475476548,-36.25383773744479,5173.5245073019905,4383.057676442464,-2748.4834423065186,6774.433886973063,"torque is about the collider centre, not the CG; not carried in this table",9149.202209472656,4468.62177,2.047432671723447,0.7128524952541196,4,2,frame,41648,4,12,warpmpm,"no, prescribed SDF collider",no FORD or NO-FORD verdict is reportable
M1s0_g64_vc4.5000_vw0.5000_r1,M1s0,surface,"settled 20-cell surface, FIVE SEEDS, g64, THE CANONICAL SURFACE",yaris_coarse_v1l_watertight,vehicle_rest,settled_f250_400,400,250,0,64,0.1472147236519959,0.3,2.037839643738194,4.5,0.5,4.527692569068709,-83.6598082540901,5654.209992890173,2333.9470662434896,-5150.027352905274,6921.944970703125,"torque is about the collider centre, not the CG; not carried in this table",9149.198364257812,4468.62177,2.0474318112310974,0.7607254647627109,4,3,frame,41648,4,12,warpmpm,"no, prescribed SDF collider",no FORD or NO-FORD verdict is reportable
M1s0_g64_vc4.5000_vw1.0000_r1,M1s0,surface,"settled 20-cell surface, FIVE SEEDS, g64, THE CANONICAL SURFACE",yaris_coarse_v1l_watertight,vehicle_rest,settled_f250_400,400,250,0,64,0.1472147236519959,0.3,2.037839643738194,4.5,1.0,4.6097722286464435,-77.47119229084849,7483.944361196239,3289.6465985616046,-6722.175872294108,9910.213173929851,"torque is about the collider centre, not the CG; not carried in this table",9149.198364257812,4468.62177,2.0474318112310974,0.7329384158639348,4,3,frame,41648,4,12,warpmpm,"no, prescribed SDF collider",no FORD or NO-FORD verdict is reportable
M1s0_g64_vc4.5000_vw2.0000_r1,M1s0,surface,"settled 20-cell surface, FIVE SEEDS, g64, THE CANONICAL SURFACE",yaris_coarse_v1l_watertight,vehicle_rest,settled_f250_400,400,250,0,64,0.1472147236519959,0.3,2.037839643738194,4.5,2.0,4.924428900898052,-66.03751102542182,10517.359717343148,4971.596292368571,-9268.122017415364,15407.417838541667,"torque is about the collider centre, not the CG; not carried in this table",9149.201110839844,4468.62177,2.0474324258684895,0.7195323865438247,4,3,frame,41648,4,12,warpmpm,"no, prescribed SDF collider",no FORD or NO-FORD verdict is reportable
M1s0_g64_vc4.5000_vw3.0000_r1,M1s0,surface,"settled 20-cell surface, FIVE SEEDS, g64, THE CANONICAL SURFACE",yaris_coarse_v1l_watertight,vehicle_rest,settled_f250_400,400,250,0,64,0.1472147236519959,0.3,2.037839643738194,4.5,3.0,5.408326913195984,-56.309932474020215,11734.89804684679,6020.1520655314125,-10073.0135152181,15182.516245524088,"torque is about the collider centre, not the CG; not carried in this table",9149.197631835938,4468.62177,2.047431647327793,0.7294468390635954,4,3,frame,41648,4,12,warpmpm,"no, prescribed SDF collider",no FORD or NO-FORD verdict is reportable
M1s0_g64_vc6.7000_vw0.5000_r1,M1s0,surface,"settled 20-cell surface, FIVE SEEDS, g64, THE CANONICAL SURFACE",yaris_coarse_v1l_watertight,vehicle_rest,settled_f250_400,400,250,0,64,0.1472147236519959,0.3,2.037839643738194,6.7,0.5,6.71863081289633,-85.73210669970919,9570.816596715653,4046.0186650594073,-8673.538106791179,11433.447819519042,"torque is about the collider centre, not the CG; not carried in this table",9149.203857421875,4468.62177,2.047433040505882,0.7967785714498706,4,4,frame,41648,4,12,warpmpm,"no, prescribed SDF collider",no FORD or NO-FORD verdict is reportable
M1s0_g64_vc6.7000_vw1.0000_r1,M1s0,surface,"settled 20-cell surface, FIVE SEEDS, g64, THE CANONICAL SURFACE",yaris_coarse_v1l_watertight,vehicle_rest,settled_f250_400,400,250,0,64,0.1472147236519959,0.3,2.037839643738194,6.7,1.0,6.774215821775979,-81.5110561194953,13107.947193254422,5484.999752044678,-11905.16935373942,16400.330504353842,"torque is about the collider centre, not the CG; not carried in this table",9149.203491210938,4468.62177,2.0474329585542295,0.7709557928532966,4,4,frame,41648,4,12,warpmpm,"no, prescribed SDF collider",no FORD or NO-FORD verdict is reportable
M1s0_g64_vc6.7000_vw2.0000_r1,M1s0,surface,"settled 20-cell surface, FIVE SEEDS, g64, THE CANONICAL SURFACE",yaris_coarse_v1l_watertight,vehicle_rest,settled_f250_400,400,250,0,64,0.1472147236519959,0.3,2.037839643738194,6.7,2.0,6.992138442565336,-73.37924308610795,18832.90367436886,9149.341537984212,-16461.09990946452,22683.74784342448,"torque is about the collider centre, not the CG; not carried in this table",9149.197814941406,4468.62177,2.047431688303619,0.7178127012215745,4,4,frame,41648,4,12,warpmpm,"no, prescribed SDF collider",no FORD or NO-FORD verdict is reportable
M1s0_g64_vc6.7000_vw3.0000_r1,M1s0,surface,"settled 20-cell surface, FIVE SEEDS, g64, THE CANONICAL SURFACE",yaris_coarse_v1l_watertight,vehicle_rest,settled_f250_400,400,250,0,64,0.1472147236519959,0.3,2.037839643738194,6.7,3.0,7.340980860893182,-65.87901688055742,21780.716957515004,11283.437149047852,-18630.181890869142,27218.32851969401,"torque is about the collider centre, not the CG; not carried in this table",9149.202026367188,4468.62177,2.0474326307476205,0.7244322901202125,4,4,frame,41648,4,12,warpmpm,"no, prescribed SDF collider",no FORD or NO-FORD verdict is reportable
M1s0_g64_vc8.9000_vw0.5000_r1,M1s0,surface,"settled 20-cell surface, FIVE SEEDS, g64, THE CANONICAL SURFACE",yaris_coarse_v1l_watertight,vehicle_rest,settled_f250_400,400,250,0,64,0.1472147236519959,0.3,2.037839643738194,8.9,0.5,8.914033879226622,-86.78451600825179,13711.8420728729,6132.483858744304,-12264.063549804687,15559.340154012045,"torque is about the collider centre, not the CG; not carried in this table",9149.201477050781,4468.62177,2.047432507820142,0.8516985409031158,4,5,frame,41648,4,12,warpmpm,"no, prescribed SDF collider",no FORD or NO-FORD verdict is reportable
M1s0_g64_vc8.9000_vw1.0000_r1,M1s0,surface,"settled 20-cell surface, FIVE SEEDS, g64, THE CANONICAL SURFACE",yaris_coarse_v1l_watertight,vehicle_rest,settled_f250_400,400,250,0,64,0.1472147236519959,0.3,2.037839643738194,8.9,1.0,8.95600357302296,-83.58915997976756,20014.86633053186,8880.99806874593,-17936.631443277995,21577.52586771647,"torque is about the collider centre, not the CG; not carried in this table",9149.198913574219,4468.62177,2.047431934158576,0.7906244926478793,4,5,frame,41648,4,12,warpmpm,"no, prescribed SDF collider",no FORD or NO-FORD verdict is reportable
M1s0_g64_vc8.9000_vw2.0000_r1,M1s0,surface,"settled 20-cell surface, FIVE SEEDS, g64, THE CANONICAL SURFACE",yaris_coarse_v1l_watertight,vehicle_rest,settled_f250_400,400,250,0,64,0.1472147236519959,0.3,2.037839643738194,8.9,2.0,9.121951545584968,-77.33493623495764,25588.086893910804,9585.382913208008,-23724.894631958006,29488.163547770182,"torque is about the collider centre, not the CG; not carried in this table",9149.190124511719,4468.62177,2.047429967318921,0.7955765566592634,4,5,frame,41648,4,12,warpmpm,"no, prescribed SDF collider",no FORD or NO-FORD verdict is reportable
M1s0_g64_vc8.9000_vw3.0000_r1,M1s0,surface,"settled 20-cell surface, FIVE SEEDS, g64, THE CANONICAL SURFACE",yaris_coarse_v1l_watertight,vehicle_rest,settled_f250_400,400,250,0,64,0.1472147236519959,0.3,2.037839643738194,8.9,3.0,9.392017887546851,-71.37213682354495,30097.926719010666,13858.147934977214,-26717.726860555013,32160.07661743164,"torque is about the collider centre, not the CG; not carried in this table",9149.200927734375,4468.62177,2.0474323848926637,0.780404262998966,4,5,frame,41648,4,12,warpmpm,"no, prescribed SDF collider",no FORD or NO-FORD verdict is reportable
M1s1_g64_vc0.0000_vw0.5000_r1,M1s1,surface,"settled 20-cell surface, FIVE SEEDS, g64, THE CANONICAL SURFACE",yaris_coarse_v1l_watertight,vehicle_rest,settled_f250_400,400,250,1,64,0.1472147236519959,0.3,2.037839643738194,0.0,0.5,0.5,-0.0,307.62183692087643,307.5160562356313,-8.066579687719544,324.06627089182535,"torque is about the collider centre, not the CG; not carried in this table",9162.160217285156,4468.62177,2.050332448987992,1.3730558156967163,4,1,frame,41649,4,12,warpmpm,"no, prescribed SDF collider",no FORD or NO-FORD verdict is reportable
M1s1_g64_vc0.0000_vw1.0000_r1,M1s1,surface,"settled 20-cell surface, FIVE SEEDS, g64, THE CANONICAL SURFACE",yaris_coarse_v1l_watertight,vehicle_rest,settled_f250_400,400,250,1,64,0.1472147236519959,0.3,2.037839643738194,0.0,1.0,1.0,-0.0,463.9319378499156,463.75444889068604,-12.831761035571496,512.0894932746887,"torque is about the collider centre, not the CG; not carried in this table",9162.162780761719,4468.62177,2.0503330226495584,0.972197413444519,4,1,frame,41649,4,12,warpmpm,"no, prescribed SDF collider",no FORD or NO-FORD verdict is reportable
M1s1_g64_vc0.0000_vw2.0000_r1,M1s1,surface,"settled 20-cell surface, FIVE SEEDS, g64, THE CANONICAL SURFACE",yaris_coarse_v1l_watertight,vehicle_rest,settled_f250_400,400,250,1,64,0.1472147236519959,0.3,2.037839643738194,0.0,2.0,2.0,-0.0,912.3851175050239,911.9781938234966,-27.246589421232542,1149.7861373265584,"torque is about the collider centre, not the CG; not carried in this table",9162.15966796875,4468.62177,2.0503323260605137,0.8530851006507874,4,1,frame,41649,4,12,warpmpm,"no, prescribed SDF collider",no FORD or NO-FORD verdict is reportable
M1s1_g64_vc0.0000_vw3.0000_r1,M1s1,surface,"settled 20-cell surface, FIVE SEEDS, g64, THE CANONICAL SURFACE",yaris_coarse_v1l_watertight,vehicle_rest,settled_f250_400,400,250,1,64,0.1472147236519959,0.3,2.037839643738194,0.0,3.0,3.0,-0.0,1882.6098815755477,1882.019966506958,-47.12549071411292,2399.700949859619,"torque is about the collider centre, not the CG; not carried in this table",9162.159851074219,4468.62177,2.05033236703634,0.8312055269877116,4,2,frame,41649,4,12,warpmpm,"no, prescribed SDF collider",no FORD or NO-FORD verdict is reportable
M1s1_g64_vc2.2000_vw0.5000_r1,M1s1,surface,"settled 20-cell surface, FIVE SEEDS, g64, THE CANONICAL SURFACE",yaris_coarse_v1l_watertight,vehicle_rest,settled_f250_400,400,250,1,64,0.1472147236519959,0.3,2.037839643738194,2.2,0.5,2.2561028345356955,-77.19573393471326,2361.064029538222,1103.2672244389853,-2087.4445580800375,2998.159356307983,"torque is about the collider centre, not the CG; not carried in this table",9162.160583496094,4468.62177,2.0503325309396447,0.7473414867003915,4,1,frame,41649,4,12,warpmpm,"no, prescribed SDF collider",no FORD or NO-FORD verdict is reportable
M1s1_g64_vc2.2000_vw1.0000_r1,M1s1,surface,"settled 20-cell surface, FIVE SEEDS, g64, THE CANONICAL SURFACE",yaris_coarse_v1l_watertight,vehicle_rest,settled_f250_400,400,250,1,64,0.1472147236519959,0.3,2.037839643738194,2.2,1.0,2.4166091947189146,-65.55604521958347,3039.508044753441,1498.2959761301677,-2644.563919067383,4013.4442682902018,"torque is about the collider centre, not the CG; not carried in this table",9162.159851074219,4468.62177,2.05033236703634,0.7164407388804709,4,1,frame,41649,4,12,warpmpm,"no, prescribed SDF collider",no FORD or NO-FORD verdict is reportable
M1s1_g64_vc2.2000_vw2.0000_r1,M1s1,surface,"settled 20-cell surface, FIVE SEEDS, g64, THE CANONICAL SURFACE",yaris_coarse_v1l_watertight,vehicle_rest,settled_f250_400,400,250,1,64,0.1472147236519959,0.3,2.037839643738194,2.2,2.0,2.973213749463701,-47.72631099390627,2564.687261250403,1465.6086919784545,-2104.6643224080403,4188.970168558756,"torque is about the collider centre, not the CG; not carried in this table",9162.159301757812,4468.62177,2.0503322441088616,0.7409226085265838,4,1,frame,41649,4,12,warpmpm,"no, prescribed SDF collider",no FORD or NO-FORD verdict is reportable
M1s1_g64_vc2.2000_vw3.0000_r1,M1s1,surface,"settled 20-cell surface, FIVE SEEDS, g64, THE CANONICAL SURFACE",yaris_coarse_v1l_watertight,vehicle_rest,settled_f250_400,400,250,1,64,0.1472147236519959,0.3,2.037839643738194,2.2,3.0,3.7202150475476548,-36.25383773744479,5175.809363261562,4384.719548797608,-2750.1340045928955,6740.581004842123,"torque is about the collider centre, not the CG; not carried in this table",9162.157836914062,4468.62177,2.050331916302252,0.7114746184707379,4,2,frame,41649,4,12,warpmpm,"no, prescribed SDF collider",no FORD or NO-FORD verdict is reportable
M1s1_g64_vc4.5000_vw0.5000_r1,M1s1,surface,"settled 20-cell surface, FIVE SEEDS, g64, THE CANONICAL SURFACE",yaris_coarse_v1l_watertight,vehicle_rest,settled_f250_400,400,250,1,64,0.1472147236519959,0.3,2.037839643738194,4.5,0.5,4.527692569068709,-83.6598082540901,5681.084784936549,2360.9458424886066,-5167.268046315511,6925.453335571289,"torque is about the collider centre, not the CG; not carried in this table",9162.16259765625,4468.62177,2.050332981673732,0.7590147642100729,4,3,frame,41649,4,12,warpmpm,"no, prescribed SDF collider",no FORD or NO-FORD verdict is reportable
M1s1_g64_vc4.5000_vw1.0000_r1,M1s1,surface,"settled 20-cell surface, FIVE SEEDS, g64, THE CANONICAL SURFACE",yaris_coarse_v1l_watertight,vehicle_rest,settled_f250_400,400,250,1,64,0.1472147236519959,0.3,2.037839643738194,4.5,1.0,4.6097722286464435,-77.47119229084849,7481.896651793416,3280.861307525635,-6724.189660390218,9937.233009338379,"torque is about the collider centre, not the CG; not carried in this table",9162.162414550781,4468.62177,2.050332940697906,0.7309680461883545,4,3,frame,41649,4,12,warpmpm,"no, prescribed SDF collider",no FORD or NO-FORD verdict is reportable
M1s1_g64_vc4.5000_vw2.0000_r1,M1s1,surface,"settled 20-cell surface, FIVE SEEDS, g64, THE CANONICAL SURFACE",yaris_coarse_v1l_watertight,vehicle_rest,settled_f250_400,400,250,1,64,0.1472147236519959,0.3,2.037839643738194,4.5,2.0,4.924428900898052,-66.03751102542182,10493.948406315207,4977.177815500895,-9238.541776021322,15338.94487508138,"torque is about the collider centre, not the CG; not carried in this table",9162.158569335938,4468.62177,2.050332080205557,0.7206950040207697,4,3,frame,41649,4,12,warpmpm,"no, prescribed SDF collider",no FORD or NO-FORD verdict is reportable
M1s1_g64_vc4.5000_vw3.0000_r1,M1s1,surface,"settled 20-cell surface, FIVE SEEDS, g64, THE CANONICAL SURFACE",yaris_coarse_v1l_watertight,vehicle_rest,settled_f250_400,400,250,1,64,0.1472147236519959,0.3,2.037839643738194,4.5,3.0,5.408326913195984,-56.309932474020215,11796.820609562008,6052.1622512817385,-10126.021359761557,15123.197628784179,"torque is about the collider centre, not the CG; not carried in this table",9162.161865234375,4468.62177,2.0503328177704274,0.7260313889919182,4,3,frame,41649,4,12,warpmpm,"no, prescribed SDF collider",no FORD or NO-FORD verdict is reportable
M1s1_g64_vc6.7000_vw0.5000_r1,M1s1,surface,"settled 20-cell surface, FIVE SEEDS, g64, THE CANONICAL SURFACE",yaris_coarse_v1l_watertight,vehicle_rest,settled_f250_400,400,250,1,64,0.1472147236519959,0.3,2.037839643738194,6.7,0.5,6.71863081289633,-85.73210669970919,9565.821070093738,4044.66021194458,-8668.659441630045,11415.807430013021,"torque is about the collider centre, not the CG; not carried in this table",9162.163146972656,4468.62177,2.0503331046012105,0.7971434894657052,4,4,frame,41649,4,12,warpmpm,"no, prescribed SDF collider",no FORD or NO-FORD verdict is reportable
M1s1_g64_vc6.7000_vw1.0000_r1,M1s1,surface,"settled 20-cell surface, FIVE SEEDS, g64, THE CANONICAL SURFACE",yaris_coarse_v1l_watertight,vehicle_rest,settled_f250_400,400,250,1,64,0.1472147236519959,0.3,2.037839643738194,6.7,1.0,6.774215821775979,-81.5110561194953,13187.48923803022,5535.844422149658,-11969.306535339356,16471.02070007324,"torque is about the collider centre, not the CG; not carried in this table",9162.157470703125,4468.62177,2.0503318343506,0.7704788980257488,4,4,frame,41649,4,12,warpmpm,"no, prescribed SDF collider",no FORD or NO-FORD verdict is reportable
M1s1_g64_vc6.7000_vw2.0000_r1,M1s1,surface,"settled 20-cell surface, FIVE SEEDS, g64, THE CANONICAL SURFACE",yaris_coarse_v1l_watertight,vehicle_rest,settled_f250_400,400,250,1,64,0.1472147236519959,0.3,2.037839643738194,6.7,2.0,6.992138442565336,-73.37924308610795,18797.918199645188,9115.19916788737,-16440.038709513345,22755.078004964194,"torque is about the collider centre, not the CG; not carried in this table",9162.164428710938,4468.62177,2.0503333914319937,0.7194512342475239,4,4,frame,41649,4,12,warpmpm,"no, prescribed SDF collider",no FORD or NO-FORD verdict is reportable
M1s1_g64_vc6.7000_vw3.0000_r1,M1s1,surface,"settled 20-cell surface, FIVE SEEDS, g64, THE CANONICAL SURFACE",yaris_coarse_v1l_watertight,vehicle_rest,settled_f250_400,400,250,1,64,0.1472147236519959,0.3,2.037839643738194,6.7,3.0,7.340980860893182,-65.87901688055742,21711.338811460126,11246.102586873372,-18571.68300374349,27021.788349405924,"torque is about the collider centre, not the CG; not carried in this table",9162.158935546875,4468.62177,2.0503321621572095,0.7255934731021046,4,4,frame,41649,4,12,warpmpm,"no, prescribed SDF collider",no FORD or NO-FORD verdict is reportable
M1s1_g64_vc8.9000_vw0.5000_r1,M1s1,surface,"settled 20-cell surface, FIVE SEEDS, g64, THE CANONICAL SURFACE",yaris_coarse_v1l_watertight,vehicle_rest,settled_f250_400,400,250,1,64,0.1472147236519959,0.3,2.037839643738194,8.9,0.5,8.914033879226622,-86.78451600825179,13761.992376924905,6234.531940460205,-12268.783381652833,15247.30658009847,"torque is about the collider centre, not the CG; not carried in this table",9162.160034179688,4468.62177,2.0503324080121663,0.8527061602359989,4,5,frame,41649,4,12,warpmpm,"no, prescribed SDF collider",no FORD or NO-FORD verdict is reportable
M1s1_g64_vc8.9000_vw1.0000_r1,M1s1,surface,"settled 20-cell surface, FIVE SEEDS, g64, THE CANONICAL SURFACE",yaris_coarse_v1l_watertight,vehicle_rest,settled_f250_400,400,250,1,64,0.1472147236519959,0.3,2.037839643738194,8.9,1.0,8.95600357302296,-83.58915997976756,20121.83088359227,8884.657232666015,-18054.111552937826,21832.932688395184,"torque is about the collider centre, not the CG; not carried in this table",9162.163696289062,4468.62177,2.050333227528689,0.7905002422663296,4,5,frame,41649,4,12,warpmpm,"no, prescribed SDF collider",no FORD or NO-FORD verdict is reportable
M1s1_g64_vc8.9000_vw2.0000_r1,M1s1,surface,"settled 20-cell surface, FIVE SEEDS, g64, THE CANONICAL SURFACE",yaris_coarse_v1l_watertight,vehicle_rest,settled_f250_400,400,250,1,64,0.1472147236519959,0.3,2.037839643738194,8.9,2.0,9.121951545584968,-77.33493623495764,25708.792811425243,9443.143639119466,-23911.69308166504,29763.864341227214,"torque is about the collider centre, not the CG; not carried in this table",9162.157470703125,4468.62177,2.0503318343506,0.7936716234436145,4,5,frame,41649,4,12,warpmpm,"no, prescribed SDF collider",no FORD or NO-FORD verdict is reportable
M1s1_g64_vc8.9000_vw3.0000_r1,M1s1,surface,"settled 20-cell surface, FIVE SEEDS, g64, THE CANONICAL SURFACE",yaris_coarse_v1l_watertight,vehicle_rest,settled_f250_400,400,250,1,64,0.1472147236519959,0.3,2.037839643738194,8.9,3.0,9.392017887546851,-71.37213682354495,29926.713840622826,13614.763054402669,-26650.448931884766,32199.57355957031,"torque is about the collider centre, not the CG; not carried in this table",9162.162963867188,4468.62177,2.0503330636253843,0.7805777201508195,4,5,frame,41649,4,12,warpmpm,"no, prescribed SDF collider",no FORD or NO-FORD verdict is reportable
M1s2_g64_vc0.0000_vw0.5000_r1,M1s2,surface,"settled 20-cell surface, FIVE SEEDS, g64, THE CANONICAL SURFACE",yaris_coarse_v1l_watertight,vehicle_rest,settled_f250_400,400,250,2,64,0.1472147236519959,0.3,2.037839643738194,0.0,0.5,0.5,-0.0,307.840025438159,307.7293491522471,-8.25402520596981,323.6401300271352,"torque is about the collider centre, not the CG; not carried in this table",9147.752014160156,4468.62177,2.0471081431803877,1.3722355365753174,4,1,frame,41648,4,12,warpmpm,"no, prescribed SDF collider",no FORD or NO-FORD verdict is reportable
M1s2_g64_vc0.0000_vw1.0000_r1,M1s2,surface,"settled 20-cell surface, FIVE SEEDS, g64, THE CANONICAL SURFACE",yaris_coarse_v1l_watertight,vehicle_rest,settled_f250_400,400,250,2,64,0.1472147236519959,0.3,2.037839643738194,0.0,1.0,1.0,-0.0,464.42279737643685,464.27793628374735,-11.598819037278494,513.4365170796713,"torque is about the collider centre, not the CG; not carried in this table",9147.752746582031,4468.62177,2.047108307083692,0.9721450805664062,4,1,frame,41648,4,12,warpmpm,"no, prescribed SDF collider",no FORD or NO-FORD verdict is reportable
M1s2_g64_vc0.0000_vw2.0000_r1,M1s2,surface,"settled 20-cell surface, FIVE SEEDS, g64, THE CANONICAL SURFACE",yaris_coarse_v1l_watertight,vehicle_rest,settled_f250_400,400,250,2,64,0.1472147236519959,0.3,2.037839643738194,0.0,2.0,2.0,-0.0,914.5508379253441,914.1788819948832,-26.08077576557795,1155.356779797872,"torque is about the collider centre, not the CG; not carried in this table",9147.755493164062,4468.62177,2.047108921721084,0.8526598811149597,4,1,frame,41648,4,12,warpmpm,"no, prescribed SDF collider",no FORD or NO-FORD verdict is reportable
M1s2_g64_vc0.0000_vw3.0000_r1,M1s2,surface,"settled 20-cell surface, FIVE SEEDS, g64, THE CANONICAL SURFACE",yaris_coarse_v1l_watertight,vehicle_rest,settled_f250_400,400,250,2,64,0.1472147236519959,0.3,2.037839643738194,0.0,3.0,3.0,-0.0,1867.5073160187278,1866.8388210932414,-49.963901395599045,2392.0811344146728,"torque is about the collider centre, not the CG; not carried in this table",9147.752014160156,4468.62177,2.0471081431803877,0.8323899110158285,4,2,frame,41648,4,12,warpmpm,"no, prescribed SDF collider",no FORD or NO-FORD verdict is reportable
M1s2_g64_vc2.2000_vw0.5000_r1,M1s2,surface,"settled 20-cell surface, FIVE SEEDS, g64, THE CANONICAL SURFACE",yaris_coarse_v1l_watertight,vehicle_rest,settled_f250_400,400,250,2,64,0.1472147236519959,0.3,2.037839643738194,2.2,0.5,2.2561028345356955,-77.19573393471326,2357.2087845420224,1101.7841276804606,-2083.8677956899005,2993.215605799357,"torque is about the collider centre, not the CG; not carried in this table",9147.751098632812,4468.62177,2.0471079383012567,0.7482002368141955,4,1,frame,41648,4,12,warpmpm,"no, prescribed SDF collider",no FORD or NO-FORD verdict is reportable
M1s2_g64_vc2.2000_vw1.0000_r1,M1s2,surface,"settled 20-cell surface, FIVE SEEDS, g64, THE CANONICAL SURFACE",yaris_coarse_v1l_watertight,vehicle_rest,settled_f250_400,400,250,2,64,0.1472147236519959,0.3,2.037839643738194,2.2,1.0,2.4166091947189146,-65.55604521958347,3031.5447206136146,1502.480444908142,-2633.0240989685058,3995.9840929667157,"torque is about the collider centre, not the CG; not carried in this table",9147.752746582031,4468.62177,2.047108307083692,0.7163737367277276,4,1,frame,41648,4,12,warpmpm,"no, prescribed SDF collider",no FORD or NO-FORD verdict is reportable
M1s2_g64_vc2.2000_vw2.0000_r1,M1s2,surface,"settled 20-cell surface, FIVE SEEDS, g64, THE CANONICAL SURFACE",yaris_coarse_v1l_watertight,vehicle_rest,settled_f250_400,400,250,2,64,0.1472147236519959,0.3,2.037839643738194,2.2,2.0,2.973213749463701,-47.72631099390627,2561.476826017204,1459.363000233968,-2105.0945735931396,4209.3820592244465,"torque is about the collider centre, not the CG; not carried in this table",9147.752197265625,4468.62177,2.0471081841562135,0.7412606181062724,4,1,frame,41648,4,12,warpmpm,"no, prescribed SDF collider",no FORD or NO-FORD verdict is reportable
M1s2_g64_vc2.2000_vw3.0000_r1,M1s2,surface,"settled 20-cell surface, FIVE SEEDS, g64, THE CANONICAL SURFACE",yaris_coarse_v1l_watertight,vehicle_rest,settled_f250_400,400,250,2,64,0.1472147236519959,0.3,2.037839643738194,2.2,3.0,3.7202150475476548,-36.25383773744479,5172.076113751272,4382.546062978109,-2746.5726519266764,6801.6737917582195,"torque is about the collider centre, not the CG; not carried in this table",9147.754577636719,4468.62177,2.0471087168419535,0.7130732925641055,4,2,frame,41648,4,12,warpmpm,"no, prescribed SDF collider",no FORD or NO-FORD verdict is reportable
M1s2_g64_vc4.5000_vw0.5000_r1,M1s2,surface,"settled 20-cell surface, FIVE SEEDS, g64, THE CANONICAL SURFACE",yaris_coarse_v1l_watertight,vehicle_rest,settled_f250_400,400,250,2,64,0.1472147236519959,0.3,2.037839643738194,4.5,0.5,4.527692569068709,-83.6598082540901,5674.772486089861,2358.313407897949,-5161.530842590332,6945.30021794637,"torque is about the collider centre, not the CG; not carried in this table",9147.748718261719,4468.62177,2.0471074056155167,0.7588912495752659,4,3,frame,41648,4,12,warpmpm,"no, prescribed SDF collider",no FORD or NO-FORD verdict is reportable
M1s2_g64_vc4.5000_vw1.0000_r1,M1s2,surface,"settled 20-cell surface, FIVE SEEDS, g64, THE CANONICAL SURFACE",yaris_coarse_v1l_watertight,vehicle_rest,settled_f250_400,400,250,2,64,0.1472147236519959,0.3,2.037839643738194,4.5,1.0,4.6097722286464435,-77.47119229084849,7469.054875437827,3286.7232493082684,-6707.028478749593,9896.573863220216,"torque is about the collider centre, not the CG; not carried in this table",9147.750366210938,4468.62177,2.0471077743979524,0.7332789364983053,4,3,frame,41648,4,12,warpmpm,"no, prescribed SDF collider",no FORD or NO-FORD verdict is reportable
M1s2_g64_vc4.5000_vw2.0000_r1,M1s2,surface,"settled 20-cell surface, FIVE SEEDS, g64, THE CANONICAL SURFACE",yaris_coarse_v1l_watertight,vehicle_rest,settled_f250_400,400,250,2,64,0.1472147236519959,0.3,2.037839643738194,4.5,2.0,4.924428900898052,-66.03751102542182,10527.920965002428,4992.651600901286,-9268.794411214192,15403.047211710613,"torque is about the collider centre, not the CG; not carried in this table",9147.753479003906,4468.62177,2.0471084709869967,0.7203211341936565,4,3,frame,41648,4,12,warpmpm,"no, prescribed SDF collider",no FORD or NO-FORD verdict is reportable
M1s2_g64_vc4.5000_vw3.0000_r1,M1s2,surface,"settled 20-cell surface, FIVE SEEDS, g64, THE CANONICAL SURFACE",yaris_coarse_v1l_watertight,vehicle_rest,settled_f250_400,400,250,2,64,0.1472147236519959,0.3,2.037839643738194,4.5,3.0,5.408326913195984,-56.309932474020215,11829.336132604803,6061.391116333008,-10158.382305908202,15227.968645222982,"torque is about the collider centre, not the CG; not carried in this table",9147.749633789062,4468.62177,2.0471076104946477,0.7252829991854153,4,3,frame,41648,4,12,warpmpm,"no, prescribed SDF collider",no FORD or NO-FORD verdict is reportable
M1s2_g64_vc6.7000_vw0.5000_r1,M1s2,surface,"settled 20-cell surface, FIVE SEEDS, g64, THE CANONICAL SURFACE",yaris_coarse_v1l_watertight,vehicle_rest,settled_f250_400,400,250,2,64,0.1472147236519959,0.3,2.037839643738194,6.7,0.5,6.71863081289633,-85.73210669970919,9569.7530067717,4040.221878560384,-8675.066557820637,11445.796903991699,"torque is about the collider centre, not the CG; not carried in this table",9147.751098632812,4468.62177,2.0471079383012567,0.7980982540691116,4,4,frame,41648,4,12,warpmpm,"no, prescribed SDF collider",no FORD or NO-FORD verdict is reportable
M1s2_g64_vc6.7000_vw1.0000_r1,M1s2,surface,"settled 20-cell surface, FIVE SEEDS, g64, THE CANONICAL SURFACE",yaris_coarse_v1l_watertight,vehicle_rest,settled_f250_400,400,250,2,64,0.1472147236519959,0.3,2.037839643738194,6.7,1.0,6.774215821775979,-81.5110561194953,13182.706200459083,5554.2991394042965,-11955.480075581869,16526.49955546061,"torque is about the collider centre, not the CG; not carried in this table",9147.749633789062,4468.62177,2.0471076104946477,0.7683785758160849,4,4,frame,41648,4,12,warpmpm,"no, prescribed SDF collider",no FORD or NO-FORD verdict is reportable
M1s2_g64_vc6.7000_vw2.0000_r1,M1s2,surface,"settled 20-cell surface, FIVE SEEDS, g64, THE CANONICAL SURFACE",yaris_coarse_v1l_watertight,vehicle_rest,settled_f250_400,400,250,2,64,0.1472147236519959,0.3,2.037839643738194,6.7,2.0,6.992138442565336,-73.37924308610795,18830.308090528022,9136.458902486165,-16465.285345458986,22765.159458414713,"torque is about the collider centre, not the CG; not carried in this table",9147.75146484375,4468.62177,2.0471080202529093,0.7153916285798261,4,4,frame,41648,4,12,warpmpm,"no, prescribed SDF collider",no FORD or NO-FORD verdict is reportable
M1s2_g64_vc6.7000_vw3.0000_r1,M1s2,surface,"settled 20-cell surface, FIVE SEEDS, g64, THE CANONICAL SURFACE",yaris_coarse_v1l_watertight,vehicle_rest,settled_f250_400,400,250,2,64,0.1472147236519959,0.3,2.037839643738194,6.7,3.0,7.340980860893182,-65.87901688055742,21750.436870474652,11244.914254760743,-18618.09355061849,27289.84503580729,"torque is about the collider centre, not the CG; not carried in this table",9147.749816894531,4468.62177,2.047107651470474,0.7251465521886943,4,4,frame,41648,4,12,warpmpm,"no, prescribed SDF collider",no FORD or NO-FORD verdict is reportable
M1s2_g64_vc8.9000_vw0.5000_r1,M1s2,surface,"settled 20-cell surface, FIVE SEEDS, g64, THE CANONICAL SURFACE",yaris_coarse_v1l_watertight,vehicle_rest,settled_f250_400,400,250,2,64,0.1472147236519959,0.3,2.037839643738194,8.9,0.5,8.914033879226622,-86.78451600825179,13705.40572475616,6217.71830774943,-12213.849725850423,15177.872621663411,"torque is about the collider centre, not the CG; not carried in this table",9147.751831054688,4468.62177,2.0471081022045614,0.855950687203454,4,5,frame,41648,4,12,warpmpm,"no, prescribed SDF collider",no FORD or NO-FORD verdict is reportable
M1s2_g64_vc8.9000_vw1.0000_r1,M1s2,surface,"settled 20-cell surface, FIVE SEEDS, g64, THE CANONICAL SURFACE",yaris_coarse_v1l_watertight,vehicle_rest,settled_f250_400,400,250,2,64,0.1472147236519959,0.3,2.037839643738194,8.9,1.0,8.95600357302296,-83.58915997976756,20187.438315166477,8816.151427205403,-18160.62057698568,22020.259978230795,"torque is about the collider centre, not the CG; not carried in this table",9147.752746582031,4468.62177,2.047108307083692,0.7867215195731796,4,5,frame,41648,4,12,warpmpm,"no, prescribed SDF collider",no FORD or NO-FORD verdict is reportable
M1s2_g64_vc8.9000_vw2.0000_r1,M1s2,surface,"settled 20-cell surface, FIVE SEEDS, g64, THE CANONICAL SURFACE",yaris_coarse_v1l_watertight,vehicle_rest,settled_f250_400,400,250,2,64,0.1472147236519959,0.3,2.037839643738194,8.9,2.0,9.121951545584968,-77.33493623495764,25603.673103577734,9509.241141255696,-23772.303407796226,29576.820208740235,"torque is about the collider centre, not the CG; not carried in this table",9147.749267578125,4468.62177,2.047107528542995,0.7953452095505767,4,5,frame,41648,4,12,warpmpm,"no, prescribed SDF collider",no FORD or NO-FORD verdict is reportable
M1s2_g64_vc8.9000_vw3.0000_r1,M1s2,surface,"settled 20-cell surface, FIVE SEEDS, g64, THE CANONICAL SURFACE",yaris_coarse_v1l_watertight,vehicle_rest,settled_f250_400,400,250,2,64,0.1472147236519959,0.3,2.037839643738194,8.9,3.0,9.392017887546851,-71.37213682354495,29973.354531358666,13595.112958272299,-26712.82249247233,32315.89990234375,"torque is about the collider centre, not the CG; not carried in this table",9147.7529296875,4468.62177,2.0471083480595182,0.7817328158669319,4,5,frame,41648,4,12,warpmpm,"no, prescribed SDF collider",no FORD or NO-FORD verdict is reportable
M1s3_g64_vc0.0000_vw0.5000_r1,M1s3,surface,"settled 20-cell surface, FIVE SEEDS, g64, THE CANONICAL SURFACE",yaris_coarse_v1l_watertight,vehicle_rest,settled_f250_400,400,250,3,64,0.1472147236519959,0.3,2.037839643738194,0.0,0.5,0.5,-0.0,307.8947170051774,307.7840573787689,-8.25413733596603,324.8068572998047,"torque is about the collider centre, not the CG; not carried in this table",9147.147216796875,4468.62177,2.0469728000266345,1.3719756603240967,4,1,frame,41643,4,12,warpmpm,"no, prescribed SDF collider",no FORD or NO-FORD verdict is reportable
M1s3_g64_vc0.0000_vw1.0000_r1,M1s3,surface,"settled 20-cell surface, FIVE SEEDS, g64, THE CANONICAL SURFACE",yaris_coarse_v1l_watertight,vehicle_rest,settled_f250_400,400,250,3,64,0.1472147236519959,0.3,2.037839643738194,0.0,1.0,1.0,-0.0,463.3550678205592,463.1984551906586,-12.046160549422105,514.2932827631632,"torque is about the collider centre, not the CG; not carried in this table",9147.143737792969,4468.62177,2.0469720214859377,0.9725031852722168,4,1,frame,41643,4,12,warpmpm,"no, prescribed SDF collider",no FORD or NO-FORD verdict is reportable
M1s3_g64_vc0.0000_vw2.0000_r1,M1s3,surface,"settled 20-cell surface, FIVE SEEDS, g64, THE CANONICAL SURFACE",yaris_coarse_v1l_watertight,vehicle_rest,settled_f250_400,400,250,3,64,0.1472147236519959,0.3,2.037839643738194,0.0,2.0,2.0,-0.0,910.0772022981067,909.647968228658,-27.94795234402021,1158.6935927708944,"torque is about the collider centre, not the CG; not carried in this table",9147.143188476562,4468.62177,2.0469718985584593,0.8535861968994141,4,1,frame,41643,4,12,warpmpm,"no, prescribed SDF collider",no FORD or NO-FORD verdict is reportable
M1s3_g64_vc0.0000_vw3.0000_r1,M1s3,surface,"settled 20-cell surface, FIVE SEEDS, g64, THE CANONICAL SURFACE",yaris_coarse_v1l_watertight,vehicle_rest,settled_f250_400,400,250,3,64,0.1472147236519959,0.3,2.037839643738194,0.0,3.0,3.0,-0.0,1876.6783095631292,1876.0619828542074,-48.09276529649893,2373.2102776845295,"torque is about the collider centre, not the CG; not carried in this table",9147.146667480469,4468.62177,2.046972677099156,0.8321914672851562,4,2,frame,41643,4,12,warpmpm,"no, prescribed SDF collider",no FORD or NO-FORD verdict is reportable
M1s3_g64_vc2.2000_vw0.5000_r1,M1s3,surface,"settled 20-cell surface, FIVE SEEDS, g64, THE CANONICAL SURFACE",yaris_coarse_v1l_watertight,vehicle_rest,settled_f250_400,400,250,3,64,0.1472147236519959,0.3,2.037839643738194,2.2,0.5,2.2561028345356955,-77.19573393471326,2357.9492104271776,1105.214705403646,-2082.8886033376057,2996.4447087605795,"torque is about the collider centre, not the CG; not carried in this table",9147.148498535156,4468.62177,2.0469730868574176,0.7475018922847007,4,1,frame,41643,4,12,warpmpm,"no, prescribed SDF collider",no FORD or NO-FORD verdict is reportable
M1s3_g64_vc2.2000_vw1.0000_r1,M1s3,surface,"settled 20-cell surface, FIVE SEEDS, g64, THE CANONICAL SURFACE",yaris_coarse_v1l_watertight,vehicle_rest,settled_f250_400,400,250,3,64,0.1472147236519959,0.3,2.037839643738194,2.2,1.0,2.4166091947189146,-65.55604521958347,3042.989368024916,1503.6930945078532,-2645.503991953532,4015.200540415446,"torque is about the collider centre, not the CG; not carried in this table",9147.146850585938,4468.62177,2.0469727180749824,0.7161651735436425,4,1,frame,41643,4,12,warpmpm,"no, prescribed SDF collider",no FORD or NO-FORD verdict is reportable
M1s3_g64_vc2.2000_vw2.0000_r1,M1s3,surface,"settled 20-cell surface, FIVE SEEDS, g64, THE CANONICAL SURFACE",yaris_coarse_v1l_watertight,vehicle_rest,settled_f250_400,400,250,3,64,0.1472147236519959,0.3,2.037839643738194,2.2,2.0,2.973213749463701,-47.72631099390627,2576.055446361708,1473.5009141921996,-2113.020756785075,4221.748692067465,"torque is about the collider centre, not the CG; not carried in this table",9147.147399902344,4468.62177,2.046972841002461,0.7407009385829598,4,1,frame,41643,4,12,warpmpm,"no, prescribed SDF collider",no FORD or NO-FORD verdict is reportable
M1s3_g64_vc2.2000_vw3.0000_r1,M1s3,surface,"settled 20-cell surface, FIVE SEEDS, g64, THE CANONICAL SURFACE",yaris_coarse_v1l_watertight,vehicle_rest,settled_f250_400,400,250,3,64,0.1472147236519959,0.3,2.037839643738194,2.2,3.0,3.7202150475476548,-36.25383773744479,5181.820539327586,4392.966882832845,-2748.291481653849,6750.698422241211,"torque is about the collider centre, not the CG; not carried in this table",9147.139892578125,4468.62177,2.046971160993589,0.7112486893041975,4,2,frame,41643,4,12,warpmpm,"no, prescribed SDF collider",no FORD or NO-FORD verdict is reportable
M1s3_g64_vc4.5000_vw0.5000_r1,M1s3,surface,"settled 20-cell surface, FIVE SEEDS, g64, THE CANONICAL SURFACE",yaris_coarse_v1l_watertight,vehicle_rest,settled_f250_400,400,250,3,64,0.1472147236519959,0.3,2.037839643738194,4.5,0.5,4.527692569068709,-83.6598082540901,5677.448518398708,2346.116812133789,-5170.02491124471,6929.3594047546385,"torque is about the collider centre, not the CG; not carried in this table",9147.141723632812,4468.62177,2.0469715707518503,0.7588157552044565,4,3,frame,41643,4,12,warpmpm,"no, prescribed SDF collider",no FORD or NO-FORD verdict is reportable
M1s3_g64_vc4.5000_vw1.0000_r1,M1s3,surface,"settled 20-cell surface, FIVE SEEDS, g64, THE CANONICAL SURFACE",yaris_coarse_v1l_watertight,vehicle_rest,settled_f250_400,400,250,3,64,0.1472147236519959,0.3,2.037839643738194,4.5,1.0,4.6097722286464435,-77.47119229084849,7477.076038252357,3286.3562735239666,-6716.13940633138,9904.299913024903,"torque is about the collider centre, not the CG; not carried in this table",9147.143920898438,4468.62177,2.046972062461764,0.7328759389765123,4,3,frame,41643,4,12,warpmpm,"no, prescribed SDF collider",no FORD or NO-FORD verdict is reportable
M1s3_g64_vc4.5000_vw2.0000_r1,M1s3,surface,"settled 20-cell surface, FIVE SEEDS, g64, THE CANONICAL SURFACE",yaris_coarse_v1l_watertight,vehicle_rest,settled_f250_400,400,250,3,64,0.1472147236519959,0.3,2.037839643738194,4.5,2.0,4.924428900898052,-66.03751102542182,10497.558548608646,4991.173092651367,-9235.0921295166,15344.651382446289,"torque is about the collider centre, not the CG; not carried in this table",9147.144104003906,4468.62177,2.04697210343759,0.7215808642279243,4,3,frame,41643,4,12,warpmpm,"no, prescribed SDF collider",no FORD or NO-FORD verdict is reportable
M1s3_g64_vc4.5000_vw3.0000_r1,M1s3,surface,"settled 20-cell surface, FIVE SEEDS, g64, THE CANONICAL SURFACE",yaris_coarse_v1l_watertight,vehicle_rest,settled_f250_400,400,250,3,64,0.1472147236519959,0.3,2.037839643738194,4.5,3.0,5.408326913195984,-56.309932474020215,11797.67182031805,6059.016267649333,-10122.913723246256,15202.538731892904,"torque is about the collider centre, not the CG; not carried in this table",9147.142456054688,4468.62177,2.0469717346551546,0.7288557077065492,4,3,frame,41643,4,12,warpmpm,"no, prescribed SDF collider",no FORD or NO-FORD verdict is reportable
M1s3_g64_vc6.7000_vw0.5000_r1,M1s3,surface,"settled 20-cell surface, FIVE SEEDS, g64, THE CANONICAL SURFACE",yaris_coarse_v1l_watertight,vehicle_rest,settled_f250_400,400,250,3,64,0.1472147236519959,0.3,2.037839643738194,6.7,0.5,6.71863081289633,-85.73210669970919,9569.394646621706,4040.813180033366,-8674.39581451416,11490.343032328288,"torque is about the collider centre, not the CG; not carried in this table",9147.14794921875,4468.62177,2.046972963929939,0.8005059689058897,4,4,frame,41643,4,12,warpmpm,"no, prescribed SDF collider",no FORD or NO-FORD verdict is reportable
M1s3_g64_vc6.7000_vw1.0000_r1,M1s3,surface,"settled 20-cell surface, FIVE SEEDS, g64, THE CANONICAL SURFACE",yaris_coarse_v1l_watertight,vehicle_rest,settled_f250_400,400,250,3,64,0.1472147236519959,0.3,2.037839643738194,6.7,1.0,6.774215821775979,-81.5110561194953,13168.221262324192,5535.333975219726,-11948.31071726481,16425.89460550944,"torque is about the collider centre, not the CG; not carried in this table",9147.146118164062,4468.62177,2.0469725541716777,0.7710215047336296,4,4,frame,41643,4,12,warpmpm,"no, prescribed SDF collider",no FORD or NO-FORD verdict is reportable
M1s3_g64_vc6.7000_vw2.0000_r1,M1s3,surface,"settled 20-cell surface, FIVE SEEDS, g64, THE CANONICAL SURFACE",yaris_coarse_v1l_watertight,vehicle_rest,settled_f250_400,400,250,3,64,0.1472147236519959,0.3,2.037839643738194,6.7,2.0,6.992138442565336,-73.37924308610795,18775.31146947637,9142.601727294921,-16398.937600708006,22533.289341227213,"torque is about the collider centre, not the CG; not carried in this table",9147.141540527344,4468.62177,2.046971529776024,0.7198340821105246,4,4,frame,41643,4,12,warpmpm,"no, prescribed SDF collider",no FORD or NO-FORD verdict is reportable
M1s3_g64_vc6.7000_vw3.0000_r1,M1s3,surface,"settled 20-cell surface, FIVE SEEDS, g64, THE CANONICAL SURFACE",yaris_coarse_v1l_watertight,vehicle_rest,settled_f250_400,400,250,3,64,0.1472147236519959,0.3,2.037839643738194,6.7,3.0,7.340980860893182,-65.87901688055742,21753.40837624902,11289.349268595377,-18594.65969238281,27404.24106343587,"torque is about the collider centre, not the CG; not carried in this table",9147.145935058594,4468.62177,2.0469725131958514,0.7245975718424789,4,4,frame,41643,4,12,warpmpm,"no, prescribed SDF collider",no FORD or NO-FORD verdict is reportable
M1s3_g64_vc8.9000_vw0.5000_r1,M1s3,surface,"settled 20-cell surface, FIVE SEEDS, g64, THE CANONICAL SURFACE",yaris_coarse_v1l_watertight,vehicle_rest,settled_f250_400,400,250,3,64,0.1472147236519959,0.3,2.037839643738194,8.9,0.5,8.914033879226622,-86.78451600825179,13741.924097210951,6191.760124969483,-12267.94948018392,15437.34447072347,"torque is about the collider centre, not the CG; not carried in this table",9147.144287109375,4468.62177,2.046972144413416,0.8546074268096583,4,5,frame,41643,4,12,warpmpm,"no, prescribed SDF collider",no FORD or NO-FORD verdict is reportable
M1s3_g64_vc8.9000_vw1.0000_r1,M1s3,surface,"settled 20-cell surface, FIVE SEEDS, g64, THE CANONICAL SURFACE",yaris_coarse_v1l_watertight,vehicle_rest,settled_f250_400,400,250,3,64,0.1472147236519959,0.3,2.037839643738194,8.9,1.0,8.95600357302296,-83.58915997976756,20070.221388045153,8876.965289306641,-18000.368713378906,21674.056473795572,"torque is about the collider centre, not the CG; not carried in this table",9147.145935058594,4468.62177,2.0469725131958514,0.7868546676255269,4,5,frame,41643,4,12,warpmpm,"no, prescribed SDF collider",no FORD or NO-FORD verdict is reportable
M1s3_g64_vc8.9000_vw2.0000_r1,M1s3,surface,"settled 20-cell surface, FIVE SEEDS, g64, THE CANONICAL SURFACE",yaris_coarse_v1l_watertight,vehicle_rest,settled_f250_400,400,250,3,64,0.1472147236519959,0.3,2.037839643738194,8.9,2.0,9.121951545584968,-77.33493623495764,25519.004800803938,9519.28415781657,-23677.052923583986,29449.51192626953,"torque is about the collider centre, not the CG; not carried in this table",9147.144287109375,4468.62177,2.046972144413416,0.7936651513863322,4,5,frame,41643,4,12,warpmpm,"no, prescribed SDF collider",no FORD or NO-FORD verdict is reportable
M1s3_g64_vc8.9000_vw3.0000_r1,M1s3,surface,"settled 20-cell surface, FIVE SEEDS, g64, THE CANONICAL SURFACE",yaris_coarse_v1l_watertight,vehicle_rest,settled_f250_400,400,250,3,64,0.1472147236519959,0.3,2.037839643738194,8.9,3.0,9.392017887546851,-71.37213682354495,30178.15805472017,13716.940324910482,-26880.602145385743,32306.45991414388,"torque is about the collider centre, not the CG; not carried in this table",9147.14501953125,4468.62177,2.046972308316721,0.7654847667379694,4,5,frame,41643,4,12,warpmpm,"no, prescribed SDF collider",no FORD or NO-FORD verdict is reportable
M1s4_g64_vc0.0000_vw0.5000_r1,M1s4,surface,"settled 20-cell surface, FIVE SEEDS, g64, THE CANONICAL SURFACE",yaris_coarse_v1l_watertight,vehicle_rest,settled_f250_400,400,250,4,64,0.1472147236519959,0.3,2.037839643738194,0.0,0.5,0.5,-0.0,308.36951320911135,308.25813245773315,-8.28736692170302,324.47737164497374,"torque is about the collider centre, not the CG; not carried in this table",9141.55078125,4468.62177,2.045720414876375,1.3725149631500244,4,1,frame,41636,4,12,warpmpm,"no, prescribed SDF collider",no FORD or NO-FORD verdict is reportable
M1s4_g64_vc0.0000_vw1.0000_r1,M1s4,surface,"settled 20-cell surface, FIVE SEEDS, g64, THE CANONICAL SURFACE",yaris_coarse_v1l_watertight,vehicle_rest,settled_f250_400,400,250,4,64,0.1472147236519959,0.3,2.037839643738194,0.0,1.0,1.0,-0.0,463.21949985121637,463.0669884045919,-11.885675929983456,510.74132986068724,"torque is about the collider centre, not the CG; not carried in this table",9141.55078125,4468.62177,2.045720414876375,0.9722911715507507,4,1,frame,41636,4,12,warpmpm,"no, prescribed SDF collider",no FORD or NO-FORD verdict is reportable
M1s4_g64_vc0.0000_vw2.0000_r1,M1s4,surface,"settled 20-cell surface, FIVE SEEDS, g64, THE CANONICAL SURFACE",yaris_coarse_v1l_watertight,vehicle_rest,settled_f250_400,400,250,4,64,0.1472147236519959,0.3,2.037839643738194,0.0,2.0,2.0,-0.0,911.121986752726,910.752121035258,-25.95859730442365,1162.363668123881,"torque is about the collider centre, not the CG; not carried in this table",9141.545654296875,4468.62177,2.0457192675532427,0.8527688384056091,4,1,frame,41636,4,12,warpmpm,"no, prescribed SDF collider",no FORD or NO-FORD verdict is reportable
M1s4_g64_vc0.0000_vw3.0000_r1,M1s4,surface,"settled 20-cell surface, FIVE SEEDS, g64, THE CANONICAL SURFACE",yaris_coarse_v1l_watertight,vehicle_rest,settled_f250_400,400,250,4,64,0.1472147236519959,0.3,2.037839643738194,0.0,3.0,3.0,-0.0,1880.195055920749,1879.6675743103028,-44.53378936549028,2385.460907491048,"torque is about the collider centre, not the CG; not carried in this table",9141.551147460938,4468.62177,2.045720496828027,0.8316222031911215,4,2,frame,41636,4,12,warpmpm,"no, prescribed SDF collider",no FORD or NO-FORD verdict is reportable
M1s4_g64_vc2.2000_vw0.5000_r1,M1s4,surface,"settled 20-cell surface, FIVE SEEDS, g64, THE CANONICAL SURFACE",yaris_coarse_v1l_watertight,vehicle_rest,settled_f250_400,400,250,4,64,0.1472147236519959,0.3,2.037839643738194,2.2,0.5,2.2561028345356955,-77.19573393471326,2358.269941811923,1103.8551319122314,-2083.9724005381267,2985.9708731333417,"torque is about the collider centre, not the CG; not carried in this table",9141.548034667969,4468.62177,2.0457198002389827,0.74783832947257,4,1,frame,41636,4,12,warpmpm,"no, prescribed SDF collider",no FORD or NO-FORD verdict is reportable
M1s4_g64_vc2.2000_vw1.0000_r1,M1s4,surface,"settled 20-cell surface, FIVE SEEDS, g64, THE CANONICAL SURFACE",yaris_coarse_v1l_watertight,vehicle_rest,settled_f250_400,400,250,4,64,0.1472147236519959,0.3,2.037839643738194,2.2,1.0,2.4166091947189146,-65.55604521958347,3048.16090852117,1503.9968368530274,-2651.278642272949,4010.499104563395,"torque is about the collider centre, not the CG; not carried in this table",9141.546936035156,4468.62177,2.045719554384026,0.7160769770406696,4,1,frame,41636,4,12,warpmpm,"no, prescribed SDF collider",no FORD or NO-FORD verdict is reportable
M1s4_g64_vc2.2000_vw2.0000_r1,M1s4,surface,"settled 20-cell surface, FIVE SEEDS, g64, THE CANONICAL SURFACE",yaris_coarse_v1l_watertight,vehicle_rest,settled_f250_400,400,250,4,64,0.1472147236519959,0.3,2.037839643738194,2.2,2.0,2.973213749463701,-47.72631099390627,2564.4695274280484,1462.8031067530314,-2106.35016746521,4206.5838424682615,"torque is about the collider centre, not the CG; not carried in this table",9141.552062988281,4468.62177,2.045720701707158,0.7401219967803264,4,1,frame,41636,4,12,warpmpm,"no, prescribed SDF collider",no FORD or NO-FORD verdict is reportable
M1s4_g64_vc2.2000_vw3.0000_r1,M1s4,surface,"settled 20-cell surface, FIVE SEEDS, g64, THE CANONICAL SURFACE",yaris_coarse_v1l_watertight,vehicle_rest,settled_f250_400,400,250,4,64,0.1472147236519959,0.3,2.037839643738194,2.2,3.0,3.7202150475476548,-36.25383773744479,5179.285849580559,4389.902917226155,-2748.409410730998,6781.355030822754,"torque is about the collider centre, not the CG; not carried in this table",9141.547302246094,4468.62177,2.045719636335678,0.7121764734990335,4,2,frame,41636,4,12,warpmpm,"no, prescribed SDF collider",no FORD or NO-FORD verdict is reportable
M1s4_g64_vc4.5000_vw0.5000_r1,M1s4,surface,"settled 20-cell surface, FIVE SEEDS, g64, THE CANONICAL SURFACE",yaris_coarse_v1l_watertight,vehicle_rest,settled_f250_400,400,250,4,64,0.1472147236519959,0.3,2.037839643738194,4.5,0.5,4.527692569068709,-83.6598082540901,5689.0882494725865,2360.858311843872,-5176.105982462565,6949.401159922282,"torque is about the collider centre, not the CG; not carried in this table",9141.553161621094,4468.62177,2.0457209475621148,0.7583599163264761,4,3,frame,41636,4,12,warpmpm,"no, prescribed SDF collider",no FORD or NO-FORD verdict is reportable
M1s4_g64_vc4.5000_vw1.0000_r1,M1s4,surface,"settled 20-cell surface, FIVE SEEDS, g64, THE CANONICAL SURFACE",yaris_coarse_v1l_watertight,vehicle_rest,settled_f250_400,400,250,4,64,0.1472147236519959,0.3,2.037839643738194,4.5,1.0,4.6097722286464435,-77.47119229084849,7472.809290466384,3280.5635796864826,-6714.222314707438,9910.4382619222,"torque is about the collider centre, not the CG; not carried in this table",9141.547485351562,4468.62177,2.0457196773115043,0.7323573533226463,4,3,frame,41636,4,12,warpmpm,"no, prescribed SDF collider",no FORD or NO-FORD verdict is reportable
M1s4_g64_vc4.5000_vw2.0000_r1,M1s4,surface,"settled 20-cell surface, FIVE SEEDS, g64, THE CANONICAL SURFACE",yaris_coarse_v1l_watertight,vehicle_rest,settled_f250_400,400,250,4,64,0.1472147236519959,0.3,2.037839643738194,4.5,2.0,4.924428900898052,-66.03751102542182,10523.25943091392,4999.527400970459,-9259.790214538574,15443.820348103842,"torque is about the collider centre, not the CG; not carried in this table",9141.545288085938,4468.62177,2.0457191856015906,0.7200350958047456,4,3,frame,41636,4,12,warpmpm,"no, prescribed SDF collider",no FORD or NO-FORD verdict is reportable
M1s4_g64_vc4.5000_vw3.0000_r1,M1s4,surface,"settled 20-cell surface, FIVE SEEDS, g64, THE CANONICAL SURFACE",yaris_coarse_v1l_watertight,vehicle_rest,settled_f250_400,400,250,4,64,0.1472147236519959,0.3,2.037839643738194,4.5,3.0,5.408326913195984,-56.309932474020215,11774.398470777161,6047.667325592041,-10102.582801818848,15095.904494222004,"torque is about the collider centre, not the CG; not carried in this table",9141.551147460938,4468.62177,2.045720496828027,0.7266110028976048,4,3,frame,41636,4,12,warpmpm,"no, prescribed SDF collider",no FORD or NO-FORD verdict is reportable
M1s4_g64_vc6.7000_vw0.5000_r1,M1s4,surface,"settled 20-cell surface, FIVE SEEDS, g64, THE CANONICAL SURFACE",yaris_coarse_v1l_watertight,vehicle_rest,settled_f250_400,400,250,4,64,0.1472147236519959,0.3,2.037839643738194,6.7,0.5,6.71863081289633,-85.73210669970919,9594.598107690646,4052.336752573649,-8696.831589253743,11498.856842549641,"torque is about the collider centre, not the CG; not carried in this table",9141.552795410156,4468.62177,2.0457208656104626,0.7970823328422139,4,4,frame,41636,4,12,warpmpm,"no, prescribed SDF collider",no FORD or NO-FORD verdict is reportable
M1s4_g64_vc6.7000_vw1.0000_r1,M1s4,surface,"settled 20-cell surface, FIVE SEEDS, g64, THE CANONICAL SURFACE",yaris_coarse_v1l_watertight,vehicle_rest,settled_f250_400,400,250,4,64,0.1472147236519959,0.3,2.037839643738194,6.7,1.0,6.774215821775979,-81.5110561194953,13173.889011737308,5543.081112162272,-11950.966633605956,16475.89243876139,"torque is about the collider centre, not the CG; not carried in this table",9141.547668457031,4468.62177,2.0457197182873306,0.7703749152616002,4,4,frame,41636,4,12,warpmpm,"no, prescribed SDF collider",no FORD or NO-FORD verdict is reportable
M1s4_g64_vc6.7000_vw2.0000_r1,M1s4,surface,"settled 20-cell surface, FIVE SEEDS, g64, THE CANONICAL SURFACE",yaris_coarse_v1l_watertight,vehicle_rest,settled_f250_400,400,250,4,64,0.1472147236519959,0.3,2.037839643738194,6.7,2.0,6.992138442565336,-73.37924308610795,18860.042932881108,9147.898683166504,-16492.943009440103,22785.58395996094,"torque is about the collider centre, not the CG; not carried in this table",9141.550048828125,4468.62177,2.04572025097307,0.715198022355134,4,4,frame,41636,4,12,warpmpm,"no, prescribed SDF collider",no FORD or NO-FORD verdict is reportable
M1s4_g64_vc6.7000_vw3.0000_r1,M1s4,surface,"settled 20-cell surface, FIVE SEEDS, g64, THE CANONICAL SURFACE",yaris_coarse_v1l_watertight,vehicle_rest,settled_f250_400,400,250,4,64,0.1472147236519959,0.3,2.037839643738194,6.7,3.0,7.340980860893182,-65.87901688055742,21684.171015320797,11260.80387471517,-18530.989415486652,27085.232380167643,"torque is about the collider centre, not the CG; not carried in this table",9141.550231933594,4468.62177,2.0457202919488964,0.7249705073430424,4,4,frame,41636,4,12,warpmpm,"no, prescribed SDF collider",no FORD or NO-FORD verdict is reportable
M1s4_g64_vc8.9000_vw0.5000_r1,M1s4,surface,"settled 20-cell surface, FIVE SEEDS, g64, THE CANONICAL SURFACE",yaris_coarse_v1l_watertight,vehicle_rest,settled_f250_400,400,250,4,64,0.1472147236519959,0.3,2.037839643738194,8.9,0.5,8.914033879226622,-86.78451600825179,13768.374550436076,6156.076438395182,-12315.47240854899,15501.534507242839,"torque is about the collider centre, not the CG; not carried in this table",9141.549682617188,4468.62177,2.045720169021418,0.8536222752248372,4,5,frame,41636,4,12,warpmpm,"no, prescribed SDF collider",no FORD or NO-FORD verdict is reportable
M1s4_g64_vc8.9000_vw1.0000_r1,M1s4,surface,"settled 20-cell surface, FIVE SEEDS, g64, THE CANONICAL SURFACE",yaris_coarse_v1l_watertight,vehicle_rest,settled_f250_400,400,250,4,64,0.1472147236519959,0.3,2.037839643738194,8.9,1.0,8.95600357302296,-83.58915997976756,20090.647802629566,8877.624680582683,-18022.816349283854,21604.479370117188,"torque is about the collider centre, not the CG; not carried in this table",9141.551879882812,4468.62177,2.0457206607313316,0.7864901483274429,4,5,frame,41636,4,12,warpmpm,"no, prescribed SDF collider",no FORD or NO-FORD verdict is reportable
M1s4_g64_vc8.9000_vw2.0000_r1,M1s4,surface,"settled 20-cell surface, FIVE SEEDS, g64, THE CANONICAL SURFACE",yaris_coarse_v1l_watertight,vehicle_rest,settled_f250_400,400,250,4,64,0.1472147236519959,0.3,2.037839643738194,8.9,2.0,9.121951545584968,-77.33493623495764,25693.535628930487,9572.338137817384,-23843.827622477213,29550.93882141113,"torque is about the collider centre, not the CG; not carried in this table",9141.550415039062,4468.62177,2.0457203329247227,0.7924119429925847,4,5,frame,41636,4,12,warpmpm,"no, prescribed SDF collider",no FORD or NO-FORD verdict is reportable
M1s4_g64_vc8.9000_vw3.0000_r1,M1s4,surface,"settled 20-cell surface, FIVE SEEDS, g64, THE CANONICAL SURFACE",yaris_coarse_v1l_watertight,vehicle_rest,settled_f250_400,400,250,4,64,0.1472147236519959,0.3,2.037839643738194,8.9,3.0,9.392017887546851,-71.37213682354495,30000.89341262278,13502.127604166666,-26790.784902954103,32128.041221110027,"torque is about the collider centre, not the CG; not carried in this table",9141.54931640625,4468.62177,2.045720087069766,0.7767853970944428,4,5,frame,41636,4,12,warpmpm,"no, prescribed SDF collider",no FORD or NO-FORD verdict is reportable
M2s0_g96_vc0.0000_vw0.5000_r1,M2s0,surface,"settled 20-cell surface at n_grid=96, resolution check",yaris_coarse_v1l_watertight,vehicle_rest,settled_f250_400,400,250,0,96,0.0981431491013306,0.3,3.056759465607291,0.0,0.5,0.5,-0.0,330.0901575738942,329.9214370727539,-10.552605697512627,448.7453882217407,"torque is about the collider centre, not the CG; not carried in this table",7494.478912353516,4468.62177,1.6771343152529814,1.207409143447876,8,1,frame,164382,6,16,warpmpm,"no, prescribed SDF collider",no FORD or NO-FORD verdict is reportable
M2s0_g96_vc0.0000_vw1.0000_r1,M2s0,surface,"settled 20-cell surface at n_grid=96, resolution check",yaris_coarse_v1l_watertight,vehicle_rest,settled_f250_400,400,250,0,96,0.0981431491013306,0.3,3.056759465607291,0.0,1.0,1.0,-0.0,466.98109188754063,466.84027671813965,-11.467179871723056,751.12712059021,"torque is about the collider centre, not the CG; not carried in this table",7494.4764404296875,4468.62177,1.6771337620793285,0.860489010810852,8,1,frame,164382,6,16,warpmpm,"no, prescribed SDF collider",no FORD or NO-FORD verdict is reportable
M2s0_g96_vc0.0000_vw2.0000_r1,M2s0,surface,"settled 20-cell surface at n_grid=96, resolution check",yaris_coarse_v1l_watertight,vehicle_rest,settled_f250_400,400,250,0,96,0.0981431491013306,0.3,3.056759465607291,0.0,2.0,2.0,-0.0,1070.4950438647443,1069.0749347686767,-55.12189028263092,1623.422127532959,"torque is about the collider centre, not the CG; not carried in this table",7494.476715087891,4468.62177,1.6771338235430677,0.6949082016944885,8,2,frame,164382,6,16,warpmpm,"no, prescribed SDF collider",no FORD or NO-FORD verdict is reportable
M2s0_g96_vc0.0000_vw3.0000_r1,M2s0,surface,"settled 20-cell surface at n_grid=96, resolution check",yaris_coarse_v1l_watertight,vehicle_rest,settled_f250_400,400,250,0,96,0.0981431491013306,0.3,3.056759465607291,0.0,3.0,3.0,-0.0,2639.710146452151,2637.771136474609,-101.15873103141784,3019.1377487182617,"torque is about the collider centre, not the CG; not carried in this table",7494.4764404296875,4468.62177,1.6771337620793285,0.676743745803833,8,3,frame,164382,6,16,warpmpm,"no, prescribed SDF collider",no FORD or NO-FORD verdict is reportable
M2s0_g96_vc2.2000_vw0.5000_r1,M2s0,surface,"settled 20-cell surface at n_grid=96, resolution check",yaris_coarse_v1l_watertight,vehicle_rest,settled_f250_400,400,250,0,96,0.0981431491013306,0.3,3.056759465607291,2.2,0.5,2.2561028345356955,-77.19573393471326,2170.5979608658085,958.394794845581,-1947.5561416625976,3229.2671463012693,"torque is about the collider centre, not the CG; not carried in this table",7494.474609375,4468.62177,1.6771333523210672,0.7644302121314179,8,2,frame,164382,6,16,warpmpm,"no, prescribed SDF collider",no FORD or NO-FORD verdict is reportable
M2s0_g96_vc2.2000_vw1.0000_r1,M2s0,surface,"settled 20-cell surface at n_grid=96, resolution check",yaris_coarse_v1l_watertight,vehicle_rest,settled_f250_400,400,250,0,96,0.0981431491013306,0.3,3.056759465607291,2.2,1.0,2.4166091947189146,-65.55604521958347,2445.666375571315,1347.0366706848145,-2041.2682891845702,3603.2490509033205,"torque is about the collider centre, not the CG; not carried in this table",7494.476348876953,4468.62177,1.6771337415914154,0.7444696128368377,8,2,frame,164382,6,16,warpmpm,"no, prescribed SDF collider",no FORD or NO-FORD verdict is reportable
M2s0_g96_vc2.2000_vw2.0000_r1,M2s0,surface,"settled 20-cell surface at n_grid=96, resolution check",yaris_coarse_v1l_watertight,vehicle_rest,settled_f250_400,400,250,0,96,0.0981431491013306,0.3,3.056759465607291,2.2,2.0,2.973213749463701,-47.72631099390627,2398.898629040273,1435.5599662780762,-1921.9475059509277,3914.640594482422,"torque is about the collider centre, not the CG; not carried in this table",7494.477447509766,4468.62177,1.6771339874463722,0.7596172871093404,8,2,frame,164382,6,16,warpmpm,"no, prescribed SDF collider",no FORD or NO-FORD verdict is reportable
M2s0_g96_vc2.2000_vw3.0000_r1,M2s0,surface,"settled 20-cell surface at n_grid=96, resolution check",yaris_coarse_v1l_watertight,vehicle_rest,settled_f250_400,400,250,0,96,0.0981431491013306,0.3,3.056759465607291,2.2,3.0,3.7202150475476548,-36.25383773744479,5325.577165990003,4786.067434692382,-2335.664929199219,7778.2800964355465,"torque is about the collider centre, not the CG; not carried in this table",7494.475341796875,4468.62177,1.6771335162243717,0.718620459123843,8,3,frame,164382,6,16,warpmpm,"no, prescribed SDF collider",no FORD or NO-FORD verdict is reportable
M2s0_g96_vc4.5000_vw0.5000_r1,M2s0,surface,"settled 20-cell surface at n_grid=96, resolution check",yaris_coarse_v1l_watertight,vehicle_rest,settled_f250_400,400,250,0,96,0.0981431491013306,0.3,3.056759465607291,4.5,0.5,4.527692569068709,-83.6598082540901,6248.336190932509,2609.177713012695,-5677.490362548828,12221.800360107422,"torque is about the collider centre, not the CG; not carried in this table",7494.480651855469,4468.62177,1.6771347045233298,0.7802689620634403,8,4,frame,164382,6,16,warpmpm,"no, prescribed SDF collider",no FORD or NO-FORD verdict is reportable
M2s0_g96_vc4.5000_vw1.0000_r1,M2s0,surface,"settled 20-cell surface at n_grid=96, resolution check",yaris_coarse_v1l_watertight,vehicle_rest,settled_f250_400,400,250,0,96,0.0981431491013306,0.3,3.056759465607291,4.5,1.0,4.6097722286464435,-77.47119229084849,7781.036198567648,4255.756494140625,-6514.066394042969,14691.08155517578,"torque is about the collider centre, not the CG; not carried in this table",7494.477630615234,4468.62177,1.6771340284221985,0.7700294298284195,8,4,frame,164382,6,16,warpmpm,"no, prescribed SDF collider",no FORD or NO-FORD verdict is reportable
M2s0_g96_vc4.5000_vw2.0000_r1,M2s0,surface,"settled 20-cell surface at n_grid=96, resolution check",yaris_coarse_v1l_watertight,vehicle_rest,settled_f250_400,400,250,0,96,0.0981431491013306,0.3,3.056759465607291,4.5,2.0,4.924428900898052,-66.03751102542182,12188.95945382566,6448.556454467774,-10343.444891357422,18583.05399169922,"torque is about the collider centre, not the CG; not carried in this table",7494.475341796875,4468.62177,1.6771335162243717,0.7194988555514936,8,4,frame,164382,6,16,warpmpm,"no, prescribed SDF collider",no FORD or NO-FORD verdict is reportable
M2s0_g96_vc4.5000_vw3.0000_r1,M2s0,surface,"settled 20-cell surface at n_grid=96, resolution check",yaris_coarse_v1l_watertight,vehicle_rest,settled_f250_400,400,250,0,96,0.0981431491013306,0.3,3.056759465607291,4.5,3.0,5.408326913195984,-56.309932474020215,12593.059930223635,7622.57250366211,-10024.04842529297,18189.273706054686,"torque is about the collider centre, not the CG; not carried in this table",7494.481842041016,4468.62177,1.6771349708661998,0.7259045869876175,8,4,frame,164382,6,16,warpmpm,"no, prescribed SDF collider",no FORD or NO-FORD verdict is reportable
M2s0_g96_vc6.7000_vw0.5000_r1,M2s0,surface,"settled 20-cell surface at n_grid=96, resolution check",yaris_coarse_v1l_watertight,vehicle_rest,settled_f250_400,400,250,0,96,0.0981431491013306,0.3,3.056759465607291,6.7,0.5,6.71863081289633,-85.73210669970919,11056.690843317294,4341.892926025391,-10168.499310302734,22644.265673828126,"torque is about the collider centre, not the CG; not carried in this table",7494.4779052734375,4468.62177,1.6771340898859377,0.8179015423615634,8,5,frame,164382,6,16,warpmpm,"no, prescribed SDF collider",no FORD or NO-FORD verdict is reportable
M2s0_g96_vc6.7000_vw1.0000_r1,M2s0,surface,"settled 20-cell surface at n_grid=96, resolution check",yaris_coarse_v1l_watertight,vehicle_rest,settled_f250_400,400,250,0,96,0.0981431491013306,0.3,3.056759465607291,6.7,1.0,6.774215821775979,-81.5110561194953,14737.689297272538,8018.97424621582,-12365.093524169923,24552.266381835936,"torque is about the collider centre, not the CG; not carried in this table",7494.479095458984,4468.62177,1.6771343562288077,0.7712178153393185,8,5,frame,164382,6,16,warpmpm,"no, prescribed SDF collider",no FORD or NO-FORD verdict is reportable
M2s0_g96_vc6.7000_vw2.0000_r1,M2s0,surface,"settled 20-cell surface at n_grid=96, resolution check",yaris_coarse_v1l_watertight,vehicle_rest,settled_f250_400,400,250,0,96,0.0981431491013306,0.3,3.056759465607291,6.7,2.0,6.992138442565336,-73.37924308610795,19956.622377386528,11897.978137207032,-16022.012762451172,25484.3021484375,"torque is about the collider centre, not the CG; not carried in this table",7494.477447509766,4468.62177,1.6771339874463722,0.7155296099797962,8,5,frame,164382,6,16,warpmpm,"no, prescribed SDF collider",no FORD or NO-FORD verdict is reportable
M2s0_g96_vc6.7000_vw3.0000_r1,M2s0,surface,"settled 20-cell surface at n_grid=96, resolution check",yaris_coarse_v1l_watertight,vehicle_rest,settled_f250_400,400,250,0,96,0.0981431491013306,0.3,3.056759465607291,6.7,3.0,7.340980860893182,-65.87901688055742,21514.99876591534,11960.48291015625,-17884.12761230469,27181.5537109375,"torque is about the collider centre, not the CG; not carried in this table",7494.4786376953125,4468.62177,1.6771342537892422,0.7537644363816715,8,5,frame,164382,6,16,warpmpm,"no, prescribed SDF collider",no FORD or NO-FORD verdict is reportable
M2s0_g96_vc8.9000_vw0.5000_r1,M2s0,surface,"settled 20-cell surface at n_grid=96, resolution check",yaris_coarse_v1l_watertight,vehicle_rest,settled_f250_400,400,250,0,96,0.0981431491013306,0.3,3.056759465607291,8.9,0.5,8.914033879226622,-86.78451600825179,16477.811825262223,5039.724935913086,-15688.194769287109,33820.5900390625,"torque is about the collider centre, not the CG; not carried in this table",7494.4779052734375,4468.62177,1.6771340898859377,0.8437556342666945,8,7,frame,164382,6,16,warpmpm,"no, prescribed SDF collider",no FORD or NO-FORD verdict is reportable
M2s0_g96_vc8.9000_vw1.0000_r1,M2s0,surface,"settled 20-cell surface at n_grid=96, resolution check",yaris_coarse_v1l_watertight,vehicle_rest,settled_f250_400,400,250,0,96,0.0981431491013306,0.3,3.056759465607291,8.9,1.0,8.95600357302296,-83.58915997976756,19077.54376634574,6578.35697631836,-17907.481555175782,32997.010034179686,"torque is about the collider centre, not the CG; not carried in this table",7494.47607421875,4468.62177,1.6771336801276762,0.8104522390832866,8,7,frame,164382,6,16,warpmpm,"no, prescribed SDF collider",no FORD or NO-FORD verdict is reportable
M2s0_g96_vc8.9000_vw2.0000_r1,M2s0,surface,"settled 20-cell surface at n_grid=96, resolution check",yaris_coarse_v1l_watertight,vehicle_rest,settled_f250_400,400,250,0,96,0.0981431491013306,0.3,3.056759465607291,8.9,2.0,9.121951545584968,-77.33493623495764,25436.991579434947,11800.37661743164,-22534.23289794922,28548.920288085938,"torque is about the collider centre, not the CG; not carried in this table",7494.479095458984,4468.62177,1.6771343562288077,0.8011038832589421,8,7,frame,164382,6,16,warpmpm,"no, prescribed SDF collider",no FORD or NO-FORD verdict is reportable
M2s0_g96_vc8.9000_vw3.0000_r1,M2s0,surface,"settled 20-cell surface at n_grid=96, resolution check",yaris_coarse_v1l_watertight,vehicle_rest,settled_f250_400,400,250,0,96,0.0981431491013306,0.3,3.056759465607291,8.9,3.0,9.392017887546851,-71.37213682354495,28567.920431804072,13163.571252441407,-25354.41716308594,28637.335595703124,"torque is about the collider centre, not the CG; not carried in this table",7494.476348876953,4468.62177,1.6771337415914154,0.8006989481551565,8,7,frame,164382,6,16,warpmpm,"no, prescribed SDF collider",no FORD or NO-FORD verdict is reportable
M2s1_g96_vc0.0000_vw0.5000_r1,M2s1,surface,"settled 20-cell surface at n_grid=96, resolution check",yaris_coarse_v1l_watertight,vehicle_rest,settled_f250_400,400,250,1,96,0.0981431491013306,0.3,3.056759465607291,0.0,0.5,0.5,-0.0,330.5828339028741,330.377156829834,-11.659516125917435,443.84511318206785,"torque is about the collider centre, not the CG; not carried in this table",7540.575897216797,4468.62177,1.6874500204605138,1.2071620225906372,8,1,frame,164351,6,16,warpmpm,"no, prescribed SDF collider",no FORD or NO-FORD verdict is reportable
M2s1_g96_vc0.0000_vw1.0000_r1,M2s1,surface,"settled 20-cell surface at n_grid=96, resolution check",yaris_coarse_v1l_watertight,vehicle_rest,settled_f250_400,400,250,1,96,0.0981431491013306,0.3,3.056759465607291,0.0,1.0,1.0,-0.0,466.46605587400575,466.32262859344485,-11.566647930629552,747.7471519470215,"torque is about the collider centre, not the CG; not carried in this table",7540.575622558594,4468.62177,1.6874499589967746,0.8601163625717163,8,1,frame,164351,6,16,warpmpm,"no, prescribed SDF collider",no FORD or NO-FORD verdict is reportable
M2s1_g96_vc0.0000_vw2.0000_r1,M2s1,surface,"settled 20-cell surface at n_grid=96, resolution check",yaris_coarse_v1l_watertight,vehicle_rest,settled_f250_400,400,250,1,96,0.0981431491013306,0.3,3.056759465607291,0.0,2.0,2.0,-0.0,1070.0258047877533,1068.7085998535156,-53.076845335960385,1615.6748603820802,"torque is about the collider centre, not the CG; not carried in this table",7540.576354980469,4468.62177,1.6874501229000791,0.69553542137146,8,2,frame,164351,6,16,warpmpm,"no, prescribed SDF collider",no FORD or NO-FORD verdict is reportable
M2s1_g96_vc0.0000_vw3.0000_r1,M2s1,surface,"settled 20-cell surface at n_grid=96, resolution check",yaris_coarse_v1l_watertight,vehicle_rest,settled_f250_400,400,250,1,96,0.0981431491013306,0.3,3.056759465607291,0.0,3.0,3.0,-0.0,2641.0851492108586,2639.3209121704103,-96.51884770393372,2981.3997436523437,"torque is about the collider centre, not the CG; not carried in this table",7540.575714111328,4468.62177,1.6874499794846876,0.6764036019643148,8,3,frame,164351,6,16,warpmpm,"no, prescribed SDF collider",no FORD or NO-FORD verdict is reportable
M2s1_g96_vc2.2000_vw0.5000_r1,M2s1,surface,"settled 20-cell surface at n_grid=96, resolution check",yaris_coarse_v1l_watertight,vehicle_rest,settled_f250_400,400,250,1,96,0.0981431491013306,0.3,3.056759465607291,2.2,0.5,2.2561028345356955,-77.19573393471326,2178.7476985191706,959.514081954956,-1956.0864654541015,3245.6261322021483,"torque is about the collider centre, not the CG; not carried in this table",7540.576080322266,4468.62177,1.68745006143634,0.7642900211871959,8,2,frame,164351,6,16,warpmpm,"no, prescribed SDF collider",no FORD or NO-FORD verdict is reportable
M2s1_g96_vc2.2000_vw1.0000_r1,M2s1,surface,"settled 20-cell surface at n_grid=96, resolution check",yaris_coarse_v1l_watertight,vehicle_rest,settled_f250_400,400,250,1,96,0.0981431491013306,0.3,3.056759465607291,2.2,1.0,2.4166091947189146,-65.55604521958347,2448.599669578533,1351.6671310424804,-2041.7238571166993,3596.4874526977537,"torque is about the collider centre, not the CG; not carried in this table",7540.580291748047,4468.62177,1.6874510038803412,0.7444524295526007,8,2,frame,164351,6,16,warpmpm,"no, prescribed SDF collider",no FORD or NO-FORD verdict is reportable
M2s1_g96_vc2.2000_vw2.0000_r1,M2s1,surface,"settled 20-cell surface at n_grid=96, resolution check",yaris_coarse_v1l_watertight,vehicle_rest,settled_f250_400,400,250,1,96,0.0981431491013306,0.3,3.056759465607291,2.2,2.0,2.973213749463701,-47.72631099390627,2383.139375354755,1422.537286376953,-1911.9992027282715,3898.556011962891,"torque is about the collider centre, not the CG; not carried in this table",7540.576080322266,4468.62177,1.68745006143634,0.7621662271508264,8,2,frame,164351,6,16,warpmpm,"no, prescribed SDF collider",no FORD or NO-FORD verdict is reportable
M2s1_g96_vc2.2000_vw3.0000_r1,M2s1,surface,"settled 20-cell surface at n_grid=96, resolution check",yaris_coarse_v1l_watertight,vehicle_rest,settled_f250_400,400,250,1,96,0.0981431491013306,0.3,3.056759465607291,2.2,3.0,3.7202150475476548,-36.25383773744479,5306.223648292385,4761.377597045898,-2342.0701919555663,7782.292630004883,"torque is about the collider centre, not the CG; not carried in this table",7540.576263427734,4468.62177,1.687450102412166,0.7200495924563767,8,3,frame,164351,6,16,warpmpm,"no, prescribed SDF collider",no FORD or NO-FORD verdict is reportable
M2s1_g96_vc4.5000_vw0.5000_r1,M2s1,surface,"settled 20-cell surface at n_grid=96, resolution check",yaris_coarse_v1l_watertight,vehicle_rest,settled_f250_400,400,250,1,96,0.0981431491013306,0.3,3.056759465607291,4.5,0.5,4.527692569068709,-83.6598082540901,6244.5576502318245,2600.674185180664,-5677.234716796875,12178.963659667968,"torque is about the collider centre, not the CG; not carried in this table",7540.577453613281,4468.62177,1.687450368755036,0.7805868350877992,8,4,frame,164351,6,16,warpmpm,"no, prescribed SDF collider",no FORD or NO-FORD verdict is reportable
M2s1_g96_vc4.5000_vw1.0000_r1,M2s1,surface,"settled 20-cell surface at n_grid=96, resolution check",yaris_coarse_v1l_watertight,vehicle_rest,settled_f250_400,400,250,1,96,0.0981431491013306,0.3,3.056759465607291,4.5,1.0,4.6097722286464435,-77.47119229084849,7798.3528766923355,4262.1740447998045,-6530.557403564453,14720.665979003907,"torque is about the collider centre, not the CG; not carried in this table",7540.577728271484,4468.62177,1.6874504302187752,0.7699087703929228,8,4,frame,164351,6,16,warpmpm,"no, prescribed SDF collider",no FORD or NO-FORD verdict is reportable
M2s1_g96_vc4.5000_vw2.0000_r1,M2s1,surface,"settled 20-cell surface at n_grid=96, resolution check",yaris_coarse_v1l_watertight,vehicle_rest,settled_f250_400,400,250,1,96,0.0981431491013306,0.3,3.056759465607291,4.5,2.0,4.924428900898052,-66.03751102542182,12193.458689986437,6437.308303833008,-10355.747033691407,18524.31658935547,"torque is about the collider centre, not the CG; not carried in this table",7540.575622558594,4468.62177,1.6874499589967746,0.7197605998245712,8,4,frame,164351,6,16,warpmpm,"no, prescribed SDF collider",no FORD or NO-FORD verdict is reportable
M2s1_g96_vc4.5000_vw3.0000_r1,M2s1,surface,"settled 20-cell surface at n_grid=96, resolution check",yaris_coarse_v1l_watertight,vehicle_rest,settled_f250_400,400,250,1,96,0.0981431491013306,0.3,3.056759465607291,4.5,3.0,5.408326913195984,-56.309932474020215,12556.226841376703,7647.368594360351,-9958.744201660156,18173.816345214844,"torque is about the collider centre, not the CG; not carried in this table",7540.576904296875,4468.62177,1.6874502458275575,0.7250702809064815,8,4,frame,164351,6,16,warpmpm,"no, prescribed SDF collider",no FORD or NO-FORD verdict is reportable
M2s1_g96_vc6.7000_vw0.5000_r1,M2s1,surface,"settled 20-cell surface at n_grid=96, resolution check",yaris_coarse_v1l_watertight,vehicle_rest,settled_f250_400,400,250,1,96,0.0981431491013306,0.3,3.056759465607291,6.7,0.5,6.71863081289633,-85.73210669970919,11123.05572998123,4357.031732177735,-10234.189916992187,22835.597875976564,"torque is about the collider centre, not the CG; not carried in this table",7540.577178955078,4468.62177,1.6874503072912967,0.8166535716961061,8,5,frame,164351,6,16,warpmpm,"no, prescribed SDF collider",no FORD or NO-FORD verdict is reportable
M2s1_g96_vc6.7000_vw1.0000_r1,M2s1,surface,"settled 20-cell surface at n_grid=96, resolution check",yaris_coarse_v1l_watertight,vehicle_rest,settled_f250_400,400,250,1,96,0.0981431491013306,0.3,3.056759465607291,6.7,1.0,6.774215821775979,-81.5110561194953,14720.129061638214,8058.693228149414,-12318.265423583984,24374.37520751953,"torque is about the collider centre, not the CG; not carried in this table",7540.576171875,4468.62177,1.687450081924253,0.7725338144587078,8,5,frame,164351,6,16,warpmpm,"no, prescribed SDF collider",no FORD or NO-FORD verdict is reportable
M2s1_g96_vc6.7000_vw2.0000_r1,M2s1,surface,"settled 20-cell surface at n_grid=96, resolution check",yaris_coarse_v1l_watertight,vehicle_rest,settled_f250_400,400,250,1,96,0.0981431491013306,0.3,3.056759465607291,6.7,2.0,6.992138442565336,-73.37924308610795,19902.26672476717,12009.763067626953,-15870.28077392578,24892.685913085938,"torque is about the collider centre, not the CG; not carried in this table",7540.575347900391,4468.62177,1.6874498975330354,0.7181540216300405,8,5,frame,164351,6,16,warpmpm,"no, prescribed SDF collider",no FORD or NO-FORD verdict is reportable
M2s1_g96_vc6.7000_vw3.0000_r1,M2s1,surface,"settled 20-cell surface at n_grid=96, resolution check",yaris_coarse_v1l_watertight,vehicle_rest,settled_f250_400,400,250,1,96,0.0981431491013306,0.3,3.056759465607291,6.7,3.0,7.340980860893182,-65.87901688055742,21585.427573650053,12013.115765380859,-17933.648071289062,26909.6939453125,"torque is about the collider centre, not the CG; not carried in this table",7540.574798583984,4468.62177,1.687449774605557,0.7520842202675544,8,5,frame,164351,6,16,warpmpm,"no, prescribed SDF collider",no FORD or NO-FORD verdict is reportable
M2s1_g96_vc8.9000_vw0.5000_r1,M2s1,surface,"settled 20-cell surface at n_grid=96, resolution check",yaris_coarse_v1l_watertight,vehicle_rest,settled_f250_400,400,250,1,96,0.0981431491013306,0.3,3.056759465607291,8.9,0.5,8.914033879226622,-86.78451600825179,16505.33416413253,4827.452616882324,-15783.591387939454,34258.82071533203,"torque is about the collider centre, not the CG; not carried in this table",7540.573883056641,4468.62177,1.6874495697264262,0.8425646311475261,8,7,frame,164351,6,16,warpmpm,"no, prescribed SDF collider",no FORD or NO-FORD verdict is reportable
M2s1_g96_vc8.9000_vw1.0000_r1,M2s1,surface,"settled 20-cell surface at n_grid=96, resolution check",yaris_coarse_v1l_watertight,vehicle_rest,settled_f250_400,400,250,1,96,0.0981431491013306,0.3,3.056759465607291,8.9,1.0,8.95600357302296,-83.58915997976756,19160.575777950493,6322.371713256836,-18087.434313964844,33253.7236328125,"torque is about the collider centre, not the CG; not carried in this table",7540.571044921875,4468.62177,1.687448934601121,0.811960831379269,8,7,frame,164351,6,16,warpmpm,"no, prescribed SDF collider",no FORD or NO-FORD verdict is reportable
M2s1_g96_vc8.9000_vw2.0000_r1,M2s1,surface,"settled 20-cell surface at n_grid=96, resolution check",yaris_coarse_v1l_watertight,vehicle_rest,settled_f250_400,400,250,1,96,0.0981431491013306,0.3,3.056759465607291,8.9,2.0,9.121951545584968,-77.33493623495764,25622.83220005536,11691.139666748048,-22800.14875488281,28747.91472167969,"torque is about the collider centre, not the CG; not carried in this table",7540.573516845703,4468.62177,1.6874494877747739,0.7993552707992571,8,7,frame,164351,6,16,warpmpm,"no, prescribed SDF collider",no FORD or NO-FORD verdict is reportable
M2s1_g96_vc8.9000_vw3.0000_r1,M2s1,surface,"settled 20-cell surface at n_grid=96, resolution check",yaris_coarse_v1l_watertight,vehicle_rest,settled_f250_400,400,250,1,96,0.0981431491013306,0.3,3.056759465607291,8.9,3.0,9.392017887546851,-71.37213682354495,28598.46627176771,13622.602648925782,-25145.51590576172,29380.690063476562,"torque is about the collider centre, not the CG; not carried in this table",7540.573883056641,4468.62177,1.6874495697264262,0.7981651876129783,8,7,frame,164351,6,16,warpmpm,"no, prescribed SDF collider",no FORD or NO-FORD verdict is reportable
M3m1.0_g64_vc0.0000_vw1.0000_r1,M3m1.0,arc,"iso-|v_rel| arc at a stated magnitude, nine splits, settled",yaris_coarse_v1l_watertight,vehicle_rest,settled_f250_400,400,250,,64,0.1472147236519959,0.3,2.037839643738194,0.0,1.0,1.0,-0.0,463.4900615538126,463.3355142434438,-11.968224593500297,512.5566032409668,"torque is about the collider centre, not the CG; not carried in this table",9149.197448730469,4468.62177,2.047431606351967,0.97193443775177,4,1,frame,41648,4,12,warpmpm,"no, prescribed SDF collider",no FORD or NO-FORD verdict is reportable
M3m1.0_g64_vc0.1951_vw0.9808_r1,M3m1.0,arc,"iso-|v_rel| arc at a stated magnitude, nine splits, settled",yaris_coarse_v1l_watertight,vehicle_rest,settled_f250_400,400,250,,64,0.1472147236519959,0.3,2.037839643738194,0.19509,0.980785,0.999999662162443,-11.249985038650442,893.5245609593295,759.4338567415873,-470.7933286190033,783.9713177363078,"torque is about the collider centre, not the CG; not carried in this table",9149.203308105469,4468.62177,2.0474329175784036,0.9147351502888047,4,1,frame,41648,4,12,warpmpm,"no, prescribed SDF collider",no FORD or NO-FORD verdict is reportable
M3m1.0_g64_vc0.3827_vw0.9239_r1,M3m1.0,arc,"iso-|v_rel| arc at a stated magnitude, nine splits, settled",yaris_coarse_v1l_watertight,vehicle_rest,settled_f250_400,400,250,,64,0.1472147236519959,0.3,2.037839643738194,0.382683,0.92388,1.0000002664444645,-22.49996686279751,797.9355246131078,720.0498719215393,-343.8448536554972,764.3178734143575,"torque is about the collider centre, not the CG; not carried in this table",9149.2001953125,4468.62177,2.047432220989359,0.9138658195905771,4,1,frame,41648,4,12,warpmpm,"no, prescribed SDF collider",no FORD or NO-FORD verdict is reportable
M3m1.0_g64_vc0.5556_vw0.8315_r1,M3m1.0,arc,"iso-|v_rel| arc at a stated magnitude, nine splits, settled",yaris_coarse_v1l_watertight,vehicle_rest,settled_f250_400,400,250,,64,0.1472147236519959,0.3,2.037839643738194,0.55557,0.83147,1.0000001928999815,-33.74997655790137,626.1928246266493,540.1273978233337,-316.8277887662252,816.2613776842753,"torque is about the collider centre, not the CG; not carried in this table",9149.193969726562,4468.62177,2.04743082781127,0.9247590309142182,4,1,frame,41648,4,12,warpmpm,"no, prescribed SDF collider",no FORD or NO-FORD verdict is reportable
M3m1.0_g64_vc0.7071_vw0.7071_r1,M3m1.0,arc,"iso-|v_rel| arc at a stated magnitude, nine splits, settled",yaris_coarse_v1l_watertight,vehicle_rest,settled_f250_400,400,250,,64,0.1472147236519959,0.3,2.037839643738194,0.707107,0.707107,1.0000003094489522,-45.0,630.0291555227043,411.52886114120486,-477.0542246500651,879.6254179636637,"torque is about the collider centre, not the CG; not carried in this table",9149.199829101562,4468.62177,2.047432139037707,0.9306028014960545,4,1,frame,41648,4,12,warpmpm,"no, prescribed SDF collider",no FORD or NO-FORD verdict is reportable
M3m1.0_g64_vc0.8315_vw0.5556_r1,M3m1.0,arc,"iso-|v_rel| arc at a stated magnitude, nine splits, settled",yaris_coarse_v1l_watertight,vehicle_rest,settled_f250_400,400,250,,64,0.1472147236519959,0.3,2.037839643738194,0.83147,0.55557,1.0000001928999815,-56.25002344209864,823.8114126217905,415.3508296966553,-711.4414465268453,931.9781352361043,"torque is about the collider centre, not the CG; not carried in this table",9149.201477050781,4468.62177,2.047432507820142,0.9106380262970232,4,1,frame,41648,4,12,warpmpm,"no, prescribed SDF collider",no FORD or NO-FORD verdict is reportable
M3m1.0_g64_vc0.9239_vw0.3827_r1,M3m1.0,arc,"iso-|v_rel| arc at a stated magnitude, nine splits, settled",yaris_coarse_v1l_watertight,vehicle_rest,settled_f250_400,400,250,,64,0.1472147236519959,0.3,2.037839643738194,0.92388,0.382683,1.0000002664444645,-67.5000331372025,970.2021034482938,486.98613929748535,-839.1284893671672,1005.9206715901693,"torque is about the collider centre, not the CG; not carried in this table",9149.200012207031,4468.62177,2.0474321800135327,0.9163691638102387,4,1,frame,41648,4,12,warpmpm,"no, prescribed SDF collider",no FORD or NO-FORD verdict is reportable
M3m1.0_g64_vc0.9808_vw0.1951_r1,M3m1.0,arc,"iso-|v_rel| arc at a stated magnitude, nine splits, settled",yaris_coarse_v1l_watertight,vehicle_rest,settled_f250_400,400,250,,64,0.1472147236519959,0.3,2.037839643738194,0.980785,0.19509,0.999999662162443,-78.75001496134956,966.7063072726604,552.8994178136189,-792.9838070869446,926.2629512468974,"torque is about the collider centre, not the CG; not carried in this table",9149.197448730469,4468.62177,2.047431606351967,0.929944184009821,4,1,frame,41648,4,12,warpmpm,"no, prescribed SDF collider",no FORD or NO-FORD verdict is reportable
M3m1.0_g64_vc1.0000_vw0.0000_r1,M3m1.0,arc,"iso-|v_rel| arc at a stated magnitude, nine splits, settled",yaris_coarse_v1l_watertight,vehicle_rest,settled_f250_400,400,250,,64,0.1472147236519959,0.3,2.037839643738194,1.0,0.0,1.0,-90.0,414.7700272156531,-5.009128329437226,-414.7397787888845,1028.1568227767943,"torque is about the collider centre, not the CG; not carried in this table",9149.196350097656,4468.62177,2.04743136049701,1.0104228258132935,4,1,frame,41648,4,12,warpmpm,"no, prescribed SDF collider",no FORD or NO-FORD verdict is reportable
M3m2.0_g64_vc0.0000_vw2.0000_r1,M3m2.0,arc,"iso-|v_rel| arc at a stated magnitude, nine splits, settled",yaris_coarse_v1l_watertight,vehicle_rest,settled_f250_400,400,250,,64,0.1472147236519959,0.3,2.037839643738194,0.0,2.0,2.0,-0.0,909.3351030456024,908.9681052525838,-25.832407252987228,1160.3226175308228,"torque is about the collider centre, not the CG; not carried in this table",9149.202575683594,4468.62177,2.047432753675099,0.8524646162986755,4,1,frame,41648,4,12,warpmpm,"no, prescribed SDF collider",no FORD or NO-FORD verdict is reportable
M3m2.0_g64_vc0.3902_vw1.9616_r1,M3m2.0,arc,"iso-|v_rel| arc at a stated magnitude, nine splits, settled",yaris_coarse_v1l_watertight,vehicle_rest,settled_f250_400,400,250,,64,0.1472147236519959,0.3,2.037839643738194,0.390181,1.961571,2.0000005002004375,-11.250007547156159,1795.1178104169292,1676.5071819941202,-641.6943368911743,1795.2318936665854,"torque is about the collider centre, not the CG; not carried in this table",9149.198181152344,4468.62177,2.0474317702552716,0.7626384905816402,4,1,frame,41648,4,12,warpmpm,"no, prescribed SDF collider",no FORD or NO-FORD verdict is reportable
M3m2.0_g64_vc0.7654_vw1.8478_r1,M3m2.0,arc,"iso-|v_rel| arc at a stated magnitude, nine splits, settled",yaris_coarse_v1l_watertight,vehicle_rest,settled_f250_400,400,250,,64,0.1472147236519959,0.3,2.037839643738194,0.765367,1.847759,1.9999999916925,-22.50000429306048,1898.8841151257295,1742.349033355713,-754.9706806500752,1971.724849573771,"torque is about the collider centre, not the CG; not carried in this table",9149.20166015625,4468.62177,2.047432548795968,0.7587953234493974,4,1,frame,41648,4,12,warpmpm,"no, prescribed SDF collider",no FORD or NO-FORD verdict is reportable
M3m2.0_g64_vc1.1111_vw1.6629_r1,M3m2.0,arc,"iso-|v_rel| arc at a stated magnitude, nine splits, settled",yaris_coarse_v1l_watertight,vehicle_rest,settled_f250_400,400,250,,64,0.1472147236519959,0.3,2.037839643738194,1.11114,1.662939,1.9999995543302003,-33.74999247380996,1676.9004085365914,1440.0533440272013,-859.2097220738729,2316.0251377105715,"torque is about the collider centre, not the CG; not carried in this table",9149.200927734375,4468.62177,2.0474323848926637,0.7626294845259568,4,1,frame,41648,4,12,warpmpm,"no, prescribed SDF collider",no FORD or NO-FORD verdict is reportable
M3m2.0_g64_vc1.4142_vw1.4142_r1,M3m2.0,arc,"iso-|v_rel| arc at a stated magnitude, nine splits, settled",yaris_coarse_v1l_watertight,vehicle_rest,settled_f250_400,400,250,,64,0.1472147236519959,0.3,2.037839643738194,1.414214,1.414214,2.0000006188979045,-45.0,1279.297985126351,876.9287991523743,-931.4500609079997,2184.587924830119,"torque is about the collider centre, not the CG; not carried in this table",9149.199462890625,4468.62177,2.0474320570860542,0.7967128419211796,4,1,frame,41648,4,12,warpmpm,"no, prescribed SDF collider",no FORD or NO-FORD verdict is reportable
M3m2.0_g64_vc1.6629_vw1.1111_r1,M3m2.0,arc,"iso-|v_rel| arc at a stated magnitude, nine splits, settled",yaris_coarse_v1l_watertight,vehicle_rest,settled_f250_400,400,250,,64,0.1472147236519959,0.3,2.037839643738194,1.662939,1.11114,1.9999995543302003,-56.25000752619004,2007.9732792511186,1013.7985936164856,-1733.2539057413737,2678.5682394663495,"torque is about the collider centre, not the CG; not carried in this table",9149.197265625,4468.62177,2.0474315653761406,0.7329665115074926,4,1,frame,41648,4,12,warpmpm,"no, prescribed SDF collider",no FORD or NO-FORD verdict is reportable
M3m2.0_g64_vc1.8478_vw0.7654_r1,M3m2.0,arc,"iso-|v_rel| arc at a stated magnitude, nine splits, settled",yaris_coarse_v1l_watertight,vehicle_rest,settled_f250_400,400,250,,64,0.1472147236519959,0.3,2.037839643738194,1.847759,0.765367,1.9999999916925,-67.49999570693952,2208.24942190954,1039.8847472508749,-1948.077314122518,2758.8224662780763,"torque is about the collider centre, not the CG; not carried in this table",9149.201110839844,4468.62177,2.0474324258684895,0.7446059205747831,4,1,frame,41648,4,12,warpmpm,"no, prescribed SDF collider",no FORD or NO-FORD verdict is reportable
M3m2.0_g64_vc1.9616_vw0.3902_r1,M3m2.0,arc,"iso-|v_rel| arc at a stated magnitude, nine splits, settled",yaris_coarse_v1l_watertight,vehicle_rest,settled_f250_400,400,250,,64,0.1472147236519959,0.3,2.037839643738194,1.961571,0.390181,2.0000005002004375,-78.74999245284384,1959.7545206214863,921.3972428003947,-1729.6429984410604,2419.270192845662,"torque is about the collider centre, not the CG; not carried in this table",9149.202392578125,4468.62177,2.0474327126992726,0.7695562297649708,4,1,frame,41648,4,12,warpmpm,"no, prescribed SDF collider",no FORD or NO-FORD verdict is reportable
M3m2.0_g64_vc2.0000_vw0.0000_r1,M3m2.0,arc,"iso-|v_rel| arc at a stated magnitude, nine splits, settled",yaris_coarse_v1l_watertight,vehicle_rest,settled_f250_400,400,250,,64,0.1472147236519959,0.3,2.037839643738194,2.0,0.0,2.0,-90.0,652.2009129251456,-7.871185381400088,-652.1534138997396,1475.2113459904988,"torque is about the collider centre, not the CG; not carried in this table",9149.198913574219,4468.62177,2.047431934158576,0.8888685703277588,4,1,frame,41648,4,12,warpmpm,"no, prescribed SDF collider",no FORD or NO-FORD verdict is reportable
M3m3.0_g64_vc0.0000_vw3.0000_r1,M3m3.0,arc,"iso-|v_rel| arc at a stated magnitude, nine splits, settled",yaris_coarse_v1l_watertight,vehicle_rest,settled_f250_400,400,250,,64,0.1472147236519959,0.3,2.037839643738194,0.0,3.0,3.0,-0.0,1882.3085809981123,1881.6324588775635,-50.44684130350749,2391.2456356048583,"torque is about the collider centre, not the CG; not carried in this table",9149.201477050781,4468.62177,2.047432507820142,0.8324256738026937,4,2,frame,41648,4,12,warpmpm,"no, prescribed SDF collider",no FORD or NO-FORD verdict is reportable
M3m3.0_g64_vc0.5853_vw2.9424_r1,M3m3.0,arc,"iso-|v_rel| arc at a stated magnitude, nine splits, settled",yaris_coarse_v1l_watertight,vehicle_rest,settled_f250_400,400,250,,64,0.1472147236519959,0.3,2.037839643738194,0.585271,2.942356,3.000000162362829,-11.250000044323858,3580.2753327546484,3382.5644587198894,-1173.2984023412068,3430.081495666504,"torque is about the collider centre, not the CG; not carried in this table",9149.195251464844,4468.62177,2.047431114642053,0.6951205696399062,4,2,frame,41648,4,12,warpmpm,"no, prescribed SDF collider",no FORD or NO-FORD verdict is reportable
M3m3.0_g64_vc1.1481_vw2.7716_r1,M3m3.0,arc,"iso-|v_rel| arc at a stated magnitude, nine splits, settled",yaris_coarse_v1l_watertight,vehicle_rest,settled_f250_400,400,250,,64,0.1472147236519959,0.3,2.037839643738194,1.14805,2.771639,3.000000258136822,-22.499991816303908,4219.495761729206,3843.728610229492,-1740.6593159357706,4069.161796061198,"torque is about the collider centre, not the CG; not carried in this table",9149.203125,4468.62177,2.0474328766025773,0.6882244365996107,4,2,frame,41648,4,12,warpmpm,"no, prescribed SDF collider",no FORD or NO-FORD verdict is reportable
M3m3.0_g64_vc1.6667_vw2.4944_r1,M3m3.0,arc,"iso-|v_rel| arc at a stated magnitude, nine splits, settled",yaris_coarse_v1l_watertight,vehicle_rest,settled_f250_400,400,250,,64,0.1472147236519959,0.3,2.037839643738194,1.666711,2.494409,3.000000302800318,-33.75000304840626,3518.647029672192,3054.750429534912,-1746.2464696248373,4205.305829874675,"torque is about the collider centre, not the CG; not carried in this table",9149.203308105469,4468.62177,2.0474329175784036,0.7157855956098731,4,2,frame,41648,4,12,warpmpm,"no, prescribed SDF collider",no FORD or NO-FORD verdict is reportable
M3m3.0_g64_vc2.1213_vw2.1213_r1,M3m3.0,arc,"iso-|v_rel| arc at a stated magnitude, nine splits, settled",yaris_coarse_v1l_watertight,vehicle_rest,settled_f250_400,400,250,,64,0.1472147236519959,0.3,2.037839643738194,2.12132,2.12132,2.9999995141332936,-45.0,2170.194803639753,1514.268481572469,-1554.5856204986571,3579.1024232228597,"torque is about the collider centre, not the CG; not carried in this table",9149.2001953125,4468.62177,2.047432220989359,0.7627760919137148,4,1,frame,41648,4,12,warpmpm,"no, prescribed SDF collider",no FORD or NO-FORD verdict is reportable
M3m3.0_g64_vc2.4944_vw1.6667_r1,M3m3.0,arc,"iso-|v_rel| arc at a stated magnitude, nine splits, settled",yaris_coarse_v1l_watertight,vehicle_rest,settled_f250_400,400,250,,64,0.1472147236519959,0.3,2.037839643738194,2.494409,1.666711,3.000000302800318,-56.249996951593744,4036.1630362393,2077.689233525594,-3460.3207227071125,5450.293470255534,"torque is about the collider centre, not the CG; not carried in this table",9149.198181152344,4468.62177,2.0474317702552716,0.6946372736336318,4,2,frame,41648,4,12,warpmpm,"no, prescribed SDF collider",no FORD or NO-FORD verdict is reportable
M3m3.0_g64_vc2.7716_vw1.1481_r1,M3m3.0,arc,"iso-|v_rel| arc at a stated magnitude, nine splits, settled",yaris_coarse_v1l_watertight,vehicle_rest,settled_f250_400,400,250,,64,0.1472147236519959,0.3,2.037839643738194,2.771639,1.14805,3.000000258136822,-67.5000081836961,4262.01839612195,2092.305262247721,-3713.0929827372233,5552.195206451416,"torque is about the collider centre, not the CG; not carried in this table",9149.202575683594,4468.62177,2.047432753675099,0.7031481041429553,4,2,frame,41648,4,12,warpmpm,"no, prescribed SDF collider",no FORD or NO-FORD verdict is reportable
M3m3.0_g64_vc2.9424_vw0.5853_r1,M3m3.0,arc,"iso-|v_rel| arc at a stated magnitude, nine splits, settled",yaris_coarse_v1l_watertight,vehicle_rest,settled_f250_400,400,250,,64,0.1472147236519959,0.3,2.037839643738194,2.942356,0.585271,3.000000162362829,-78.74999995567615,3516.0977136036445,1601.9031297047934,-3129.9919320424397,4544.356511688233,"torque is about the collider centre, not the CG; not carried in this table",9149.197265625,4468.62177,2.0474315653761406,0.7215981196444713,4,2,frame,41648,4,12,warpmpm,"no, prescribed SDF collider",no FORD or NO-FORD verdict is reportable
M3m3.0_g64_vc3.0000_vw0.0000_r1,M3m3.0,arc,"iso-|v_rel| arc at a stated magnitude, nine splits, settled",yaris_coarse_v1l_watertight,vehicle_rest,settled_f250_400,400,250,,64,0.1472147236519959,0.3,2.037839643738194,3.0,0.0,3.0,-90.0,923.7392945411996,-11.037041996452414,-923.6733556747437,1816.1467124303183,"torque is about the collider centre, not the CG; not carried in this table",9149.200561523438,4468.62177,2.047432302941011,0.8787615299224854,4,2,frame,41648,4,12,warpmpm,"no, prescribed SDF collider",no FORD or NO-FORD verdict is reportable
M3m4.5_g64_vc0.0000_vw4.5000_r1,M3m4.5,arc,"iso-|v_rel| arc at a stated magnitude, nine splits, settled",yaris_coarse_v1l_watertight,vehicle_rest,settled_f250_400,400,250,,64,0.1472147236519959,0.3,2.037839643738194,0.0,4.5,4.5,-0.0,3801.775862829817,3801.300753148397,-60.102373570700486,6162.206601969401,"torque is about the collider centre, not the CG; not carried in this table",9149.197814941406,4468.62177,2.047431688303619,0.850862185160319,4,3,frame,41648,4,12,warpmpm,"no, prescribed SDF collider",no FORD or NO-FORD verdict is reportable
M3m4.5_g64_vc0.8779_vw4.4135_r1,M3m4.5,arc,"iso-|v_rel| arc at a stated magnitude, nine splits, settled",yaris_coarse_v1l_watertight,vehicle_rest,settled_f250_400,400,250,,64,0.1472147236519959,0.3,2.037839643738194,0.877906,4.413534,4.500000145999109,-11.249993800451042,8552.3862218347,8232.666473388672,-2316.5735095977784,9020.854602559408,"torque is about the collider centre, not the CG; not carried in this table",9149.197082519531,4468.62177,2.0474315244003147,0.6879489247807697,4,2,frame,41648,4,12,warpmpm,"no, prescribed SDF collider",no FORD or NO-FORD verdict is reportable
M3m4.5_g64_vc1.7221_vw4.1575_r1,M3m4.5,arc,"iso-|v_rel| arc at a stated magnitude, nine splits, settled",yaris_coarse_v1l_watertight,vehicle_rest,settled_f250_400,400,250,,64,0.1472147236519959,0.3,2.037839643738194,1.722075,4.157458,4.499999925265444,-22.499994252541505,8749.601984641207,7924.917286682129,-3708.263864517212,9259.547972615559,"torque is about the collider centre, not the CG; not carried in this table",9149.201477050781,4468.62177,2.047432507820142,0.6767356815091149,4,2,frame,41648,4,12,warpmpm,"no, prescribed SDF collider",no FORD or NO-FORD verdict is reportable
M3m4.5_g64_vc2.5001_vw3.7416_r1,M3m4.5,arc,"iso-|v_rel| arc at a stated magnitude, nine splits, settled",yaris_coarse_v1l_watertight,vehicle_rest,settled_f250_400,400,250,,64,0.1472147236519959,0.3,2.037839643738194,2.500066,3.741613,4.499999760680549,-33.75000129197664,7886.11391393825,6801.223322041829,-3991.760762786865,9349.06079152425,"torque is about the collider centre, not the CG; not carried in this table",9149.198913574219,4468.62177,2.047431934158576,0.7377652333726641,4,2,frame,41648,4,12,warpmpm,"no, prescribed SDF collider",no FORD or NO-FORD verdict is reportable
M3m4.5_g64_vc3.1820_vw3.1820_r1,M3m4.5,arc,"iso-|v_rel| arc at a stated magnitude, nine splits, settled",yaris_coarse_v1l_watertight,vehicle_rest,settled_f250_400,400,250,,64,0.1472147236519959,0.3,2.037839643738194,3.181981,3.181981,4.500000685413503,-45.0,4304.7509697711885,3035.805514653524,-3052.010122680664,6963.853917185465,"torque is about the collider centre, not the CG; not carried in this table",9149.200012207031,4468.62177,2.0474321800135327,0.7941757178526426,4,2,frame,41648,4,12,warpmpm,"no, prescribed SDF collider",no FORD or NO-FORD verdict is reportable
M3m4.5_g64_vc3.7416_vw2.5001_r1,M3m4.5,arc,"iso-|v_rel| arc at a stated magnitude, nine splits, settled",yaris_coarse_v1l_watertight,vehicle_rest,settled_f250_400,400,250,,64,0.1472147236519959,0.3,2.037839643738194,3.741613,2.500066,4.499999760680549,-56.24999870802337,8519.87496271337,4385.500796763102,-7304.495337931315,11441.952090454102,"torque is about the collider centre, not the CG; not carried in this table",9149.193603515625,4468.62177,2.047430745859618,0.7090695843996386,4,2,frame,41648,4,12,warpmpm,"no, prescribed SDF collider",no FORD or NO-FORD verdict is reportable
M3m4.5_g64_vc4.1575_vw1.7221_r1,M3m4.5,arc,"iso-|v_rel| arc at a stated magnitude, nine splits, settled",yaris_coarse_v1l_watertight,vehicle_rest,settled_f250_400,400,250,,64,0.1472147236519959,0.3,2.037839643738194,4.157458,1.722075,4.499999925265444,-67.5000057474585,8527.764295378733,3934.3231506347656,-7565.967566935221,12291.675341288248,"torque is about the collider centre, not the CG; not carried in this table",9149.193969726562,4468.62177,2.04743082781127,0.7245810330991088,4,2,frame,41648,4,12,warpmpm,"no, prescribed SDF collider",no FORD or NO-FORD verdict is reportable
M3m4.5_g64_vc4.4135_vw0.8779_r1,M3m4.5,arc,"iso-|v_rel| arc at a stated magnitude, nine splits, settled",yaris_coarse_v1l_watertight,vehicle_rest,settled_f250_400,400,250,,64,0.1472147236519959,0.3,2.037839643738194,4.413534,0.877906,4.500000145999109,-78.75000619954896,6787.978622261527,2891.1680989583333,-6141.481970977783,9094.907483418783,"torque is about the collider centre, not the CG; not carried in this table",9149.197998046875,4468.62177,2.0474317292794453,0.7449192412443993,4,2,frame,41648,4,12,warpmpm,"no, prescribed SDF collider",no FORD or NO-FORD verdict is reportable
M3m4.5_g64_vc4.5000_vw0.0000_r1,M3m4.5,arc,"iso-|v_rel| arc at a stated magnitude, nine splits, settled",yaris_coarse_v1l_watertight,vehicle_rest,settled_f250_400,400,250,,64,0.1472147236519959,0.3,2.037839643738194,4.5,0.0,4.5,-90.0,1457.2439598132664,-18.9386784469476,-1457.1208889007569,3211.021365737915,"torque is about the collider centre, not the CG; not carried in this table",9149.194152832031,4468.62177,2.0474308687870963,0.9214932123819987,4,3,frame,41648,4,12,warpmpm,"no, prescribed SDF collider",no FORD or NO-FORD verdict is reportable
M3m6.0_g64_vc0.0000_vw6.0000_r1,M3m6.0,arc,"iso-|v_rel| arc at a stated magnitude, nine splits, settled",yaris_coarse_v1l_watertight,vehicle_rest,settled_f250_400,400,250,,64,0.1472147236519959,0.3,2.037839643738194,0.0,6.0,6.0,-0.0,5786.039694587019,5785.65587793986,-66.6438999203189,8962.46261138916,"torque is about the collider centre, not the CG; not carried in this table",9149.198913574219,4468.62177,2.047431934158576,0.8686157862345377,4,3,frame,41648,4,12,warpmpm,"no, prescribed SDF collider",no FORD or NO-FORD verdict is reportable
M3m6.0_g64_vc1.1705_vw5.8847_r1,M3m6.0,arc,"iso-|v_rel| arc at a stated magnitude, nine splits, settled",yaris_coarse_v1l_watertight,vehicle_rest,settled_f250_400,400,250,,64,0.1472147236519959,0.3,2.037839643738194,1.170542,5.884712,6.000000324725658,-11.250000044323858,15481.547469579198,15008.758766682942,-3796.7713041941324,16621.9998626709,"torque is about the collider centre, not the CG; not carried in this table",9149.203857421875,4468.62177,2.047433040505882,0.6635213935340112,4,3,frame,41648,4,12,warpmpm,"no, prescribed SDF collider",no FORD or NO-FORD verdict is reportable
M3m6.0_g64_vc2.2961_vw5.5433_r1,M3m6.0,arc,"iso-|v_rel| arc at a stated magnitude, nine splits, settled",yaris_coarse_v1l_watertight,vehicle_rest,settled_f250_400,400,250,,64,0.1472147236519959,0.3,2.037839643738194,2.296101,5.543277,5.9999999750774995,-22.500004293060485,16179.422258158296,14906.681941223145,-6290.034825897217,16760.249264526366,"torque is about the collider centre, not the CG; not carried in this table",9149.199462890625,4468.62177,2.0474320570860542,0.6712219930760597,4,3,frame,41648,4,12,warpmpm,"no, prescribed SDF collider",no FORD or NO-FORD verdict is reportable
M3m6.0_g64_vc3.3334_vw4.9888_r1,M3m6.0,arc,"iso-|v_rel| arc at a stated magnitude, nine splits, settled",yaris_coarse_v1l_watertight,vehicle_rest,settled_f250_400,400,250,,64,0.1472147236519959,0.3,2.037839643738194,3.333421,4.988818,6.000000050030416,-33.74999510845668,13769.985958722065,12041.461154174805,-6679.500473531088,14795.337254333495,"torque is about the collider centre, not the CG; not carried in this table",9149.199829101562,4468.62177,2.047432139037707,0.7404638941800927,4,3,frame,41648,4,12,warpmpm,"no, prescribed SDF collider",no FORD or NO-FORD verdict is reportable
M3m6.0_g64_vc4.2426_vw4.2426_r1,M3m6.0,arc,"iso-|v_rel| arc at a stated magnitude, nine splits, settled",yaris_coarse_v1l_watertight,vehicle_rest,settled_f250_400,400,250,,64,0.1472147236519959,0.3,2.037839643738194,4.242641,4.242641,6.00000044248015,-45.0,6606.242885210659,4802.864487202963,-4535.960513051351,10267.369502258302,"torque is about the collider centre, not the CG; not carried in this table",9149.200927734375,4468.62177,2.0474323848926637,0.8440131979961727,4,2,frame,41648,4,12,warpmpm,"no, prescribed SDF collider",no FORD or NO-FORD verdict is reportable
M3m6.0_g64_vc4.9888_vw3.3334_r1,M3m6.0,arc,"iso-|v_rel| arc at a stated magnitude, nine splits, settled",yaris_coarse_v1l_watertight,vehicle_rest,settled_f250_400,400,250,,64,0.1472147236519959,0.3,2.037839643738194,4.988818,3.333421,6.000000050030416,-56.25000489154333,14093.207855441691,7371.240012105306,-12011.79954630534,17630.46649983724,"torque is about the collider centre, not the CG; not carried in this table",9149.201293945312,4468.62177,2.047432466844316,0.73467953212812,4,3,frame,41648,4,12,warpmpm,"no, prescribed SDF collider",no FORD or NO-FORD verdict is reportable
M3m6.0_g64_vc5.5433_vw2.2961_r1,M3m6.0,arc,"iso-|v_rel| arc at a stated magnitude, nine splits, settled",yaris_coarse_v1l_watertight,vehicle_rest,settled_f250_400,400,250,,64,0.1472147236519959,0.3,2.037839643738194,5.543277,2.296101,5.9999999750774995,-67.49999570693952,14610.778653512298,6977.904373931885,-12836.810484313964,19707.658488972982,"torque is about the collider centre, not the CG; not carried in this table",9149.198181152344,4468.62177,2.0474317702552716,0.7269816479707649,4,3,frame,41648,4,12,warpmpm,"no, prescribed SDF collider",no FORD or NO-FORD verdict is reportable
M3m6.0_g64_vc5.8847_vw1.1705_r1,M3m6.0,arc,"iso-|v_rel| arc at a stated magnitude, nine splits, settled",yaris_coarse_v1l_watertight,vehicle_rest,settled_f250_400,400,250,,64,0.1472147236519959,0.3,2.037839643738194,5.884712,1.170542,6.000000324725658,-78.74999995567615,11674.476813598572,5079.815450286866,-10511.369266764323,14587.16413421631,"torque is about the collider centre, not the CG; not carried in this table",9149.195617675781,4468.62177,2.0474311965937053,0.7605216655416267,4,3,frame,41648,4,12,warpmpm,"no, prescribed SDF collider",no FORD or NO-FORD verdict is reportable
M3m6.0_g64_vc6.0000_vw0.0000_r1,M3m6.0,arc,"iso-|v_rel| arc at a stated magnitude, nine splits, settled",yaris_coarse_v1l_watertight,vehicle_rest,settled_f250_400,400,250,,64,0.1472147236519959,0.3,2.037839643738194,6.0,0.0,6.0,-90.0,1928.3509784642301,-33.82020072005689,-1928.0543794631958,4142.07479095459,"torque is about the collider centre, not the CG; not carried in this table",9149.194152832031,4468.62177,2.0474308687870963,0.9518497784932455,4,3,frame,41648,4,12,warpmpm,"no, prescribed SDF collider",no FORD or NO-FORD verdict is reportable
M4c0s0_g64_vc0.0000_vw0.0000_r1,M4c0s0,cell,"single surface cell repeated over five seeds, settled",yaris_coarse_v1l_watertight,vehicle_rest,settled_f250_400,400,250,0,64,0.1472147236519959,0.3,2.037839643738194,0.0,0.0,0.0,0.0,0.5727271177137722,-0.512459735609203,-0.25573691705358215,1244.2076051076253,"torque is about the collider centre, not the CG; not carried in this table",9149.196350097656,4468.62177,2.04743136049701,0.0,4,1,frame,41648,4,12,warpmpm,"no, prescribed SDF collider",no FORD or NO-FORD verdict is reportable
M4c0s1_g64_vc0.0000_vw0.0000_r1,M4c0s1,cell,"single surface cell repeated over five seeds, settled",yaris_coarse_v1l_watertight,vehicle_rest,settled_f250_400,400,250,1,64,0.1472147236519959,0.3,2.037839643738194,0.0,0.0,0.0,0.0,1.5940916379216343,0.43495768226518217,-1.5336035878707965,1257.5809361775716,"torque is about the collider centre, not the CG; not carried in this table",9162.162048339844,4468.62177,2.0503328587462537,0.0,4,1,frame,41649,4,12,warpmpm,"no, prescribed SDF collider",no FORD or NO-FORD verdict is reportable
M4c0s2_g64_vc0.0000_vw0.0000_r1,M4c0s2,cell,"single surface cell repeated over five seeds, settled",yaris_coarse_v1l_watertight,vehicle_rest,settled_f250_400,400,250,2,64,0.1472147236519959,0.3,2.037839643738194,0.0,0.0,0.0,0.0,1.6989262012236128,0.3963882535327381,-1.6520371029929568,1241.9629159291585,"torque is about the collider centre, not the CG; not carried in this table",9147.751098632812,4468.62177,2.0471079383012567,0.0,4,1,frame,41648,4,12,warpmpm,"no, prescribed SDF collider",no FORD or NO-FORD verdict is reportable
M4c0s3_g64_vc0.0000_vw0.0000_r1,M4c0s3,cell,"single surface cell repeated over five seeds, settled",yaris_coarse_v1l_watertight,vehicle_rest,settled_f250_400,400,250,3,64,0.1472147236519959,0.3,2.037839643738194,0.0,0.0,0.0,0.0,2.1887401673014018,-0.9937958645469431,-1.9501162271946668,1238.0412866592408,"torque is about the collider centre, not the CG; not carried in this table",9147.142639160156,4468.62177,2.046971775630981,0.0,4,1,frame,41643,4,12,warpmpm,"no, prescribed SDF collider",no FORD or NO-FORD verdict is reportable
M4c0s4_g64_vc0.0000_vw0.0000_r1,M4c0s4,cell,"single surface cell repeated over five seeds, settled",yaris_coarse_v1l_watertight,vehicle_rest,settled_f250_400,400,250,4,64,0.1472147236519959,0.3,2.037839643738194,0.0,0.0,0.0,0.0,1.677163018024208,-0.6383323716251955,-1.550937642964224,1255.5561359405517,"torque is about the collider centre, not the CG; not carried in this table",9141.546752929688,4468.62177,2.0457195134081996,0.0,4,1,frame,41636,4,12,warpmpm,"no, prescribed SDF collider",no FORD or NO-FORD verdict is reportable
M4c1s0_g64_vc2.2000_vw0.0000_r1,M4c1s0,cell,"single surface cell repeated over five seeds, settled",yaris_coarse_v1l_watertight,vehicle_rest,settled_f250_400,400,250,0,64,0.1472147236519959,0.3,2.037839643738194,2.2,0.0,2.2,-90.0,694.2303362183202,-8.496359850342076,-694.1783427874248,1489.573866780599,"torque is about the collider centre, not the CG; not carried in this table",9149.197814941406,4468.62177,2.047431688303619,0.8806110512126576,4,1,frame,41648,4,12,warpmpm,"no, prescribed SDF collider",no FORD or NO-FORD verdict is reportable
M4c1s1_g64_vc2.2000_vw0.0000_r1,M4c1s1,cell,"single surface cell repeated over five seeds, settled",yaris_coarse_v1l_watertight,vehicle_rest,settled_f250_400,400,250,1,64,0.1472147236519959,0.3,2.037839643738194,2.2,0.0,2.2,-90.0,692.4861809074642,-7.9257743464394785,-692.4408226331075,1493.144190152486,"torque is about the collider centre, not the CG; not carried in this table",9162.15966796875,4468.62177,2.0503323260605137,0.8804251930930398,4,1,frame,41649,4,12,warpmpm,"no, prescribed SDF collider",no FORD or NO-FORD verdict is reportable
M4c1s2_g64_vc2.2000_vw0.0000_r1,M4c1s2,cell,"single surface cell repeated over five seeds, settled",yaris_coarse_v1l_watertight,vehicle_rest,settled_f250_400,400,250,2,64,0.1472147236519959,0.3,2.037839643738194,2.2,0.0,2.2,-90.0,692.3031046585452,-6.824756019725465,-692.2694644610087,1487.11277217865,"torque is about the collider centre, not the CG; not carried in this table",9147.754028320312,4468.62177,2.047108593914475,0.8808849074623801,4,1,frame,41648,4,12,warpmpm,"no, prescribed SDF collider",no FORD or NO-FORD verdict is reportable
M4c1s3_g64_vc2.2000_vw0.0000_r1,M4c1s3,cell,"single surface cell repeated over five seeds, settled",yaris_coarse_v1l_watertight,vehicle_rest,settled_f250_400,400,250,3,64,0.1472147236519959,0.3,2.037839643738194,2.2,0.0,2.2,-90.0,691.0206689419772,-6.440959979516143,-690.990650399526,1478.1343098958334,"torque is about the collider centre, not the CG; not carried in this table",9147.140991210938,4468.62177,2.0469714068485456,0.8812139251015403,4,1,frame,41643,4,12,warpmpm,"no, prescribed SDF collider",no FORD or NO-FORD verdict is reportable
M4c1s4_g64_vc2.2000_vw0.0000_r1,M4c1s4,cell,"single surface cell repeated over five seeds, settled",yaris_coarse_v1l_watertight,vehicle_rest,settled_f250_400,400,250,4,64,0.1472147236519959,0.3,2.037839643738194,2.2,0.0,2.2,-90.0,691.9814322637411,-9.208477004803717,-691.9201590855916,1477.236088180542,"torque is about the collider centre, not the CG; not carried in this table",9141.548217773438,4468.62177,2.045719841214809,0.8799626610495827,4,1,frame,41636,4,12,warpmpm,"no, prescribed SDF collider",no FORD or NO-FORD verdict is reportable
M4c2s0_g64_vc4.5000_vw0.0000_r1,M4c2s0,cell,"single surface cell repeated over five seeds, settled",yaris_coarse_v1l_watertight,vehicle_rest,settled_f250_400,400,250,0,64,0.1472147236519959,0.3,2.037839643738194,4.5,0.0,4.5,-90.0,1458.2593366757262,-19.183488783659413,-1458.1331512451172,3209.0169784545897,"torque is about the collider centre, not the CG; not carried in this table",9149.198547363281,4468.62177,2.0474318522069237,0.921381950378418,4,3,frame,41648,4,12,warpmpm,"no, prescribed SDF collider",no FORD or NO-FORD verdict is reportable
M4c2s1_g64_vc4.5000_vw0.0000_r1,M4c2s1,cell,"single surface cell repeated over five seeds, settled",yaris_coarse_v1l_watertight,vehicle_rest,settled_f250_400,400,250,1,64,0.1472147236519959,0.3,2.037839643738194,4.5,0.0,4.5,-90.0,1464.2183498211543,-16.819792307858975,-1464.1217403411865,3246.7012659708657,"torque is about the collider centre, not the CG; not carried in this table",9162.16259765625,4468.62177,2.050332981673732,0.9214253955417209,4,3,frame,41649,4,12,warpmpm,"no, prescribed SDF collider",no FORD or NO-FORD verdict is reportable
M4c2s2_g64_vc4.5000_vw0.0000_r1,M4c2s2,cell,"single surface cell repeated over five seeds, settled",yaris_coarse_v1l_watertight,vehicle_rest,settled_f250_400,400,250,2,64,0.1472147236519959,0.3,2.037839643738194,4.5,0.0,4.5,-90.0,1467.996771784197,-18.60722812747117,-1467.8788414001465,3214.128364435832,"torque is about the collider centre, not the CG; not carried in this table",9147.752014160156,4468.62177,2.0471081431803877,0.9203610950046115,4,3,frame,41648,4,12,warpmpm,"no, prescribed SDF collider",no FORD or NO-FORD verdict is reportable
M4c2s3_g64_vc4.5000_vw0.0000_r1,M4c2s3,cell,"single surface cell repeated over five seeds, settled",yaris_coarse_v1l_watertight,vehicle_rest,settled_f250_400,400,250,3,64,0.1472147236519959,0.3,2.037839643738194,4.5,0.0,4.5,-90.0,1464.6321046272121,-20.91125475204705,-1464.4828170140584,3226.4498143513997,"torque is about the collider centre, not the CG; not carried in this table",9147.147399902344,4468.62177,2.046972841002461,0.9211637708875868,4,3,frame,41643,4,12,warpmpm,"no, prescribed SDF collider",no FORD or NO-FORD verdict is reportable
M4c2s4_g64_vc4.5000_vw0.0000_r1,M4c2s4,cell,"single surface cell repeated over five seeds, settled",yaris_coarse_v1l_watertight,vehicle_rest,settled_f250_400,400,250,4,64,0.1472147236519959,0.3,2.037839643738194,4.5,0.0,4.5,-90.0,1468.449446812774,-15.9219426886489,-1468.363125928243,3236.9828243255615,"torque is about the collider centre, not the CG; not carried in this table",9141.5537109375,4468.62177,2.045721070489593,0.9207580354478624,4,3,frame,41636,4,12,warpmpm,"no, prescribed SDF collider",no FORD or NO-FORD verdict is reportable
M4c3s0_g64_vc6.7000_vw0.0000_r1,M4c3s0,cell,"single surface cell repeated over five seeds, settled",yaris_coarse_v1l_watertight,vehicle_rest,settled_f250_400,400,250,0,64,0.1472147236519959,0.3,2.037839643738194,6.7,0.0,6.7,-90.0,2116.3792541426924,-34.65000810787703,-2116.0955848693848,4480.319903818766,"torque is about the collider centre, not the CG; not carried in this table",9149.204223632812,4468.62177,2.047433122457534,0.9631215992258557,4,4,frame,41648,4,12,warpmpm,"no, prescribed SDF collider",no FORD or NO-FORD verdict is reportable
M4c3s1_g64_vc6.7000_vw0.0000_r1,M4c3s1,cell,"single surface cell repeated over five seeds, settled",yaris_coarse_v1l_watertight,vehicle_rest,settled_f250_400,400,250,1,64,0.1472147236519959,0.3,2.037839643738194,6.7,0.0,6.7,-90.0,2108.353958440663,-30.71095375219981,-2108.1302738189697,4475.023426310221,"torque is about the collider centre, not the CG; not carried in this table",9162.160949707031,4468.62177,2.050332612891297,0.9628685908531076,4,4,frame,41649,4,12,warpmpm,"no, prescribed SDF collider",no FORD or NO-FORD verdict is reportable
M4c3s2_g64_vc6.7000_vw0.0000_r1,M4c3s2,cell,"single surface cell repeated over five seeds, settled",yaris_coarse_v1l_watertight,vehicle_rest,settled_f250_400,400,250,2,64,0.1472147236519959,0.3,2.037839643738194,6.7,0.0,6.7,-90.0,2109.629257571774,-30.649283180727313,-2109.4066051483155,4436.216278076172,"torque is about the collider centre, not the CG; not carried in this table",9147.7529296875,4468.62177,2.0471083480595182,0.9625503910121633,4,4,frame,41648,4,12,warpmpm,"no, prescribed SDF collider",no FORD or NO-FORD verdict is reportable
M4c3s3_g64_vc6.7000_vw0.0000_r1,M4c3s3,cell,"single surface cell repeated over five seeds, settled",yaris_coarse_v1l_watertight,vehicle_rest,settled_f250_400,400,250,3,64,0.1472147236519959,0.3,2.037839643738194,6.7,0.0,6.7,-90.0,2114.2718436689524,-34.69295760563885,-2113.9871871948244,4488.860700988769,"torque is about the collider centre, not the CG; not carried in this table",9147.146484375,4468.62177,2.04697263612333,0.9623524680066464,4,4,frame,41643,4,12,warpmpm,"no, prescribed SDF collider",no FORD or NO-FORD verdict is reportable
M4c3s4_g64_vc6.7000_vw0.0000_r1,M4c3s4,cell,"single surface cell repeated over five seeds, settled",yaris_coarse_v1l_watertight,vehicle_rest,settled_f250_400,400,250,4,64,0.1472147236519959,0.3,2.037839643738194,6.7,0.0,6.7,-90.0,2132.2108993154484,-34.52695165649057,-2131.931333033244,4555.992312113444,"torque is about the collider centre, not the CG; not carried in this table",9141.548583984375,4468.62177,2.045719923166461,0.9624463408740599,4,4,frame,41636,4,12,warpmpm,"no, prescribed SDF collider",no FORD or NO-FORD verdict is reportable
M4c4s0_g64_vc8.9000_vw0.0000_r1,M4c4s0,cell,"single surface cell repeated over five seeds, settled",yaris_coarse_v1l_watertight,vehicle_rest,settled_f250_400,400,250,0,64,0.1472147236519959,0.3,2.037839643738194,8.9,0.0,8.9,-90.0,2587.3345324421207,-49.25973618725936,-2586.865566889445,5201.964590199788,"torque is about the collider centre, not the CG; not carried in this table",9149.196899414062,4468.62177,2.0474314834244884,0.9803835193762618,4,5,frame,41648,4,12,warpmpm,"no, prescribed SDF collider",no FORD or NO-FORD verdict is reportable
M4c4s1_g64_vc8.9000_vw0.0000_r1,M4c4s1,cell,"single surface cell repeated over five seeds, settled",yaris_coarse_v1l_watertight,vehicle_rest,settled_f250_400,400,250,1,64,0.1472147236519959,0.3,2.037839643738194,8.9,0.0,8.9,-90.0,2595.922598549827,-39.557912655252345,-2595.621179835002,5227.516637166341,"torque is about the collider centre, not the CG; not carried in this table",9162.159301757812,4468.62177,2.0503322441088616,0.980518212479152,4,5,frame,41649,4,12,warpmpm,"no, prescribed SDF collider",no FORD or NO-FORD verdict is reportable
M4c4s2_g64_vc8.9000_vw0.0000_r1,M4c4s2,cell,"single surface cell repeated over five seeds, settled",yaris_coarse_v1l_watertight,vehicle_rest,settled_f250_400,400,250,2,64,0.1472147236519959,0.3,2.037839643738194,8.9,0.0,8.9,-90.0,2612.620789841636,-58.40542234901029,-2611.9678784688313,5264.64673131307,"torque is about the collider centre, not the CG; not carried in this table",9147.755493164062,4468.62177,2.047108921721084,0.9800348389014769,4,5,frame,41648,4,12,warpmpm,"no, prescribed SDF collider",no FORD or NO-FORD verdict is reportable
M4c4s3_g64_vc8.9000_vw0.0000_r1,M4c4s3,cell,"single surface cell repeated over five seeds, settled",yaris_coarse_v1l_watertight,vehicle_rest,settled_f250_400,400,250,3,64,0.1472147236519959,0.3,2.037839643738194,8.9,0.0,8.9,-90.0,2581.125278954354,-42.13671443214019,-2580.7813163757323,5230.593859863281,"torque is about the collider centre, not the CG; not carried in this table",9147.146301269531,4468.62177,2.046972595147504,0.9807466656974192,4,5,frame,41643,4,12,warpmpm,"no, prescribed SDF collider",no FORD or NO-FORD verdict is reportable
M4c4s4_g64_vc8.9000_vw0.0000_r1,M4c4s4,cell,"single surface cell repeated over five seeds, settled",yaris_coarse_v1l_watertight,vehicle_rest,settled_f250_400,400,250,4,64,0.1472147236519959,0.3,2.037839643738194,8.9,0.0,8.9,-90.0,2596.790866217579,-46.27048879011224,-2596.378601964315,5199.484476470947,"torque is about the collider centre, not the CG; not carried in this table",9141.552062988281,4468.62177,2.045720701707158,0.9800713785578695,4,5,frame,41636,4,12,warpmpm,"no, prescribed SDF collider",no FORD or NO-FORD verdict is reportable
U1s0_g64_vc0.0000_vw3.0000_r1,U1s0,arc,"iso-|v_rel| arc, settled, bc_per_frame uniform, CANONICAL",yaris_coarse_v1l_watertight,vehicle_rest,settled_f250_400,400,250,0,64,0.1472147236519959,0.3,2.037839643738194,0.0,3.0,3.0,-0.0,1864.9628466379083,1864.401113128662,-45.77017264962196,2510.442358016968,"torque is about the collider centre, not the CG; not carried in this table",9149.194152832031,4468.62177,2.0474308687870963,0.8273200194040934,2,2,frame,41648,4,12,warpmpm,"no, prescribed SDF collider",no FORD or NO-FORD verdict is reportable
U1s0_g64_vc1.1481_vw2.7716_r1,U1s0,arc,"iso-|v_rel| arc, settled, bc_per_frame uniform, CANONICAL",yaris_coarse_v1l_watertight,vehicle_rest,settled_f250_400,400,250,0,64,0.1472147236519959,0.3,2.037839643738194,1.14805,2.771639,3.000000258136822,-22.499991816303908,3842.398512837869,3482.0950738271076,-1624.5123047510783,3725.7500183105467,"torque is about the collider centre, not the CG; not carried in this table",9149.199096679688,4468.62177,2.047431975134402,0.7359576445952979,2,2,frame,41648,4,12,warpmpm,"no, prescribed SDF collider",no FORD or NO-FORD verdict is reportable
U1s0_g64_vc2.1213_vw2.1213_r1,U1s0,arc,"iso-|v_rel| arc, settled, bc_per_frame uniform, CANONICAL",yaris_coarse_v1l_watertight,vehicle_rest,settled_f250_400,400,250,0,64,0.1472147236519959,0.3,2.037839643738194,2.12132,2.12132,2.9999995141332936,-45.0,2269.626234621516,1591.8709854125977,-1617.7608014424643,4120.033464304606,"torque is about the collider centre, not the CG; not carried in this table",9149.198913574219,4468.62177,2.047431934158576,0.7721869789481607,2,1,frame,41648,4,12,warpmpm,"no, prescribed SDF collider",no FORD or NO-FORD verdict is reportable
U1s0_g64_vc2.7716_vw1.1481_r1,U1s0,arc,"iso-|v_rel| arc, settled, bc_per_frame uniform, CANONICAL",yaris_coarse_v1l_watertight,vehicle_rest,settled_f250_400,400,250,0,64,0.1472147236519959,0.3,2.037839643738194,2.771639,1.14805,3.000000258136822,-67.5000081836961,4043.7843257711443,2027.4294881184896,-3498.817134984334,5174.722366333008,"torque is about the collider centre, not the CG; not carried in this table",9149.197448730469,4468.62177,2.047431606351967,0.7423133470504191,2,2,frame,41648,4,12,warpmpm,"no, prescribed SDF collider",no FORD or NO-FORD verdict is reportable
U1s0_g64_vc3.0000_vw0.0000_r1,U1s0,arc,"iso-|v_rel| arc, settled, bc_per_frame uniform, CANONICAL",yaris_coarse_v1l_watertight,vehicle_rest,settled_f250_400,400,250,0,64,0.1472147236519959,0.3,2.037839643738194,3.0,0.0,3.0,-90.0,983.6590109314952,-7.355023730127141,-983.6315130233764,2210.539740626017,"torque is about the collider centre, not the CG; not carried in this table",9149.20166015625,4468.62177,2.047432548795968,0.875342845916748,2,2,frame,41648,4,12,warpmpm,"no, prescribed SDF collider",no FORD or NO-FORD verdict is reportable
U1s1_g64_vc0.0000_vw3.0000_r1,U1s1,arc,"iso-|v_rel| arc, settled, bc_per_frame uniform, CANONICAL",yaris_coarse_v1l_watertight,vehicle_rest,settled_f250_400,400,250,1,64,0.1472147236519959,0.3,2.037839643738194,0.0,3.0,3.0,-0.0,1868.416800591072,1867.8678688049317,-45.28758568416039,2505.4772322336835,"torque is about the collider centre, not the CG; not carried in this table",9162.166076660156,4468.62177,2.050333760214429,0.8276381492614746,2,2,frame,41649,4,12,warpmpm,"no, prescribed SDF collider",no FORD or NO-FORD verdict is reportable
U1s1_g64_vc1.1481_vw2.7716_r1,U1s1,arc,"iso-|v_rel| arc, settled, bc_per_frame uniform, CANONICAL",yaris_coarse_v1l_watertight,vehicle_rest,settled_f250_400,400,250,1,64,0.1472147236519959,0.3,2.037839643738194,1.14805,2.771639,3.000000258136822,-22.499991816303908,3842.537617940039,3480.27726910909,-1628.731247138977,3719.930586496989,"torque is about the collider centre, not the CG; not carried in this table",9162.160034179688,4468.62177,2.0503324080121663,0.7358606672848123,2,2,frame,41649,4,12,warpmpm,"no, prescribed SDF collider",no FORD or NO-FORD verdict is reportable
U1s1_g64_vc2.1213_vw2.1213_r1,U1s1,arc,"iso-|v_rel| arc, settled, bc_per_frame uniform, CANONICAL",yaris_coarse_v1l_watertight,vehicle_rest,settled_f250_400,400,250,1,64,0.1472147236519959,0.3,2.037839643738194,2.12132,2.12132,2.9999995141332936,-45.0,2265.5381830759707,1587.8279645284017,-1616.0029746373496,4123.760130564372,"torque is about the collider centre, not the CG; not carried in this table",9162.166259765625,4468.62177,2.050333801190255,0.7728894827329147,2,1,frame,41649,4,12,warpmpm,"no, prescribed SDF collider",no FORD or NO-FORD verdict is reportable
U1s1_g64_vc2.7716_vw1.1481_r1,U1s1,arc,"iso-|v_rel| arc, settled, bc_per_frame uniform, CANONICAL",yaris_coarse_v1l_watertight,vehicle_rest,settled_f250_400,400,250,1,64,0.1472147236519959,0.3,2.037839643738194,2.771639,1.14805,3.000000258136822,-67.5000081836961,4044.3986493085795,2024.6673430124918,-3501.1259024302167,5176.744225056967,"torque is about the collider centre, not the CG; not carried in this table",9162.158020019531,4468.62177,2.0503319572780785,0.7427521289845631,2,2,frame,41649,4,12,warpmpm,"no, prescribed SDF collider",no FORD or NO-FORD verdict is reportable
U1s1_g64_vc3.0000_vw0.0000_r1,U1s1,arc,"iso-|v_rel| arc, settled, bc_per_frame uniform, CANONICAL",yaris_coarse_v1l_watertight,vehicle_rest,settled_f250_400,400,250,1,64,0.1472147236519959,0.3,2.037839643738194,3.0,0.0,3.0,-90.0,984.8569302378571,-8.893105385933692,-984.8167777379354,2206.2878625233966,"torque is about the collider centre, not the CG; not carried in this table",9162.160217285156,4468.62177,2.050332448987992,0.8749446868896484,2,2,frame,41649,4,12,warpmpm,"no, prescribed SDF collider",no FORD or NO-FORD verdict is reportable
U1s2_g64_vc0.0000_vw3.0000_r1,U1s2,arc,"iso-|v_rel| arc, settled, bc_per_frame uniform, CANONICAL",yaris_coarse_v1l_watertight,vehicle_rest,settled_f250_400,400,250,2,64,0.1472147236519959,0.3,2.037839643738194,0.0,3.0,3.0,-0.0,1868.022672866688,1867.4482437133788,-46.32238547205925,2513.33709081014,"torque is about the collider centre, not the CG; not carried in this table",9147.751647949219,4468.62177,2.047108061228735,0.8274063269297282,2,2,frame,41648,4,12,warpmpm,"no, prescribed SDF collider",no FORD or NO-FORD verdict is reportable
U1s2_g64_vc1.1481_vw2.7716_r1,U1s2,arc,"iso-|v_rel| arc, settled, bc_per_frame uniform, CANONICAL",yaris_coarse_v1l_watertight,vehicle_rest,settled_f250_400,400,250,2,64,0.1472147236519959,0.3,2.037839643738194,1.14805,2.771639,3.000000258136822,-22.499991816303908,3836.107020580195,3474.5554345448813,-1625.7864575703938,3738.616711171468,"torque is about the collider centre, not the CG; not carried in this table",9147.753295898438,4468.62177,2.0471084300111704,0.7373404601738625,2,2,frame,41648,4,12,warpmpm,"no, prescribed SDF collider",no FORD or NO-FORD verdict is reportable
U1s2_g64_vc2.1213_vw2.1213_r1,U1s2,arc,"iso-|v_rel| arc, settled, bc_per_frame uniform, CANONICAL",yaris_coarse_v1l_watertight,vehicle_rest,settled_f250_400,400,250,2,64,0.1472147236519959,0.3,2.037839643738194,2.12132,2.12132,2.9999995141332936,-45.0,2259.5466646464374,1583.455057779948,-1611.899875831604,4103.767512512207,"torque is about the collider centre, not the CG; not carried in this table",9147.758056640625,4468.62177,2.0471094953826503,0.7726955229046547,2,1,frame,41648,4,12,warpmpm,"no, prescribed SDF collider",no FORD or NO-FORD verdict is reportable
U1s2_g64_vc2.7716_vw1.1481_r1,U1s2,arc,"iso-|v_rel| arc, settled, bc_per_frame uniform, CANONICAL",yaris_coarse_v1l_watertight,vehicle_rest,settled_f250_400,400,250,2,64,0.1472147236519959,0.3,2.037839643738194,2.771639,1.14805,3.000000258136822,-67.5000081836961,4049.4137121662184,2024.8989532470703,-3506.7842308044433,5188.724527994792,"torque is about the collider centre, not the CG; not carried in this table",9147.75146484375,4468.62177,2.0471080202529093,0.7427848358680738,2,2,frame,41648,4,12,warpmpm,"no, prescribed SDF collider",no FORD or NO-FORD verdict is reportable
U1s2_g64_vc3.0000_vw0.0000_r1,U1s2,arc,"iso-|v_rel| arc, settled, bc_per_frame uniform, CANONICAL",yaris_coarse_v1l_watertight,vehicle_rest,settled_f250_400,400,250,2,64,0.1472147236519959,0.3,2.037839643738194,3.0,0.0,3.0,-90.0,986.2565515569589,-8.309488779814759,-986.2215460459391,2192.0890195210773,"torque is about the collider centre, not the CG; not carried in this table",9147.749450683594,4468.62177,2.0471075695188214,0.8752710024515787,2,2,frame,41648,4,12,warpmpm,"no, prescribed SDF collider",no FORD or NO-FORD verdict is reportable
U1s3_g64_vc0.0000_vw3.0000_r1,U1s3,arc,"iso-|v_rel| arc, settled, bc_per_frame uniform, CANONICAL",yaris_coarse_v1l_watertight,vehicle_rest,settled_f250_400,400,250,3,64,0.1472147236519959,0.3,2.037839643738194,0.0,3.0,3.0,-0.0,1853.2366567137635,1852.6907020568847,-44.98075476884842,2480.252468109131,"torque is about the collider centre, not the CG; not carried in this table",9147.151977539062,4468.62177,2.0469738653981144,0.8290125528971354,2,2,frame,41643,4,12,warpmpm,"no, prescribed SDF collider",no FORD or NO-FORD verdict is reportable
U1s3_g64_vc1.1481_vw2.7716_r1,U1s3,arc,"iso-|v_rel| arc, settled, bc_per_frame uniform, CANONICAL",yaris_coarse_v1l_watertight,vehicle_rest,settled_f250_400,400,250,3,64,0.1472147236519959,0.3,2.037839643738194,1.14805,2.771639,3.000000258136822,-22.499991816303908,3850.25452956184,3489.5114744822185,-1627.1968571345012,3735.196703592936,"torque is about the collider centre, not the CG; not carried in this table",9147.145751953125,4468.62177,2.0469724722200255,0.7357642376539216,2,2,frame,41643,4,12,warpmpm,"no, prescribed SDF collider",no FORD or NO-FORD verdict is reportable
U1s3_g64_vc2.1213_vw2.1213_r1,U1s3,arc,"iso-|v_rel| arc, settled, bc_per_frame uniform, CANONICAL",yaris_coarse_v1l_watertight,vehicle_rest,settled_f250_400,400,250,3,64,0.1472147236519959,0.3,2.037839643738194,2.12132,2.12132,2.9999995141332936,-45.0,2261.7901734306383,1584.7061428705852,-1613.8157358805338,4129.1758043924965,"torque is about the collider centre, not the CG; not carried in this table",9147.146667480469,4468.62177,2.046972677099156,0.7733804654996851,2,1,frame,41643,4,12,warpmpm,"no, prescribed SDF collider",no FORD or NO-FORD verdict is reportable
U1s3_g64_vc2.7716_vw1.1481_r1,U1s3,arc,"iso-|v_rel| arc, settled, bc_per_frame uniform, CANONICAL",yaris_coarse_v1l_watertight,vehicle_rest,settled_f250_400,400,250,3,64,0.1472147236519959,0.3,2.037839643738194,2.771639,1.14805,3.000000258136822,-67.5000081836961,4043.0514792594636,2020.7946473439536,-3501.807284418742,5170.039049530029,"torque is about the collider centre, not the CG; not carried in this table",9147.148498535156,4468.62177,2.0469730868574176,0.7431972481870288,2,2,frame,41643,4,12,warpmpm,"no, prescribed SDF collider",no FORD or NO-FORD verdict is reportable
U1s3_g64_vc3.0000_vw0.0000_r1,U1s3,arc,"iso-|v_rel| arc, settled, bc_per_frame uniform, CANONICAL",yaris_coarse_v1l_watertight,vehicle_rest,settled_f250_400,400,250,3,64,0.1472147236519959,0.3,2.037839643738194,3.0,0.0,3.0,-90.0,984.3084880459988,-7.63549666715165,-984.2788724899292,2217.147532908122,"torque is about the collider centre, not the CG; not carried in this table",9147.143371582031,4468.62177,2.0469719395342856,0.875173012415568,2,2,frame,41643,4,12,warpmpm,"no, prescribed SDF collider",no FORD or NO-FORD verdict is reportable
U1s4_g64_vc0.0000_vw3.0000_r1,U1s4,arc,"iso-|v_rel| arc, settled, bc_per_frame uniform, CANONICAL",yaris_coarse_v1l_watertight,vehicle_rest,settled_f250_400,400,250,4,64,0.1472147236519959,0.3,2.037839643738194,0.0,3.0,3.0,-0.0,1866.5901801126795,1865.9900323232016,-47.32969219783942,2514.955700683594,"torque is about the collider centre, not the CG; not carried in this table",9141.546752929688,4468.62177,2.0457195134081996,0.8279151916503906,2,2,frame,41636,4,12,warpmpm,"no, prescribed SDF collider",no FORD or NO-FORD verdict is reportable
U1s4_g64_vc1.1481_vw2.7716_r1,U1s4,arc,"iso-|v_rel| arc, settled, bc_per_frame uniform, CANONICAL",yaris_coarse_v1l_watertight,vehicle_rest,settled_f250_400,400,250,4,64,0.1472147236519959,0.3,2.037839643738194,1.14805,2.771639,3.000000258136822,-22.499991816303908,3841.960368247045,3481.5963258107504,-1624.5450117746989,3711.7938550313315,"torque is about the collider centre, not the CG; not carried in this table",9141.551513671875,4468.62177,2.0457205787796795,0.7361650989650769,2,2,frame,41636,4,12,warpmpm,"no, prescribed SDF collider",no FORD or NO-FORD verdict is reportable
U1s4_g64_vc2.1213_vw2.1213_r1,U1s4,arc,"iso-|v_rel| arc, settled, bc_per_frame uniform, CANONICAL",yaris_coarse_v1l_watertight,vehicle_rest,settled_f250_400,400,250,4,64,0.1472147236519959,0.3,2.037839643738194,2.12132,2.12132,2.9999995141332936,-45.0,2259.9966708442566,1582.85529683431,-1613.1193574905396,4110.33328297933,"torque is about the collider centre, not the CG; not carried in this table",9141.548400878906,4468.62177,2.045719882190635,0.7727252223887154,2,1,frame,41636,4,12,warpmpm,"no, prescribed SDF collider",no FORD or NO-FORD verdict is reportable
U1s4_g64_vc2.7716_vw1.1481_r1,U1s4,arc,"iso-|v_rel| arc, settled, bc_per_frame uniform, CANONICAL",yaris_coarse_v1l_watertight,vehicle_rest,settled_f250_400,400,250,4,64,0.1472147236519959,0.3,2.037839643738194,2.771639,1.14805,3.000000258136822,-67.5000081836961,4047.46448634287,2025.1678072611492,-3504.3778507232664,5194.827710215251,"torque is about the collider centre, not the CG; not carried in this table",9141.547302246094,4468.62177,2.045719636335678,0.7418985238735394,2,2,frame,41636,4,12,warpmpm,"no, prescribed SDF collider",no FORD or NO-FORD verdict is reportable
U1s4_g64_vc3.0000_vw0.0000_r1,U1s4,arc,"iso-|v_rel| arc, settled, bc_per_frame uniform, CANONICAL",yaris_coarse_v1l_watertight,vehicle_rest,settled_f250_400,400,250,4,64,0.1472147236519959,0.3,2.037839643738194,3.0,0.0,3.0,-90.0,980.080214575164,-7.635946149526474,-980.050467745463,2176.9311537424724,"torque is about the collider centre, not the CG; not carried in this table",9141.54638671875,4468.62177,2.0457194314565474,0.8757913907368978,2,2,frame,41636,4,12,warpmpm,"no, prescribed SDF collider",no FORD or NO-FORD verdict is reportable
c0wrongdt_g64_vc0.0000_vw0.0000_r1,c0wrongdt,control,"trap-1 detector, wrench_dt_mode=substep, deliberate",yaris_coarse_v1l_watertight,vehicle_rest,transient_f20_60,60,20,,64,0.1472147236519959,0.3,2.037839643738194,0.0,0.0,0.0,0.0,555.4889049019076,-387.8041917141527,-397.7132539381273,47441.15928840637,"torque is about the collider centre, not the CG; not carried in this table",100641.1840209961,4468.62177,22.52175037427616,0.0,1,,substep,41648,4,11,warpmpm,"no, prescribed SDF collider",no FORD or NO-FORD verdict is reportable
c1ctrl_g64_vc0.0000_vw0.0000_r1,c1ctrl,control,"no-forcing gate, v_car=0 and v_water=0, fixed-seed repeats",yaris_coarse_v1l_watertight,vehicle_rest,transient_f20_60,60,20,,64,0.1472147236519959,0.3,2.037839643738194,0.0,0.0,0.0,0.0,50.49912379399908,-35.25543876551092,-36.15543584874831,4312.832977294922,"torque is about the collider centre, not the CG; not carried in this table",9149.196350097656,4468.62177,2.04743136049701,0.0,1,,frame,41648,4,11,warpmpm,"no, prescribed SDF collider",no FORD or NO-FORD verdict is reportable
c1ctrl_g64_vc0.0000_vw0.0000_r2,c1ctrl,control,"no-forcing gate, v_car=0 and v_water=0, fixed-seed repeats",yaris_coarse_v1l_watertight,vehicle_rest,transient_f20_60,60,20,,64,0.1472147236519959,0.3,2.037839643738194,0.0,0.0,0.0,0.0,50.49888710540966,-35.25503676943481,-36.15549724828452,4312.834133148193,"torque is about the collider centre, not the CG; not carried in this table",9149.19873046875,4468.62177,2.04743189318275,0.0,1,,frame,41648,4,11,warpmpm,"no, prescribed SDF collider",no FORD or NO-FORD verdict is reportable
c1ctrl_g64_vc0.0000_vw0.0000_r3,c1ctrl,control,"no-forcing gate, v_car=0 and v_water=0, fixed-seed repeats",yaris_coarse_v1l_watertight,vehicle_rest,transient_f20_60,60,20,,64,0.1472147236519959,0.3,2.037839643738194,0.0,0.0,0.0,0.0,50.49908406228061,-35.25529380887747,-36.15552170248702,4312.833486557007,"torque is about the collider centre, not the CG; not carried in this table",9149.196533203125,4468.62177,2.0474314014728363,0.0,1,,frame,41648,4,11,warpmpm,"no, prescribed SDF collider",no FORD or NO-FORD verdict is reportable
c2arc_g64_vc0.0000_vw3.0000_r1,c2arc,arc,"iso-|v_rel| arc, transient, single draw",yaris_coarse_v1l_watertight,vehicle_rest,transient_f20_60,60,20,,64,0.1472147236519959,0.3,2.037839643738194,0.0,3.0,3.0,-0.0,4409.845845284541,4409.618050098419,-44.82222015410662,2677.353066921234,"torque is about the collider centre, not the CG; not carried in this table",9149.20458984375,4468.62177,2.0474332044091863,0.7834530671437582,2,,frame,41648,4,12,warpmpm,"no, prescribed SDF collider",no FORD or NO-FORD verdict is reportable
c2arc_g64_vc1.1481_vw2.7716_r1,c2arc,arc,"iso-|v_rel| arc, transient, single draw",yaris_coarse_v1l_watertight,vehicle_rest,transient_f20_60,60,20,,64,0.1472147236519959,0.3,2.037839643738194,1.14805,2.771639,3.000000258136822,-22.499991816303908,6119.334908576109,5725.798557281494,-2159.048541545868,4451.193971633911,"torque is about the collider centre, not the CG; not carried in this table",9149.196350097656,4468.62177,2.04743136049701,0.7833961240289911,2,,frame,41648,4,12,warpmpm,"no, prescribed SDF collider",no FORD or NO-FORD verdict is reportable
c2arc_g64_vc2.1213_vw2.1213_r1,c2arc,arc,"iso-|v_rel| arc, transient, single draw",yaris_coarse_v1l_watertight,vehicle_rest,transient_f20_60,60,20,,64,0.1472147236519959,0.3,2.037839643738194,2.12132,2.12132,2.9999995141332936,-45.0,5755.0389456848025,4549.736051559448,-3524.2552585601807,4990.37141418457,"torque is about the collider centre, not the CG; not carried in this table",9149.199462890625,4468.62177,2.0474320570860542,0.8101316804162783,1,,frame,41648,4,11,warpmpm,"no, prescribed SDF collider",no FORD or NO-FORD verdict is reportable
c2arc_g64_vc2.7716_vw1.1481_r1,c2arc,arc,"iso-|v_rel| arc, transient, single draw",yaris_coarse_v1l_watertight,vehicle_rest,transient_f20_60,60,20,,64,0.1472147236519959,0.3,2.037839643738194,2.771639,1.14805,3.000000258136822,-67.5000081836961,3969.2555537397707,2157.9212124347687,-3331.4209718704224,4380.863118171692,"torque is about the collider centre, not the CG; not carried in this table",9149.195251464844,4468.62177,2.047431114642053,0.844053730126225,2,,frame,41648,4,12,warpmpm,"no, prescribed SDF collider",no FORD or NO-FORD verdict is reportable
c2arc_g64_vc3.0000_vw0.0000_r1,c2arc,arc,"iso-|v_rel| arc, transient, single draw",yaris_coarse_v1l_watertight,vehicle_rest,transient_f20_60,60,20,,64,0.1472147236519959,0.3,2.037839643738194,3.0,0.0,3.0,-90.0,2158.184362603634,-24.973954252433032,-2158.039861679077,2849.4427585601807,"torque is about the collider centre, not the CG; not carried in this table",9149.196716308594,4468.62177,2.047431442448662,0.8559468587239584,2,,frame,41648,4,12,warpmpm,"no, prescribed SDF collider",no FORD or NO-FORD verdict is reportable
c3full_g64_vc0.0000_vw0.5000_r1,c3full,surface,"transient surface, published as d17 R5",yaris_coarse_v1l_watertight,vehicle_rest,transient_f20_60,60,20,,64,0.1472147236519959,0.3,2.037839643738194,0.0,0.5,0.5,-0.0,349.04272532229476,345.6646342277527,-48.44362439587712,3204.653263092041,"torque is about the collider centre, not the CG; not carried in this table",9149.195983886719,4468.62177,2.047431278545358,1.402504563331604,1,,frame,41648,4,11,warpmpm,"no, prescribed SDF collider",no FORD or NO-FORD verdict is reportable
c3full_g64_vc0.0000_vw1.0000_r1,c3full,surface,"transient surface, published as d17 R5",yaris_coarse_v1l_watertight,vehicle_rest,transient_f20_60,60,20,,64,0.1472147236519959,0.3,2.037839643738194,0.0,1.0,1.0,-0.0,1167.9939785356116,1167.0993719100952,-45.705469940789044,3094.97900390625,"torque is about the collider centre, not the CG; not carried in this table",9149.199462890625,4468.62177,2.0474320570860542,1.0815967321395874,1,,frame,41648,4,11,warpmpm,"no, prescribed SDF collider",no FORD or NO-FORD verdict is reportable
c3full_g64_vc0.0000_vw2.0000_r1,c3full,surface,"transient surface, published as d17 R5",yaris_coarse_v1l_watertight,vehicle_rest,transient_f20_60,60,20,,64,0.1472147236519959,0.3,2.037839643738194,0.0,2.0,2.0,-0.0,2934.6723875268585,2934.5681762695312,-24.73137559276074,2420.2138566970825,"torque is about the collider centre, not the CG; not carried in this table",9149.200561523438,4468.62177,2.047432302941011,0.8625698089599609,1,,frame,41648,4,11,warpmpm,"no, prescribed SDF collider",no FORD or NO-FORD verdict is reportable
c3full_g64_vc0.0000_vw3.0000_r1,c3full,surface,"transient surface, published as d17 R5",yaris_coarse_v1l_watertight,vehicle_rest,transient_f20_60,60,20,,64,0.1472147236519959,0.3,2.037839643738194,0.0,3.0,3.0,-0.0,4409.845148907233,4409.6173577308655,-44.82182213291526,2677.3544647693634,"torque is about the collider centre, not the CG; not carried in this table",9149.199279785156,4468.62177,2.0474320161102284,0.7834532260894775,2,,frame,41648,4,12,warpmpm,"no, prescribed SDF collider",no FORD or NO-FORD verdict is reportable
c3full_g64_vc2.2000_vw0.5000_r1,c3full,surface,"transient surface, published as d17 R5",yaris_coarse_v1l_watertight,vehicle_rest,transient_f20_60,60,20,,64,0.1472147236519959,0.3,2.037839643738194,2.2,0.5,2.2561028345356955,-77.19573393471326,2031.0674026706656,560.5862188339233,-1952.1726064682007,3357.6911516189575,"torque is about the collider centre, not the CG; not carried in this table",9149.199645996094,4468.62177,2.0474320980618805,0.9133315835814113,1,,frame,41648,4,11,warpmpm,"no, prescribed SDF collider",no FORD or NO-FORD verdict is reportable
c3full_g64_vc2.2000_vw1.0000_r1,c3full,surface,"transient surface, published as d17 R5",yaris_coarse_v1l_watertight,vehicle_rest,transient_f20_60,60,20,,64,0.1472147236519959,0.3,2.037839643738194,2.2,1.0,2.4166091947189146,-65.55604521958347,2789.2981973111473,1455.2402114868164,-2379.592477798462,3716.496379852295,"torque is about the collider centre, not the CG; not carried in this table",9149.198913574219,4468.62177,2.047431934158576,0.8938729497667861,1,,frame,41648,4,11,warpmpm,"no, prescribed SDF collider",no FORD or NO-FORD verdict is reportable
c3full_g64_vc2.2000_vw2.0000_r1,c3full,surface,"transient surface, published as d17 R5",yaris_coarse_v1l_watertight,vehicle_rest,transient_f20_60,60,20,,64,0.1472147236519959,0.3,2.037839643738194,2.2,2.0,2.973213749463701,-47.72631099390627,5562.633588646441,4271.976367950439,-3562.739164352417,4967.152828216553,"torque is about the collider centre, not the CG; not carried in this table",9149.195251464844,4468.62177,2.047431114642053,0.8140808155094336,1,,frame,41648,4,11,warpmpm,"no, prescribed SDF collider",no FORD or NO-FORD verdict is reportable
c3full_g64_vc2.2000_vw3.0000_r1,c3full,surface,"transient surface, published as d17 R5",yaris_coarse_v1l_watertight,vehicle_rest,transient_f20_60,60,20,,64,0.1472147236519959,0.3,2.037839643738194,2.2,3.0,3.7202150475476548,-36.25383773744479,8621.412990963026,7346.450984954834,-4512.030572414398,6857.80442237854,"torque is about the collider centre, not the CG; not carried in this table",9149.200561523438,4468.62177,2.047432302941011,0.7468786818443697,2,,frame,41648,4,12,warpmpm,"no, prescribed SDF collider",no FORD or NO-FORD verdict is reportable
c3full_g64_vc4.5000_vw0.5000_r1,c3full,surface,"transient surface, published as d17 R5",yaris_coarse_v1l_watertight,vehicle_rest,transient_f20_60,60,20,,64,0.1472147236519959,0.3,2.037839643738194,4.5,0.5,4.527692569068709,-83.6598082540901,3811.1324065088866,1020.9271157979965,-3671.8439569473267,4695.900043010712,"torque is about the collider centre, not the CG; not carried in this table",9149.193969726562,4468.62177,2.04743082781127,0.866607673284484,3,,frame,41648,4,12,warpmpm,"no, prescribed SDF collider",no FORD or NO-FORD verdict is reportable
c3full_g64_vc4.5000_vw1.0000_r1,c3full,surface,"transient surface, published as d17 R5",yaris_coarse_v1l_watertight,vehicle_rest,transient_f20_60,60,20,,64,0.1472147236519959,0.3,2.037839643738194,4.5,1.0,4.6097722286464435,-77.47119229084849,5845.646138408413,2450.624539375305,-5307.166677474976,7168.005731582642,"torque is about the collider centre, not the CG; not carried in this table",9149.198181152344,4468.62177,2.0474317702552716,0.8364696194143857,3,,frame,41648,4,12,warpmpm,"no, prescribed SDF collider",no FORD or NO-FORD verdict is reportable
c3full_g64_vc4.5000_vw2.0000_r1,c3full,surface,"transient surface, published as d17 R5",yaris_coarse_v1l_watertight,vehicle_rest,transient_f20_60,60,20,,64,0.1472147236519959,0.3,2.037839643738194,4.5,2.0,4.924428900898052,-66.03751102542182,12191.82412528356,6265.875493049622,-10458.45972442627,12960.214485168457,"torque is about the collider centre, not the CG; not carried in this table",9149.200561523438,4468.62177,2.047432302941011,0.7452587540616695,3,,frame,41648,4,12,warpmpm,"no, prescribed SDF collider",no FORD or NO-FORD verdict is reportable
c3full_g64_vc4.5000_vw3.0000_r1,c3full,surface,"transient surface, published as d17 R5",yaris_coarse_v1l_watertight,vehicle_rest,transient_f20_60,60,20,,64,0.1472147236519959,0.3,2.037839643738194,4.5,3.0,5.408326913195984,-56.309932474020215,15999.001480493385,9037.165176391602,-13202.185195922852,15933.366289138794,"torque is about the collider centre, not the CG; not carried in this table",9149.200927734375,4468.62177,2.0474323848926637,0.7139481764573317,3,,frame,41648,4,12,warpmpm,"no, prescribed SDF collider",no FORD or NO-FORD verdict is reportable
c3full_g64_vc6.7000_vw0.5000_r1,c3full,surface,"transient surface, published as d17 R5",yaris_coarse_v1l_watertight,vehicle_rest,transient_f20_60,60,20,,64,0.1472147236519959,0.3,2.037839643738194,6.7,0.5,6.71863081289633,-85.73210669970919,5320.732502176632,1542.560629606247,-5092.219659805298,8707.603067398071,"torque is about the collider centre, not the CG; not carried in this table",9149.196166992188,4468.62177,2.0474313195211837,0.8897379854108889,4,,frame,41648,4,12,warpmpm,"no, prescribed SDF collider",no FORD or NO-FORD verdict is reportable
c3full_g64_vc6.7000_vw1.0000_r1,c3full,surface,"transient surface, published as d17 R5",yaris_coarse_v1l_watertight,vehicle_rest,transient_f20_60,60,20,,64,0.1472147236519959,0.3,2.037839643738194,6.7,1.0,6.774215821775979,-81.5110561194953,8653.70725233579,3525.2305641174316,-7903.125880241394,11672.094066619873,"torque is about the collider centre, not the CG; not carried in this table",9149.196533203125,4468.62177,2.0474314014728363,0.8511241471021881,4,,frame,41648,4,12,warpmpm,"no, prescribed SDF collider",no FORD or NO-FORD verdict is reportable
c3full_g64_vc6.7000_vw2.0000_r1,c3full,surface,"transient surface, published as d17 R5",yaris_coarse_v1l_watertight,vehicle_rest,transient_f20_60,60,20,,64,0.1472147236519959,0.3,2.037839643738194,6.7,2.0,6.992138442565336,-73.37924308610795,20731.001810212863,10099.958225250244,-18104.2889919281,22686.691230773926,"torque is about the collider centre, not the CG; not carried in this table",9149.197448730469,4468.62177,2.047431606351967,0.7266420722129667,4,,frame,41648,4,12,warpmpm,"no, prescribed SDF collider",no FORD or NO-FORD verdict is reportable
c3full_g64_vc6.7000_vw3.0000_r1,c3full,surface,"transient surface, published as d17 R5",yaris_coarse_v1l_watertight,vehicle_rest,transient_f20_60,60,20,,64,0.1472147236519959,0.3,2.037839643738194,6.7,3.0,7.340980860893182,-65.87901688055742,29998.234064180317,14287.303930282593,-26377.395500183105,31495.832958221436,"torque is about the collider centre, not the CG; not carried in this table",9149.193786621094,4468.62177,2.0474307868354438,0.6655542681048634,4,,frame,41648,4,12,warpmpm,"no, prescribed SDF collider",no FORD or NO-FORD verdict is reportable
c3full_g64_vc8.9000_vw0.5000_r1,c3full,surface,"transient surface, published as d17 R5",yaris_coarse_v1l_watertight,vehicle_rest,transient_f20_60,60,20,,64,0.1472147236519959,0.3,2.037839643738194,8.9,0.5,8.914033879226622,-86.78451600825179,7469.315010490514,2151.706109523773,-7152.679745674133,12699.12685585022,"torque is about the collider centre, not the CG; not carried in this table",9149.197998046875,4468.62177,2.0474317292794453,0.9101547780518202,4,,frame,41648,4,12,warpmpm,"no, prescribed SDF collider",no FORD or NO-FORD verdict is reportable
c3full_g64_vc8.9000_vw1.0000_r1,c3full,surface,"transient surface, published as d17 R5",yaris_coarse_v1l_watertight,vehicle_rest,transient_f20_60,60,20,,64,0.1472147236519959,0.3,2.037839643738194,8.9,1.0,8.95600357302296,-83.58915997976756,11934.60296408311,4630.043840408325,-10999.883724212646,16916.124439239502,"torque is about the collider centre, not the CG; not carried in this table",9149.19580078125,4468.62177,2.0474312375695316,0.8737397182018972,4,,frame,41648,4,12,warpmpm,"no, prescribed SDF collider",no FORD or NO-FORD verdict is reportable
c3full_g64_vc8.9000_vw2.0000_r1,c3full,surface,"transient surface, published as d17 R5",yaris_coarse_v1l_watertight,vehicle_rest,transient_f20_60,60,20,,64,0.1472147236519959,0.3,2.037839643738194,8.9,2.0,9.121951545584968,-77.33493623495764,27113.99190340119,12587.842975616455,-24014.886344909668,28156.292602539062,"torque is about the collider centre, not the CG; not carried in this table",9149.189392089844,4468.62177,2.0474298034156164,0.7615515630185898,4,,frame,41648,4,12,warpmpm,"no, prescribed SDF collider",no FORD or NO-FORD verdict is reportable
c3full_g64_vc8.9000_vw3.0000_r1,c3full,surface,"transient surface, published as d17 R5",yaris_coarse_v1l_watertight,vehicle_rest,transient_f20_60,60,20,,64,0.1472147236519959,0.3,2.037839643738194,8.9,3.0,9.392017887546851,-71.37213682354495,42220.96417471913,19154.692794799805,-37625.889488220215,41080.49012756348,"torque is about the collider centre, not the CG; not carried in this table",9149.195068359375,4468.62177,2.047431073666227,0.6783641159041183,4,,frame,41648,4,12,warpmpm,"no, prescribed SDF collider",no FORD or NO-FORD verdict is reportable
c3res_g96_vc0.0000_vw3.0000_r1,c3res,arc,"iso-|v_rel| arc at n_grid=96, transient",yaris_coarse_v1l_watertight,vehicle_rest,transient_f20_60,60,20,,96,0.0981431491013306,0.3,3.056759465607291,0.0,3.0,3.0,-0.0,5822.9325756522885,5822.725194295248,-49.14358871678511,3916.4955190022774,"torque is about the collider centre, not the CG; not carried in this table",7494.476348876953,4468.62177,1.6771337415914154,0.7380521297454834,3,,frame,164382,6,18,warpmpm,"no, prescribed SDF collider",no FORD or NO-FORD verdict is reportable
c3res_g96_vc1.1481_vw2.7716_r1,c3res,arc,"iso-|v_rel| arc at n_grid=96, transient",yaris_coarse_v1l_watertight,vehicle_rest,transient_f20_60,60,20,,96,0.0981431491013306,0.3,3.056759465607291,1.14805,2.771639,3.000000258136822,-22.499991816303908,7529.090505483664,7292.3332443237305,-1873.2537717819214,6402.6088943481445,"torque is about the collider centre, not the CG; not carried in this table",7494.4801025390625,4468.62177,1.6771345815958514,0.7553361951271635,2,,frame,164382,6,16,warpmpm,"no, prescribed SDF collider",no FORD or NO-FORD verdict is reportable
c3res_g96_vc2.1213_vw2.1213_r1,c3res,arc,"iso-|v_rel| arc at n_grid=96, transient",yaris_coarse_v1l_watertight,vehicle_rest,transient_f20_60,60,20,,96,0.0981431491013306,0.3,3.056759465607291,2.12132,2.12132,2.9999995141332936,-45.0,6358.907291909583,5430.106143951416,-3309.025417327881,7880.430519104004,"torque is about the collider centre, not the CG; not carried in this table",7494.479553222656,4468.62177,1.677134458668373,0.7891113015897896,2,,frame,164382,6,16,warpmpm,"no, prescribed SDF collider",no FORD or NO-FORD verdict is reportable
c3res_g96_vc2.7716_vw1.1481_r1,c3res,arc,"iso-|v_rel| arc at n_grid=96, transient",yaris_coarse_v1l_watertight,vehicle_rest,transient_f20_60,60,20,,96,0.0981431491013306,0.3,3.056759465607291,2.771639,1.14805,3.000000258136822,-67.5000081836961,4543.864065847086,2388.1960430145264,-3865.6461696624756,7547.011505126953,"torque is about the collider centre, not the CG; not carried in this table",7494.476623535156,4468.62177,1.6771338030551546,0.8402572536664774,2,,frame,164382,6,16,warpmpm,"no, prescribed SDF collider",no FORD or NO-FORD verdict is reportable
c3res_g96_vc3.0000_vw0.0000_r1,c3res,arc,"iso-|v_rel| arc at n_grid=96, transient",yaris_coarse_v1l_watertight,vehicle_rest,transient_f20_60,60,20,,96,0.0981431491013306,0.3,3.056759465607291,3.0,0.0,3.0,-90.0,2988.021927019306,-17.017902582883835,-2987.97346496582,5995.567972819012,"torque is about the collider centre, not the CG; not carried in this table",7494.479278564453,4468.62177,1.6771343972046338,0.8492484092712402,3,,frame,164382,6,18,warpmpm,"no, prescribed SDF collider",no FORD or NO-FORD verdict is reportable
c4ground_g64_vc2.2000_vw0.0000_r1,c4ground,control,"reference-frame test, ground frame",yaris_coarse_v1l_watertight,ground,other_f40_d15,40,15,,64,0.1472147236519959,0.3,2.037839643738194,2.2,0.0,2.2,-90.0,1910.4407701020084,3.6348005935549734,-1910.4373123168946,3186.5337615966796,"torque is about the collider centre, not the CG; not carried in this table",7485.298278808594,4468.62177,1.6750798487938696,0.0,1,,frame,41647,4,11,warpmpm,"no, prescribed SDF collider",no FORD or NO-FORD verdict is reportable
c4rest_g64_vc2.2000_vw0.0000_r1,c4rest,control,"reference-frame test, vehicle-rest frame",yaris_coarse_v1l_watertight,vehicle_rest,other_f40_d15,40,15,,64,0.1472147236519959,0.3,2.037839643738194,2.2,0.0,2.2,-90.0,2692.809649164768,0.8867082953453064,-2692.809503173828,5300.711553955078,"torque is about the collider centre, not the CG; not carried in this table",9149.197265625,4468.62177,2.0474315653761406,0.9167247468774968,1,,frame,41648,4,11,warpmpm,"no, prescribed SDF collider",no FORD or NO-FORD verdict is reportable
f1_y3.1718_g64_vc2.2000_vw0.0000_r1,f1,probe,hull placement along y,yaris_coarse_v1l_watertight,vehicle_rest,other_f41_d14,41,14,,64,0.1472147236519959,0.3,2.037839643738194,2.2,0.0,2.2,-90.0,2190.624782019573,5.013582564683424,-2190.619044833713,3767.467795477973,"torque is about the collider centre, not the CG; not carried in this table",7485.312469482422,4468.62177,1.6750830244203958,0.9208868850361216,1,,frame,41647,4,11,warpmpm,"no, prescribed SDF collider",no FORD or NO-FORD verdict is reportable
f1_y3.9414_g64_vc2.2000_vw0.0000_r1,f1,probe,hull placement along y,yaris_coarse_v1l_watertight,vehicle_rest,other_f41_d14,41,14,,64,0.1472147236519959,0.3,2.037839643738194,2.2,0.0,2.2,-90.0,2493.011598392801,-8.421888719830248,-2492.99737294515,4625.1912350124785,"torque is about the collider centre, not the CG; not carried in this table",8625.352111816406,4468.62177,1.930204111192075,0.9189416061748157,1,,frame,41674,4,11,warpmpm,"no, prescribed SDF collider",no FORD or NO-FORD verdict is reportable
f1_y4.7109_g64_vc2.2000_vw0.0000_r1,f1,probe,hull placement along y,yaris_coarse_v1l_watertight,vehicle_rest,other_f41_d14,41,14,,64,0.1472147236519959,0.3,2.037839643738194,2.2,0.0,2.2,-90.0,2678.1994659127663,0.7787654424707094,-2678.1993526882598,5289.276640150282,"torque is about the collider centre, not the CG; not carried in this table",9149.288269042969,4468.62177,2.047451930361734,0.9152891419150612,1,,frame,41648,4,11,warpmpm,"no, prescribed SDF collider",no FORD or NO-FORD verdict is reportable
f1_y5.4804_g64_vc2.2000_vw0.0000_r1,f1,probe,hull placement along y,yaris_coarse_v1l_watertight,vehicle_rest,other_f41_d14,41,14,,64,0.1472147236519959,0.3,2.037839643738194,2.2,0.0,2.2,-90.0,3525.929206850189,24.518884151346153,-3525.843955145942,6081.77369011773,"torque is about the collider centre, not the CG; not carried in this table",8014.116394042969,4468.62177,1.7934201654401754,0.9359721703962846,1,,frame,41674,4,11,warpmpm,"no, prescribed SDF collider",no FORD or NO-FORD verdict is reportable
f1_y6.2499_g64_vc2.2000_vw0.0000_r1,f1,probe,hull placement along y,yaris_coarse_v1l_watertight,vehicle_rest,other_f41_d14,41,14,,64,0.1472147236519959,0.3,2.037839643738194,2.2,0.0,2.2,-90.0,6611.90911499259,21.629425883293152,-6611.87373691135,8934.447055392795,"torque is about the collider centre, not the CG; not carried in this table",8527.648132324219,4468.62177,1.9083396562166905,0.9661626815795897,1,,frame,41639,4,11,warpmpm,"no, prescribed SDF collider",no FORD or NO-FORD verdict is reportable
f2_long_g64_vc2.2000_vw0.0000_r1,f2,probe,long-duration probe,yaris_coarse_v1l_watertight,vehicle_rest,other_f300_d100,300,100,,64,0.1472147236519959,0.3,2.037839643738194,2.2,0.0,2.2,-90.0,742.8304077152131,-5.437033452198375,-742.8105096817017,1526.459815979004,"torque is about the collider centre, not the CG; not carried in this table",9149.196533203125,4468.62177,2.0474314014728363,0.8604448491876775,1,,frame,41648,4,11,warpmpm,"no, prescribed SDF collider",no FORD or NO-FORD verdict is reportable
f4g_v05_g64_vc0.5000_vw0.0000_r1,f4g,probe,ground-frame speed probe,yaris_coarse_v1l_watertight,ground,other_f180_d60,180,60,,64,0.1472147236519959,0.3,2.037839643738194,0.5,0.0,0.5,-90.0,225.79277336145503,-1.3127727500686888,-225.7889570593834,3503.158980369568,"torque is about the collider centre, not the CG; not carried in this table",7485.2958984375,4468.62177,1.6750793161081299,0.0,1,,frame,41647,4,11,warpmpm,"no, prescribed SDF collider",no FORD or NO-FORD verdict is reportable
f4g_v10_g64_vc1.0000_vw0.0000_r1,f4g,probe,ground-frame speed probe,yaris_coarse_v1l_watertight,ground,other_f90_d30,90,30,,64,0.1472147236519959,0.3,2.037839643738194,1.0,0.0,1.0,-90.0,745.7384909874379,-41.81283300922951,-744.5653657913208,3996.125888824463,"torque is about the collider centre, not the CG; not carried in this table",7485.298095703125,4468.62177,1.6750798078180436,0.0,1,,frame,41647,4,11,warpmpm,"no, prescribed SDF collider",no FORD or NO-FORD verdict is reportable
f4g_v22_g64_vc2.2000_vw0.0000_r1,f4g,probe,ground-frame speed probe,yaris_coarse_v1l_watertight,ground,other_f41_d14,41,14,,64,0.1472147236519959,0.3,2.037839643738194,2.2,0.0,2.2,-90.0,1911.5385151853038,2.6740438035792775,-1911.536644829644,3211.6732703314888,"torque is about the collider centre, not the CG; not carried in this table",7485.298736572266,4468.62177,1.6750799512334351,0.0,1,,frame,41647,4,11,warpmpm,"no, prescribed SDF collider",no FORD or NO-FORD verdict is reportable
f4r_v05_g64_vc0.5000_vw0.0000_r1,f4r,probe,rest-frame speed probe,yaris_coarse_v1l_watertight,vehicle_rest,other_f180_d60,180,60,,64,0.1472147236519959,0.3,2.037839643738194,0.5,0.0,0.5,-90.0,581.1260981694762,-10.173909725621343,-581.0370328426361,1857.4416909217834,"torque is about the collider centre, not the CG; not carried in this table",9149.199645996094,4468.62177,2.0474320980618805,1.7204934358596802,1,,frame,41648,4,11,warpmpm,"no, prescribed SDF collider",no FORD or NO-FORD verdict is reportable
f4r_v10_g64_vc1.0000_vw0.0000_r1,f4r,probe,rest-frame speed probe,yaris_coarse_v1l_watertight,vehicle_rest,other_f90_d30,90,30,,64,0.1472147236519959,0.3,2.037839643738194,1.0,0.0,1.0,-90.0,986.7032183926729,-42.74125641211867,-985.7770671844482,3903.427131652832,"torque is about the collider centre, not the CG; not carried in this table",9149.201293945312,4468.62177,2.047432466844316,1.1156140565872192,1,,frame,41648,4,11,warpmpm,"no, prescribed SDF collider",no FORD or NO-FORD verdict is reportable
f4r_v22_g64_vc2.2000_vw0.0000_r1,f4r,probe,rest-frame speed probe,yaris_coarse_v1l_watertight,vehicle_rest,other_f41_d14,41,14,,64,0.1472147236519959,0.3,2.037839643738194,2.2,0.0,2.2,-90.0,2678.3132399882056,0.7739876127905316,-2678.313128153483,5289.336217244466,"torque is about the collider centre, not the CG; not carried in this table",9149.2001953125,4468.62177,2.047432220989359,0.9152836149389093,1,,frame,41648,4,11,warpmpm,"no, prescribed SDF collider",no FORD or NO-FORD verdict is reportable
fidC_g64_vc0.0000_vw3.0000_r1,fidC,fidelity,"SILVERADO coarse mesh, NOT the Yaris",silverado_coarse_2108v,vehicle_rest,settled_f250_400,400,250,,64,0.1998810298740864,0.3,1.5008928070311764,0.0,3.0,3.0,-0.0,2527.039660098044,2524.9841857910155,-101.90341119766235,3183.302195739746,"torque is about the collider centre, not the CG; not carried in this table",9966.4599609375,2529.5085,3.9400776715861996,0.8688518206278483,2,2,frame,32569,3,8,warpmpm,"no, prescribed SDF collider",no FORD or NO-FORD verdict is reportable
fidC_g64_vc1.1481_vw2.7716_r1,fidC,fidelity,"SILVERADO coarse mesh, NOT the Yaris",silverado_coarse_2108v,vehicle_rest,settled_f250_400,400,250,,64,0.1998810298740864,0.3,1.5008928070311764,1.14805,2.771639,3.000000258136822,-22.499991816303908,4789.430762047194,4406.738024902344,-1875.9816108703612,5469.111459350586,"torque is about the collider centre, not the CG; not carried in this table",9966.458129882812,2529.5085,3.940076947708542,0.8105615449593314,2,1,frame,32569,3,8,warpmpm,"no, prescribed SDF collider",no FORD or NO-FORD verdict is reportable
fidC_g64_vc2.1213_vw2.1213_r1,fidC,fidelity,"SILVERADO coarse mesh, NOT the Yaris",silverado_coarse_2108v,vehicle_rest,settled_f250_400,400,250,,64,0.1998810298740864,0.3,1.5008928070311764,2.12132,2.12132,2.9999995141332936,-45.0,3304.102560445171,2433.154780578613,-2235.363850402832,5574.446099853516,"torque is about the collider centre, not the CG; not carried in this table",9966.461791992188,2529.5085,3.940078395463857,0.822853652503888,2,1,frame,32569,3,8,warpmpm,"no, prescribed SDF collider",no FORD or NO-FORD verdict is reportable
fidC_g64_vc2.7716_vw1.1481_r1,fidC,fidelity,"SILVERADO coarse mesh, NOT the Yaris",silverado_coarse_2108v,vehicle_rest,settled_f250_400,400,250,,64,0.1998810298740864,0.3,1.5008928070311764,2.771639,1.14805,3.000000258136822,-67.5000081836961,4489.662367345169,2039.034327697754,-3999.925897216797,6055.62719116211,"torque is about the collider centre, not the CG; not carried in this table",9966.453186035156,2529.5085,3.940074993238867,0.8268076986598237,2,1,frame,32569,3,8,warpmpm,"no, prescribed SDF collider",no FORD or NO-FORD verdict is reportable
fidC_g64_vc3.0000_vw0.0000_r1,fidC,fidelity,"SILVERADO coarse mesh, NOT the Yaris",silverado_coarse_2108v,vehicle_rest,settled_f250_400,400,250,,64,0.1998810298740864,0.3,1.5008928070311764,3.0,0.0,3.0,-90.0,1492.399523390568,-12.249812408164143,-1492.3492485046386,2918.3455795288087,"torque is about the collider centre, not the CG; not carried in this table",9966.464538574219,2529.5085,3.940079481280343,0.9035586516062418,2,2,frame,32569,3,8,warpmpm,"no, prescribed SDF collider",no FORD or NO-FORD verdict is reportable
fidF_g64_vc0.0000_vw3.0000_r1,fidF,fidelity,"SILVERADO fine mesh, NOT the Yaris",silverado_fine_48706v,vehicle_rest,settled_f250_400,400,250,,64,0.20462011694908144,0.3,1.4661315049226236,0.0,3.0,3.0,-0.0,2575.068251741364,2575.056217956543,7.872451312467456,3038.877966308594,"torque is about the collider centre, not the CG; not carried in this table",14511.893920898438,2476.0047599999994,5.861012125396092,0.8611745834350586,2,1,frame,32700,3,8,warpmpm,"no, prescribed SDF collider",no FORD or NO-FORD verdict is reportable
fidF_g64_vc1.1481_vw2.7716_r1,fidF,fidelity,"SILVERADO fine mesh, NOT the Yaris",silverado_fine_48706v,vehicle_rest,settled_f250_400,400,250,,64,0.20462011694908144,0.3,1.4661315049226236,1.14805,2.771639,3.000000258136822,-22.499991816303908,4773.663561668427,4338.9074432373045,-1990.4135246276855,5357.722030639648,"torque is about the collider centre, not the CG; not carried in this table",14511.888427734375,2476.0047599999994,5.86100990683652,0.8012729017460493,2,1,frame,32700,3,8,warpmpm,"no, prescribed SDF collider",no FORD or NO-FORD verdict is reportable
fidF_g64_vc2.1213_vw2.1213_r1,fidF,fidelity,"SILVERADO fine mesh, NOT the Yaris",silverado_fine_48706v,vehicle_rest,settled_f250_400,400,250,,64,0.20462011694908144,0.3,1.4661315049226236,2.12132,2.12132,2.9999995141332936,-45.0,3183.2046261637083,2166.086650085449,-2332.5651794433593,5041.261944580078,"torque is about the collider centre, not the CG; not carried in this table",14511.890075683594,2476.0047599999994,5.861010572404392,0.7891074240790986,2,1,frame,32700,3,8,warpmpm,"no, prescribed SDF collider",no FORD or NO-FORD verdict is reportable
fidF_g64_vc2.7716_vw1.1481_r1,fidF,fidelity,"SILVERADO fine mesh, NOT the Yaris",silverado_fine_48706v,vehicle_rest,settled_f250_400,400,250,,64,0.20462011694908144,0.3,1.4661315049226236,2.771639,1.14805,3.000000258136822,-67.5000081836961,6085.587312521917,2808.167626953125,-5398.941333007812,7412.957315063477,"torque is about the collider centre, not the CG; not carried in this table",14511.884948730469,2476.0047599999994,5.86100850174879,0.7500232782876676,2,1,frame,32700,3,8,warpmpm,"no, prescribed SDF collider",no FORD or NO-FORD verdict is reportable
fidF_g64_vc3.0000_vw0.0000_r1,fidF,fidelity,"SILVERADO fine mesh, NOT the Yaris",silverado_fine_48706v,vehicle_rest,settled_f250_400,400,250,,64,0.20462011694908144,0.3,1.4661315049226236,3.0,0.0,3.0,-90.0,1587.2160425163497,6.85015928093344,-1587.2012603759765,2820.27021484375,"torque is about the collider centre, not the CG; not carried in this table",14511.892456054688,2476.0047599999994,5.861011533780206,0.8816094398498535,2,1,frame,32700,3,8,warpmpm,"no, prescribed SDF collider",no FORD or NO-FORD verdict is reportable
seed0_g64_vc0.0000_vw3.0000_r1,seed0,arc,"iso-|v_rel| arc, transient window",yaris_coarse_v1l_watertight,vehicle_rest,transient_f20_60,60,20,0,64,0.1472147236519959,0.3,2.037839643738194,0.0,3.0,3.0,-0.0,4409.844928887657,4409.617137432098,-44.82184848189354,2677.3541474342346,"torque is about the collider centre, not the CG; not carried in this table",9149.195617675781,4468.62177,2.0474311965937053,0.7834530671437582,2,,frame,41648,4,12,warpmpm,"no, prescribed SDF collider",no FORD or NO-FORD verdict is reportable
seed0_g64_vc1.1481_vw2.7716_r1,seed0,arc,"iso-|v_rel| arc, transient window",yaris_coarse_v1l_watertight,vehicle_rest,transient_f20_60,60,20,0,64,0.1472147236519959,0.3,2.037839643738194,1.14805,2.771639,3.000000258136822,-22.499991816303908,6119.340232324912,5725.804620742798,-2159.047550201416,4451.213971614838,"torque is about the collider centre, not the CG; not carried in this table",9149.197082519531,4468.62177,2.0474315244003147,0.7833960658121115,2,,frame,41648,4,12,warpmpm,"no, prescribed SDF collider",no FORD or NO-FORD verdict is reportable
seed0_g64_vc2.1213_vw2.1213_r1,seed0,arc,"iso-|v_rel| arc, transient window",yaris_coarse_v1l_watertight,vehicle_rest,transient_f20_60,60,20,0,64,0.1472147236519959,0.3,2.037839643738194,2.12132,2.12132,2.9999995141332936,-45.0,5755.0624516452135,4549.76051902771,-3524.262056350708,4990.389221191406,"torque is about the collider centre, not the CG; not carried in this table",9149.196899414062,4468.62177,2.0474314834244884,0.8101311184582072,1,,frame,41648,4,11,warpmpm,"no, prescribed SDF collider",no FORD or NO-FORD verdict is reportable
seed0_g64_vc2.7716_vw1.1481_r1,seed0,arc,"iso-|v_rel| arc, transient window",yaris_coarse_v1l_watertight,vehicle_rest,transient_f20_60,60,20,0,64,0.1472147236519959,0.3,2.037839643738194,2.771639,1.14805,3.000000258136822,-67.5000081836961,3969.252924851813,2157.92560005188,-3331.4149975776672,4380.867356300354,"torque is about the collider centre, not the CG; not carried in this table",9149.201843261719,4468.62177,2.047432589771794,0.8440556113292879,2,,frame,41648,4,12,warpmpm,"no, prescribed SDF collider",no FORD or NO-FORD verdict is reportable
seed0_g64_vc3.0000_vw0.0000_r1,seed0,arc,"iso-|v_rel| arc, transient window",yaris_coarse_v1l_watertight,vehicle_rest,transient_f20_60,60,20,0,64,0.1472147236519959,0.3,2.037839643738194,3.0,0.0,3.0,-90.0,2158.1836429243717,-24.973629648797214,-2158.039145708084,2849.443744659424,"torque is about the collider centre, not the CG; not carried in this table",9149.200561523438,4468.62177,2.047432302941011,0.8559466203053793,2,,frame,41648,4,12,warpmpm,"no, prescribed SDF collider",no FORD or NO-FORD verdict is reportable
seed1_g64_vc0.0000_vw3.0000_r1,seed1,arc,"iso-|v_rel| arc, transient window",yaris_coarse_v1l_watertight,vehicle_rest,transient_f20_60,60,20,1,64,0.1472147236519959,0.3,2.037839643738194,0.0,3.0,3.0,-0.0,4424.278701859246,4424.024868249893,-47.391949019394815,2677.5779027938843,"torque is about the collider centre, not the CG; not carried in this table",9162.163146972656,4468.62177,2.0503331046012105,0.7831532955169678,2,,frame,41649,4,12,warpmpm,"no, prescribed SDF collider",no FORD or NO-FORD verdict is reportable
seed1_g64_vc1.1481_vw2.7716_r1,seed1,arc,"iso-|v_rel| arc, transient window",yaris_coarse_v1l_watertight,vehicle_rest,transient_f20_60,60,20,1,64,0.1472147236519959,0.3,2.037839643738194,1.14805,2.771639,3.000000258136822,-22.499991816303908,6149.568414538555,5750.1283531188965,-2180.1870579719543,4457.718743801117,"torque is about the collider centre, not the CG; not carried in this table",9162.15673828125,4468.62177,2.0503316704472954,0.7824182330873872,2,,frame,41649,4,12,warpmpm,"no, prescribed SDF collider",no FORD or NO-FORD verdict is reportable
seed1_g64_vc2.1213_vw2.1213_r1,seed1,arc,"iso-|v_rel| arc, transient window",yaris_coarse_v1l_watertight,vehicle_rest,transient_f20_60,60,20,1,64,0.1472147236519959,0.3,2.037839643738194,2.12132,2.12132,2.9999995141332936,-45.0,5787.13003197306,4569.831064224243,-3550.7066974639893,5004.8266525268555,"torque is about the collider centre, not the CG; not carried in this table",9162.157287597656,4468.62177,2.050331793374774,0.8091146486990974,1,,frame,41649,4,11,warpmpm,"no, prescribed SDF collider",no FORD or NO-FORD verdict is reportable
seed1_g64_vc2.7716_vw1.1481_r1,seed1,arc,"iso-|v_rel| arc, transient window",yaris_coarse_v1l_watertight,vehicle_rest,transient_f20_60,60,20,1,64,0.1472147236519959,0.3,2.037839643738194,2.771639,1.14805,3.000000258136822,-67.5000081836961,3972.4584254225633,2163.5887916088104,-3331.5626187324524,4394.092971801758,"torque is about the collider centre, not the CG; not carried in this table",9162.16259765625,4468.62177,2.050332981673732,0.8436514585944643,2,,frame,41649,4,12,warpmpm,"no, prescribed SDF collider",no FORD or NO-FORD verdict is reportable
seed1_g64_vc3.0000_vw0.0000_r1,seed1,arc,"iso-|v_rel| arc, transient window",yaris_coarse_v1l_watertight,vehicle_rest,transient_f20_60,60,20,1,64,0.1472147236519959,0.3,2.037839643738194,3.0,0.0,3.0,-90.0,2151.2178908493315,-28.750440875533968,-2151.0257613658905,2827.0062234401703,"torque is about the collider centre, not the CG; not carried in this table",9162.160766601562,4468.62177,2.0503325719154706,0.8557647864023844,2,,frame,41649,4,12,warpmpm,"no, prescribed SDF collider",no FORD or NO-FORD verdict is reportable
seed2_g64_vc0.0000_vw3.0000_r1,seed2,arc,"iso-|v_rel| arc, transient window",yaris_coarse_v1l_watertight,vehicle_rest,transient_f20_60,60,20,2,64,0.1472147236519959,0.3,2.037839643738194,0.0,3.0,3.0,-0.0,4414.780074389776,4414.526385307312,-47.32756759598851,2664.714038848877,"torque is about the collider centre, not the CG; not carried in this table",9147.754943847656,4468.62177,2.0471087987936056,0.7838792006174723,2,,frame,41648,4,12,warpmpm,"no, prescribed SDF collider",no FORD or NO-FORD verdict is reportable
seed2_g64_vc1.1481_vw2.7716_r1,seed2,arc,"iso-|v_rel| arc, transient window",yaris_coarse_v1l_watertight,vehicle_rest,transient_f20_60,60,20,2,64,0.1472147236519959,0.3,2.037839643738194,1.14805,2.771639,3.000000258136822,-22.499991816303908,6140.106311005387,5743.941031455994,-2169.8034329414368,4464.6959047317505,"torque is about the collider centre, not the CG; not carried in this table",9147.750915527344,4468.62177,2.047107897325431,0.7829348891868044,2,,frame,41648,4,12,warpmpm,"no, prescribed SDF collider",no FORD or NO-FORD verdict is reportable
seed2_g64_vc2.1213_vw2.1213_r1,seed2,arc,"iso-|v_rel| arc, transient window",yaris_coarse_v1l_watertight,vehicle_rest,transient_f20_60,60,20,2,64,0.1472147236519959,0.3,2.037839643738194,2.12132,2.12132,2.9999995141332936,-45.0,5775.473985874843,4561.162307739258,-3542.8658123016357,4988.282295227051,"torque is about the collider centre, not the CG; not carried in this table",9147.751098632812,4468.62177,2.0471079383012567,0.8096471039715192,1,,frame,41648,4,11,warpmpm,"no, prescribed SDF collider",no FORD or NO-FORD verdict is reportable
seed2_g64_vc2.7716_vw1.1481_r1,seed2,arc,"iso-|v_rel| arc, transient window",yaris_coarse_v1l_watertight,vehicle_rest,transient_f20_60,60,20,2,64,0.1472147236519959,0.3,2.037839643738194,2.771639,1.14805,3.000000258136822,-67.5000081836961,3972.573118780784,2160.828046798706,-3333.490563392639,4379.262427330017,"torque is about the collider centre, not the CG; not carried in this table",9147.750183105469,4468.62177,2.047107733422126,0.8439804870129141,2,,frame,41648,4,12,warpmpm,"no, prescribed SDF collider",no FORD or NO-FORD verdict is reportable
seed2_g64_vc3.0000_vw0.0000_r1,seed2,arc,"iso-|v_rel| arc, transient window",yaris_coarse_v1l_watertight,vehicle_rest,transient_f20_60,60,20,2,64,0.1472147236519959,0.3,2.037839643738194,3.0,0.0,3.0,-90.0,2155.316373774353,-24.1387757640332,-2155.1811966896057,2856.3531532287598,"torque is about the collider centre, not the CG; not carried in this table",9147.752197265625,4468.62177,2.0471081841562135,0.8556908766428629,2,,frame,41648,4,12,warpmpm,"no, prescribed SDF collider",no FORD or NO-FORD verdict is reportable
seed3_g64_vc0.0000_vw3.0000_r1,seed3,arc,"iso-|v_rel| arc, transient window",yaris_coarse_v1l_watertight,vehicle_rest,transient_f20_60,60,20,3,64,0.1472147236519959,0.3,2.037839643738194,0.0,3.0,3.0,-0.0,4417.409906066935,4417.165053129196,-46.509908970445395,2665.1154861450195,"torque is about the collider centre, not the CG; not carried in this table",9147.145568847656,4468.62177,2.0469724312441993,0.783555825551351,2,,frame,41643,4,12,warpmpm,"no, prescribed SDF collider",no FORD or NO-FORD verdict is reportable
seed3_g64_vc1.1481_vw2.7716_r1,seed3,arc,"iso-|v_rel| arc, transient window",yaris_coarse_v1l_watertight,vehicle_rest,transient_f20_60,60,20,3,64,0.1472147236519959,0.3,2.037839643738194,1.14805,2.771639,3.000000258136822,-22.499991816303908,6161.733959992132,5763.484112739563,-2179.2696657180786,4478.580286979675,"torque is about the collider centre, not the CG; not carried in this table",9147.144104003906,4468.62177,2.04697210343759,0.7822928157672876,2,,frame,41643,4,12,warpmpm,"no, prescribed SDF collider",no FORD or NO-FORD verdict is reportable
seed3_g64_vc2.1213_vw2.1213_r1,seed3,arc,"iso-|v_rel| arc, transient window",yaris_coarse_v1l_watertight,vehicle_rest,transient_f20_60,60,20,3,64,0.1472147236519959,0.3,2.037839643738194,2.12132,2.12132,2.9999995141332936,-45.0,5767.209930727203,4560.755619049072,-3529.9034786224365,4994.481285095215,"torque is about the collider centre, not the CG; not carried in this table",9147.146850585938,4468.62177,2.0469727180749824,0.8099194569507057,1,,frame,41643,4,11,warpmpm,"no, prescribed SDF collider",no FORD or NO-FORD verdict is reportable
seed3_g64_vc2.7716_vw1.1481_r1,seed3,arc,"iso-|v_rel| arc, transient window",yaris_coarse_v1l_watertight,vehicle_rest,transient_f20_60,60,20,3,64,0.1472147236519959,0.3,2.037839643738194,2.771639,1.14805,3.000000258136822,-67.5000081836961,3968.6218258921685,2161.156824350357,-3328.567316055298,4384.629681587219,"torque is about the collider centre, not the CG; not carried in this table",9147.140441894531,4468.62177,2.046971283921067,0.8438852442378901,2,,frame,41643,4,12,warpmpm,"no, prescribed SDF collider",no FORD or NO-FORD verdict is reportable
seed3_g64_vc3.0000_vw0.0000_r1,seed3,arc,"iso-|v_rel| arc, transient window",yaris_coarse_v1l_watertight,vehicle_rest,transient_f20_60,60,20,3,64,0.1472147236519959,0.3,2.037839643738194,3.0,0.0,3.0,-90.0,2152.3702338056437,-26.489428551634774,-2152.2072236537933,2853.463407754898,"torque is about the collider centre, not the CG; not carried in this table",9147.146118164062,4468.62177,2.0469725541716777,0.8556655248006185,2,,frame,41643,4,12,warpmpm,"no, prescribed SDF collider",no FORD or NO-FORD verdict is reportable
seed4_g64_vc0.0000_vw3.0000_r1,seed4,arc,"iso-|v_rel| arc, transient window",yaris_coarse_v1l_watertight,vehicle_rest,transient_f20_60,60,20,4,64,0.1472147236519959,0.3,2.037839643738194,0.0,3.0,3.0,-0.0,4424.6328415068565,4424.393110752106,-46.058480981737375,2675.4208710193634,"torque is about the collider centre, not the CG; not carried in this table",9141.543640136719,4468.62177,2.0457188168191554,0.7833040555318197,2,,frame,41636,4,12,warpmpm,"no, prescribed SDF collider",no FORD or NO-FORD verdict is reportable
seed4_g64_vc1.1481_vw2.7716_r1,seed4,arc,"iso-|v_rel| arc, transient window",yaris_coarse_v1l_watertight,vehicle_rest,transient_f20_60,60,20,4,64,0.1472147236519959,0.3,2.037839643738194,1.14805,2.771639,3.000000258136822,-22.499991816303908,6152.512097930567,5755.947031021118,-2173.126524448395,4459.956717014313,"torque is about the collider centre, not the CG; not carried in this table",9141.548034667969,4468.62177,2.0457198002389827,0.7826214904357548,2,,frame,41636,4,12,warpmpm,"no, prescribed SDF collider",no FORD or NO-FORD verdict is reportable
seed4_g64_vc2.1213_vw2.1213_r1,seed4,arc,"iso-|v_rel| arc, transient window",yaris_coarse_v1l_watertight,vehicle_rest,transient_f20_60,60,20,4,64,0.1472147236519959,0.3,2.037839643738194,2.12132,2.12132,2.9999995141332936,-45.0,5789.654752109893,4575.546123504639,-3547.4610385894775,5012.620891571045,"torque is about the collider centre, not the CG; not carried in this table",9141.55078125,4468.62177,2.045720414876375,0.8092872541206535,1,,frame,41636,4,11,warpmpm,"no, prescribed SDF collider",no FORD or NO-FORD verdict is reportable
seed4_g64_vc2.7716_vw1.1481_r1,seed4,arc,"iso-|v_rel| arc, transient window",yaris_coarse_v1l_watertight,vehicle_rest,transient_f20_60,60,20,4,64,0.1472147236519959,0.3,2.037839643738194,2.771639,1.14805,3.000000258136822,-67.5000081836961,3960.364950876247,2154.068546295166,-3323.3235235214233,4359.944459915161,"torque is about the collider centre, not the CG; not carried in this table",9141.544555664062,4468.62177,2.045719021698286,0.8440281362930769,2,,frame,41636,4,12,warpmpm,"no, prescribed SDF collider",no FORD or NO-FORD verdict is reportable
seed4_g64_vc3.0000_vw0.0000_r1,seed4,arc,"iso-|v_rel| arc, transient window",yaris_coarse_v1l_watertight,vehicle_rest,transient_f20_60,60,20,4,64,0.1472147236519959,0.3,2.037839643738194,3.0,0.0,3.0,-90.0,2147.873363289612,-23.781865819590166,-2147.7416994571686,2846.1195044517517,"torque is about the collider centre, not the CG; not carried in this table",9141.551879882812,4468.62177,2.0457206607313316,0.8558793067932129,2,,frame,41636,4,12,warpmpm,"no, prescribed SDF collider",no FORD or NO-FORD verdict is reportable
