Title,Authors,DOI,DOI link,Venue,Citation count,Year,Summary,"Depth-velocity threshold or critical depth reported for vehicle instability, with units",Driving/propulsive force or rolling friction coefficient used or measured,"Number and type of vehicle models tested, model scale if applicable","Vehicle motion state: stationary, towed, or self-propelled","Supporting quotes for ""Summary""","Supporting tables for ""Summary""","Reasoning for ""Summary""","Supporting quotes for ""Depth-velocity threshold or critical depth reported for vehicle instability, with units""","Supporting tables for ""Depth-velocity threshold or critical depth reported for vehicle instability, with units""","Reasoning for ""Depth-velocity threshold or critical depth reported for vehicle instability, with units""","Supporting quotes for ""Driving/propulsive force or rolling friction coefficient used or measured""","Supporting tables for ""Driving/propulsive force or rolling friction coefficient used or measured""","Reasoning for ""Driving/propulsive force or rolling friction coefficient used or measured""","Supporting quotes for ""Number and type of vehicle models tested, model scale if applicable""","Supporting tables for ""Number and type of vehicle models tested, model scale if applicable""","Reasoning for ""Number and type of vehicle models tested, model scale if applicable""","Supporting quotes for ""Vehicle motion state: stationary, towed, or self-propelled""","Supporting tables for ""Vehicle motion state: stationary, towed, or self-propelled""","Reasoning for ""Vehicle motion state: stationary, towed, or self-propelled"""
Experimental studies on the interaction between vehicles and floodplain flows,"F. Teo, J. Xia, R. Falconer, B. Lin",10.1080/15715124.2012.674040,https://doi.org/10.1080/15715124.2012.674040,International Journal of River Basin Management,,2012,"The study found that model vehicles significantly impact floodwater flow propagation and hydrodynamic processes in flooded areas, with floodwater depth and flow velocity being key factors affecting vehicle stability. The research used extensive physical experimental studies with scaled model vehicles in laboratory flumes to investigate these dynamics and developed a novel Traffic Light of Hydraulic Stability (TLHS) system to assess vehicle hazard conditions.",Not mentioned (the abstract does not provide specific numeric thresholds or units for vehicle instability),Not mentioned (no information on driving/propulsive force or rolling friction coefficient is included in the abstract),Not mentioned (the abstract does not specify the number or type of vehicle models tested or the model scale ratio),Stationary,"  - ""The two principal factors of hazards (i.e. the floodwater depth and flow velocity) that affect the stability of model vehicles in urban floodplains have been identified to confirm the significant impact of hydrodynamic processes in urban floodplains with vehicles.""
  - ""Extensive investigations have been undertaken on stationary scaled die cast model vehicles in laboratory hydraulics flumes by conducting a series of physical experimental studies on: (i) the threshold of vehicle instability, (ii) the effects of vehicle orientation, (iii) the effects of ground surface gradient, (iv) the vehicle stability on urban floodplains, and (v) the influence of vehicles on floodwater flows.""
  - ""Based on these findings, an innovative approach of a straightforward three colour zone envelope curve has been developed, and first introduced herein, which has been defined as the Traffic Light of Hydraulic Stability (TLHS) system.""",,"- The main finding is that model vehicles significantly impact floodwater flow propagation and hydrodynamic processes in flooded areas. This is highlighted by the effects of flow depth and velocity on vehicle stability.
- The methodology used involved extensive physical experimental studies using stationary scaled die cast model vehicles in laboratory hydraulics flumes. These studies examined various factors such as vehicle instability, orientation, ground surface gradient, and the influence of vehicles on floodwater flows.
- The strength of evidence is supported by the identification of two principal factors affecting vehicle stability (floodwater depth and flow velocity) and the development of a novel approach called the Traffic Light of Hydraulic Stability (TLHS) system.","  - ""Extensive investigations have been undertaken on stationary scaled die cast model vehicles in laboratory hydraulics flumes by conducting a series of physical experimental studies on: (i) the threshold of vehicle instability, (ii) the effects of vehicle orientation, (iii) the effects of ground surface gradient, (iv) the vehicle stability on urban floodplains, and (v) the influence of vehicles on floodwater flows.""
  - ""The main findings have highlighted that: (i) the model vehicles had a significant impact on the floodwater flow propagation and the hydrodynamic processes in the flooded area, (ii) if the incoming flow depth was less than the vehicle height, then the threshold velocity increased for a decease in the depth of flow; (iii) if the incoming flow depth was greater than the vehicle height, then the threshold velocity would rise with an increase in the depth of flow, and (iv) a flooded vehicle was more likely to move if the incoming depth just approached the vehicle chassis height due to the buoyancy effects.""
  - ""The two principal factors of hazards (i.e. the floodwater depth and flow velocity) that affect the stability of model vehicles in urban floodplains have been identified to confirm the significant impact of hydrodynamic processes in urban floodplains with vehicles.""",,"- The abstract mentions that the study investigates the ""threshold of vehicle instability,"" which is directly related to the question about the depth-velocity threshold for vehicle instability.
- The abstract provides some qualitative insights into how the threshold velocity changes with flow depth relative to vehicle height, but it does not provide specific numeric values or units for these thresholds.
- The abstract does not specify any particular numeric threshold or critical depth for vehicle instability, nor does it provide units such as meters or meters squared per second.
- The abstract discusses the influence of floodwater depth and flow velocity on vehicle stability but does not quantify these factors in terms of specific thresholds.","  - ""The main findings have highlighted that: (i) the model vehicles had a significant impact on the floodwater flow propagation and the hydrodynamic processes in the flooded area, (ii) if the incoming flow depth was less than the vehicle height, then the threshold velocity increased for a decease in the depth of flow; (iii) if the incoming flow depth was greater than the vehicle height, then the threshold velocity would rise with an increase in the depth of flow, and (iv) a flooded vehicle was more likely to move if the incoming depth just approached the vehicle chassis height due to the buoyancy effects.""
  - ""Extensive investigations have been undertaken on stationary scaled die cast model vehicles in laboratory hydraulics flumes by conducting a series of physical experimental studies on: (i) the threshold of vehicle instability, (ii) the effects of vehicle orientation, (iii) the effects of ground surface gradient, (iv) the vehicle stability on urban floodplains, and (v) the influence of vehicles on floodwater flows.""
  - ""The two principal factors of hazards (i.e. the floodwater depth and flow velocity) that affect the stability of model vehicles in urban floodplains have been identified to confirm the significant impact of hydrodynamic processes in urban floodplains with vehicles.""",,"- The abstract discusses various experimental studies related to the interaction between vehicles and floodplain flows, focusing on factors like vehicle instability, orientation, ground surface gradient, and stability.
- The experiments were conducted using stationary scaled die-cast model vehicles in laboratory hydraulics flumes, which suggests a focus on hydrodynamic processes rather than driving or propulsive forces.
- The abstract mentions the impact of floodwater depth and flow velocity on vehicle stability, but it does not provide specific values or measurements for driving/propulsive forces or rolling friction coefficients.
- The main findings highlight the effects of floodwater depth and velocity on vehicle stability, but again, no specific values or coefficients are mentioned.","  - ""Extensive investigations have been undertaken on stationary scaled die cast model vehicles in laboratory hydraulics flumes by conducting a series of physical experimental studies on: (i) the threshold of vehicle instability, (ii) the effects of vehicle orientation, (iii) the effects of ground surface gradient, (iv) the vehicle stability on urban floodplains, and (v) the influence of vehicles on floodwater flows.""
  - ""All experiments undertaken so far have only looked into the conditions under which the model vehicles begin to be moved.""",,"- The abstract mentions that ""stationary scaled die cast model vehicles"" were used in the experiments. This indicates that scaled models were used, but it does not specify the number or type of vehicle models.
- The abstract does not provide specific details about the number of distinct vehicle models tested or their types.
- There is no mention of the physical model scale ratio (e.g., 1:14, 1:18, 1:24) in the abstract.
- The focus of the study was on the hydrodynamic behavior and stability of vehicles in flood conditions, but specific details about the vehicle models themselves are not provided.","  - ""Extensive investigations have been undertaken on stationary scaled die cast model vehicles in laboratory hydraulics flumes by conducting a series of physical experimental studies on: (i) the threshold of vehicle instability, (ii) the effects of vehicle orientation, (iii) the effects of ground surface gradient, (iv) the vehicle stability on urban floodplains, and (v) the influence of vehicles on floodwater flows.""
  - ""All experiments undertaken so far have only looked into the conditions under which the model vehicles begin to be moved.""",,"- The abstract explicitly states that the investigations were conducted on ""stationary scaled die cast model vehicles."" This indicates that the vehicles were not moving under their own power or being towed during the experiments.
- The phrase ""stationary scaled die cast model vehicles"" directly answers the question about the vehicle motion state, as it specifies that the vehicles were stationary.
- The mention of ""conditions under which the model vehicles begin to be moved"" suggests that the focus was on when the vehicles would start moving due to external forces (like water flow), but it does not imply that the vehicles were self-propelled or towed during the testing."
A numerical approach to understand the responses of passenger vehicles moving through floodwaters,"E. Al-Qadami, Z. Mustaffa, M. E. Al-Atroush, E. Martínez‐Gomariz, F. Teo, Y. El‐Husseini",10.1111/jfr3.12828,https://doi.org/10.1111/jfr3.12828,Journal of Flood Risk Management,,2022,"Numerical simulations identified a critical flow depth of 0.38m and a minimum depth×velocity threshold of 0.39m2/s for a medium-size passenger vehicle moving through floodwaters, with findings validated by comparison with experimental work.","0.38 m critical depth, 0.39 m2/s minimum depth-velocity threshold, medium-size passenger vehicle","rolling friction coefficient = 0.3, assumed not measured",1 full-scale medium-size passenger vehicle model (Perodua Viva),self-propelled,"  - ""Finally, it was observed that the critical flow depth was 0.38 m, while the minimum depth×velocity threshold function was 0.39 m2/s, for the tested vehicle.""
  - ""Herein, for the very first time numerical simulations were conducted to investigate the hydrodynamic forces on a full‐scale medium‐size passenger vehicle moving perpendicular to the incoming floodwaters.""
  - ""Later, a comparison between simulation outcomes and previously published experimental work was performed and a good agreement was observed.""
  - ""Sliding and floating instability modes were observed by detecting the position of the vehicle centre of mass at each time step.""",,"- The main finding of the study is the identification of the critical flow depth and the minimum depth×velocity threshold function for a medium-size passenger vehicle moving through floodwaters. This is crucial for understanding the stability of vehicles in such conditions.
- The methodology used was numerical simulations, which is a novel approach in this context as indicated by ""for the very first time.""
- The strength of evidence is supported by the comparison with previously published experimental work, which showed a good agreement, indicating reliability and validity of the numerical simulation results.","  - ""Finally, it was observed that the critical flow depth was 0.38 m, while the minimum depth×velocity threshold function was 0.39 m2/s, for the tested vehicle.""
  - ""the minimum water depth caused floating was 0.38 m.""
  - ""the minimum depth Â velocity d Â v ð Þthreshold function caused sliding instability mode was 0.39 m 2 /s.""",,"- The paper provides specific thresholds for vehicle instability in terms of both critical flow depth and minimum depth-velocity threshold.
- The critical flow depth is explicitly mentioned as 0.38 m, which is the minimum water depth at which floating instability occurs.
- The minimum depth-velocity threshold is given as 0.39 m2/s, which is the product of depth and velocity that leads to sliding instability.
- Both thresholds are reported for a medium-size passenger vehicle, as indicated by the context of the study.","  - ""The static friction coefficient between vehicle tyers and road plate was set to be 0.3, while the restitution coefficient was chosen to be 1.""
  - ""the frictional forces (F R ) were calculated using Equation ( 17) based on the measured values of vertical forces (F V""
  - ""the driving force decreased significantly with the increment of water depth and buoyancy force because of the loss of traction.""
  - ""The power that comes from the vehicle engine keeps it in movement and pushes it forward inside the floodwaters is called driving force.""
  - ""The driving force is mainly governed by engine power, water depth around the vehicle, and the upward pushing forces and it can be calculated by Equation (18).""",,"- The paper mentions the use of a static friction coefficient between the vehicle tires and the road plate, which is set to 0.3. This is relevant to the rolling friction coefficient.
- The driving force is discussed in terms of its calculation and its decrease with water depth and buoyancy force, but no specific numerical value for the driving force is provided in the text.
- The restitution coefficient is mentioned as being set to 1, but this is not directly related to the driving or propulsive force.
- The paper does not provide a specific numerical value for the driving or propulsive force, nor does it mention measuring these forces directly.","  - ""Herein, for the very first time numerical simulations were conducted to investigate the hydrodynamic forces on a full‐scale medium‐size passenger vehicle moving perpendicular to the incoming floodwaters.""
  - ""In this study, 3D CFD modelling was conducted to investigate the responses of a medium-size passenger vehicle moving inside floodwaters.""
  - ""A Perodua Viva vehicle model was selected to represent the typical Malaysian passenger vehicle.""
  - ""The vehicle was defined to cross 5.2 m inside floodwaters with a speed of 0.52 m/s.""
  - ""The vehicle body was exposed to a total of 13 different combinations of flow velocities and water depths at which the vehicle longitudinal side was facing the incoming flow (90 orientation).""",,"- The paper mentions that numerical simulations were conducted on a ""full-scale medium-size passenger vehicle,"" indicating that the study used a full-scale model rather than a scaled-down version.
- The specific vehicle model used in the study is identified as a ""Perodua Viva vehicle model,"" which is described as representing a typical Malaysian passenger vehicle.
- The study involved testing this single vehicle model under various conditions, as indicated by the mention of ""13 different combinations of flow velocities and water depths.""
- There is no mention of multiple vehicle models or any scaling ratios, as the study focused on a single full-scale model.","  - ""the vehicle was moved in y-direction with a constant speed of 0.52 m/s.""
  - ""The vehicle was defined to cross 5.2 m inside floodwaters with a speed of 0.52 m/s.""
  - ""The vehicle speed was chosen under the assumption that the drivers start to cross the flooded roadways slowly and carefully.""
  - ""The response of a full-scale medium-size passenger vehicle moving inside floodwaters placed at 90 corresponding to the incoming flow was investigated.""
  - ""Herein, for the very first time numerical simulations were conducted to investigate the hydrodynamic forces on a full‐scale medium‐size passenger vehicle moving perpendicular to the incoming floodwaters.""",,"- The study involves numerical simulations of a vehicle moving through floodwaters, indicating that the vehicle is not stationary.
- The vehicle is described as moving perpendicular to the incoming floodwaters, which suggests it is self-propelled rather than towed.
- The vehicle is given a constant speed of 0.52 m/s, which further supports that it is self-propelled.
- The context of the study is to understand the responses of vehicles moving through floodwaters, which aligns with the vehicle being self-propelled."
CFD Method Development for Simulating Water Fording for a Passenger Car,"M. Varshney, S. Pasunurthi, D. Maiti, Chiranth Srinivasan, R. Ranganathan, H. Ding",10.4271/2021-01-0205,https://doi.org/10.4271/2021-01-0205,,,2021,"The paper develops a CFD method using Simerics-MP+ to simulate water fording for a passenger car, finding that under certain conditions, negligible water enters the engine, making it safe to wade the car.",Not mentioned (the abstract does not provide a specific numeric threshold for vehicle instability),Not mentioned (the abstract does not provide information on driving/propulsive force or rolling friction coefficient),"1 passenger car model, no scale ratio mentioned",self-propelled,"  - ""The present work deals with the development of a CFD method to simulate water fording/water wading for a passenger car.""
  - ""The developed method is used to quantify the amount of water that has entered as well as held up in the Air Induction System of the engine for a given height and car velocity.""
  - ""The CFD method development has been done using the commercial code, Simerics-MP+&lt;sup&gt;®&lt;/sup&gt;.&lt;/div&gt;&lt;div""
  - ""The ability of numerical simulations to effectively replicate testing performed in a long water tank is put to test in this paper.""
  - ""It was seen that almost negligible amount of water has entered in the AIS and ultimately engine and hence it is safe to wade the car under such conditions.&lt;/div&gt;&lt;/div&gt;""",,"- The main finding of the paper is that the developed CFD method can effectively simulate water fording for a passenger car, indicating that it is safe to wade the car under certain conditions with negligible water entering the engine.
- The methodology used involves the development of a CFD method using the Simerics-MP+ commercial code, which utilizes a multiphase Volume of Fluid (VOF) methodology to capture water/air interaction.
- The strength of evidence is supported by the ability of the numerical simulations to replicate testing performed in a long water tank, and the method's capability to quantify water entry into the Air Induction System.","  - ""The present work deals with the development of a CFD method to simulate water fording/water wading for a passenger car.""
  - ""The developed method has been used to simulate a passenger car wading through pool with 12 inches of water height with a speed of 10 mph.""
  - ""It was seen that almost negligible amount of water has entered in the AIS and ultimately engine and hence it is safe to wade the car under such conditions.&lt;/div&gt;&lt;/div&gt;""",,"- The abstract discusses the development of a CFD method for simulating water fording for a passenger car, which involves simulating the car wading through water.
- The specific scenario simulated is a passenger car wading through a pool with 12 inches of water height at a speed of 10 mph.
- The abstract states that under these conditions, almost negligible water entered the Air Induction System (AIS) and engine, indicating that the car remained stable.
- However, the abstract does not explicitly mention a ""depth-velocity threshold or critical depth reported for vehicle instability."" It only provides a specific scenario where the car was stable, not the threshold beyond which instability occurs.
- The abstract does not provide a numeric threshold for the onset of vehicle instability in terms of depth or depth-velocity product.","  - ""The present work deals with the development of a CFD method to simulate water fording/water wading for a passenger car.""
  - ""The ability of numerical simulations to effectively replicate testing performed in a long water tank is put to test in this paper.""
  - ""The CFD method development has been done using the commercial code, Simerics-MP+&lt;sup&gt;®&lt;/sup&gt;.&lt;/div&gt;&lt;div""
  - ""In Simerics-MP+, multiphase Volume of Fluid (VOF) methodology has been used to account for capturing the water/air interaction.""
  - ""The simulation involves the complete vehicle CAD moving in water over a few seconds of physical time, so it can be computationally expensive.""
  - ""The developed method is used to quantify the amount of water that has entered as well as held up in the Air Induction System of the engine for a given height and car velocity.""
  - ""The developed method has been used to simulate a passenger car wading through pool with 12 inches of water height with a speed of 10 mph.""",,"- The abstract focuses on the development of a CFD method for simulating water fording for a passenger car, which involves numerical simulations rather than physical measurements of driving or propulsive forces.
- The use of the Volume of Fluid (VOF) methodology and the simulation of the vehicle moving in water suggests a focus on fluid dynamics rather than mechanical forces like rolling friction.
- The abstract does not mention any specific values or measurements related to driving or propulsive forces, nor does it mention any rolling friction coefficients.
- The focus is on simulating water ingestion and flow around the vehicle, rather than on the forces involved in propulsion or rolling resistance.","  - ""The present work deals with the development of a CFD method to simulate water fording/water wading for a passenger car.""
  - ""The developed method has been used to simulate a passenger car wading through pool with 12 inches of water height with a speed of 10 mph.""",,"- The abstract mentions the simulation of a ""passenger car,"" which indicates the type of vehicle model tested.
- There is no mention of multiple vehicle models or different types of vehicles being tested; only a single ""passenger car"" is referenced.
- The abstract does not provide any information about the physical model scale ratio or whether scaled models were used. The focus is on the simulation rather than physical testing.
- The simulation is described as involving a ""passenger car,"" but no specific details about the number of distinct models or scale ratios are provided.","  - ""The developed method has been used to simulate a passenger car wading through pool with 12 inches of water height with a speed of 10 mph.""
  - ""The simulation involves the complete vehicle CAD moving in water over a few seconds of physical time, so it can be computationally expensive.""",,"- The abstract mentions that the simulation involves the ""complete vehicle CAD moving in water,"" which suggests that the vehicle is not stationary during the simulation.
- The phrase ""moving in water"" implies that the vehicle is in motion, which aligns with the definition of self-propelled.
- The specific mention of ""a speed of 10 mph"" further supports that the vehicle is self-propelled, as it is moving under its own power at a controlled speed.
- There is no mention of the vehicle being towed or stationary during the testing, which rules out those options."
Experimental and Numerical Study of Stability of Vehicles Exposed to Flooding,"Manuel Gómez, E. Martínez, B. Russo",10.1007/978-981-10-7218-5_42,https://doi.org/10.1007/978-981-10-7218-5_42,,,2018,"The study defines specific stability limits for vehicles in flood conditions, using both experimental and numerical methods, which can aid municipalities in hazard and risk studies, although numerical modeling is limited by high computational time.",Not mentioned (the abstract does not provide specific numeric thresholds or critical values for vehicle instability),Not mentioned (no information on driving/propulsive force or rolling friction coefficient is included in the abstract),Not mentioned (the abstract does not provide information on the number and type of vehicle models tested or the model scale ratio),Stationary,"  - ""For all the cars tested it is possible to define their specific stability limits that can be used by municipalities in their hazard and risk studies.""
  - ""The results obtained showed the possibilities of 3D numerical model to complement physical tests as a virtual lab, with the only drawback of the high computational time, several days to reproduce few seconds of real time.""",,"- The main finding is that specific stability limits for vehicles in flood conditions can be defined, which is crucial for hazard and risk studies.
- The methodology used involves both experimental testing at the UPC laboratory and numerical modeling using a 3D commercial code (Flow3D).
- The strength of evidence is supported by the combination of physical experiments and numerical modeling, which provides a comprehensive understanding of vehicle stability in flood conditions.","  - ""For all the cars tested it is possible to define their specific stability limits that can be used by municipalities in their hazard and risk studies.""
  - ""The results obtained showed the possibilities of 3D numerical model to complement physical tests as a virtual lab, with the only drawback of the high computational time, several days to reproduce few seconds of real time.""",,"- The abstract discusses the importance of defining stability conditions for vehicles in flood events, which implies that some form of threshold or limit is being considered.
- It mentions that specific stability limits were defined for the cars tested, which suggests that some kind of threshold or critical value was determined.
- However, the abstract does not provide any specific numeric values or units for these stability limits or thresholds.
- The focus of the abstract is on the experimental and numerical methods used to study vehicle stability, rather than on reporting specific thresholds or critical values.","  - ""For all the cars tested it is possible to define their specific stability limits that can be used by municipalities in their hazard and risk studies.""
  - ""Moreover, same process has been repeated but in a numerical way, with a 3D commercial code (Flow3D).""
  - ""When we test the stability of a car, the vehicle can be buoyant and may be swept away creating potential injuries and even casualties.""
  - ""The results obtained showed the possibilities of 3D numerical model to complement physical tests as a virtual lab, with the only drawback of the high computational time, several days to reproduce few seconds of real time.""",,"- The abstract discusses the stability of vehicles in flood conditions and the use of both experimental and numerical methods to study this.
- It mentions the testing of stability conditions and the definition of specific stability limits for vehicles, but it does not provide any specific values or measurements related to driving/propulsive force or rolling friction coefficient.
- The focus of the abstract is on the stability and potential for vehicles to be swept away, rather than on specific forces or coefficients.
- The mention of a 3D numerical model suggests computational analysis, but again, no specific values or measurements related to driving/propulsive force or rolling friction coefficient are provided.","  - ""For all the cars tested it is possible to define their specific stability limits that can be used by municipalities in their hazard and risk studies.""
  - ""Moreover, same process has been repeated but in a numerical way, with a 3D commercial code (Flow3D).""",,"- The abstract mentions that ""all the cars tested"" were used to define stability limits, but it does not specify the number or type of vehicle models tested.
- There is no mention of the physical model scale ratio or whether scaled models were used in the study.
- The abstract focuses on the experimental and numerical methods used but lacks specific details about the vehicle models tested.","  - ""For all the cars tested it is possible to define their specific stability limits that can be used by municipalities in their hazard and risk studies.""
  - ""When we test the stability of a car, the vehicle can be buoyant and may be swept away creating potential injuries and even casualties.""",,"- The abstract mentions testing the stability of cars, which implies that the vehicles are subjected to conditions that could affect their stability, such as being buoyant and potentially swept away. This suggests that the vehicles are not self-propelled during the testing, as they are being affected by external forces (water) rather than moving under their own power.
- The mention of vehicles being ""buoyant and may be swept away"" indicates that the vehicles are likely stationary during the testing, as they are being acted upon by water rather than moving themselves.
- There is no mention of the vehicles being towed during the testing, which would involve them being pulled by another vehicle or force. The focus is on their stability when exposed to flooding, not on their movement due to towing.
- The abstract does not explicitly state the motion state of the vehicles during testing, but based on the context, it is reasonable to infer that they are stationary, as they are being tested for stability in flood conditions."
Victims crossing overflowing watercourses with vehicles in Spain,Á. Enríquez‐de‐Salamanca,10.1111/jfr3.12645,https://doi.org/10.1111/jfr3.12645,Journal of Flood Risk Management,,2020,"Between 2008 and 2018, 125 accidents occurred in Spain with 200 victims and 45 fatalities due to drivers attempting to cross flooded watercourses, primarily caused by drivers' behavior such as underestimating risk and overconfidence. The study analyzed accident data including date, location, and rainfall to reach these findings.","- 0.60 m critical depth for water floating to occur
- Less than 0.70 m 2 /s depth-velocity threshold for small passenger cars
- 0.3-0.5 m critical depth in still water
- 0.10-0.20 m critical depth in high velocity flow","Not mentioned (the paper does not provide specific values for driving force, propulsive force, or rolling friction coefficient)",Not mentioned (the paper does not specify any vehicle models or model scales),,"  - ""The results show that 125 accidents occurred with 200 victims including 45 fatalities.""
  - ""This paper analyses this type of accident in Spain between 2008 and 2018, recording the date, location, number of victims, age and gender, and rainfall during the event.""
  - ""To reduce these risks, it is necessary to increase adaptation and protection measures on roads, but above all, a change in drivers' behaviour to stop them trying to cross‐flooded rivers.""
  - ""The main cause of these accidents was the drivers' behaviour due to: underestimating risk, overconfidence, overvaluation of their driving skills, an excess of trust in the authorities, ignorance about vehicle drag and buoyancy risks, and, social pressure.""",,"- The main finding is that there were 125 accidents with 200 victims and 45 fatalities due to drivers attempting to cross flooded watercourses in Spain between 2008 and 2018.
- The methodology involved analyzing data on accidents, including date, location, number of victims, age, gender, and rainfall.
- The strength of evidence is supported by the detailed analysis of accident data over a decade, which provides a comprehensive understanding of the issue.","  - ""Horizontal water force may produce vehicle sliding, and with a depth around 0.60 m water floating may occur (Kramer, Terheiden, & Wieprecht, 2016); the depth increases buoyancy and reduces the force required to move the vehicles (Smith et al., 2019).""
  - ""Martínez-Gomariz et al. (2018) analyse stability criteria for vehicles exposed to flooding, concluding that the most safety is AR&R (Shand, Cox, Blacka, & Smith, 2011); in this criterion the limiting water depths for stability are, depending on vehicle size, 0.3-0.5 m in still water and 0.10-0.20 in high velocity flow.""
  - ""Shah et al. (2019) indicate that a small passenger car (weight ≤800 kg) that progresses slowly along a flat flooded road remains stable if the product of water velocity and depth is less than 0.70 m 2 /s.""",,"- The paper provides several thresholds related to vehicle instability in floodwater. The first quote mentions a depth of around 0.60 m for water floating to occur, which is a critical depth for vehicle instability.
- The second quote provides a depth-velocity threshold of less than 0.70 m 2 /s for a small passenger car to remain stable, indicating a specific product of water velocity and depth.
- The third quote references stability criteria with specific depth thresholds for different vehicle sizes: 0.3-0.5 m in still water and 0.10-0.20 m in high velocity flow.","  - ""Horizontal water force may produce vehicle sliding, and with a depth around 0.60 m water floating may occur (Kramer, Terheiden, & Wieprecht, 2016); the depth increases buoyancy and reduces the force required to move the vehicles (Smith et al., 2019).""
  - ""Martínez-Gomariz et al. (2018) analyse stability criteria for vehicles exposed to flooding, concluding that the most safety is AR&R (Shand, Cox, Blacka, & Smith, 2011); in this criterion the limiting water depths for stability are, depending on vehicle size, 0.3-0.5 m in still water and 0.10-0.20 in high velocity flow.""
  - ""Shah et al. (2019) indicate that a small passenger car (weight ≤800 kg) that progresses slowly along a flat flooded road remains stable if the product of water velocity and depth is less than 0.70 m 2 /s.""",,"- The paper discusses the factors affecting vehicle stability in flooded conditions, such as water depth and velocity, but does not explicitly mention a driving force, propulsive force, or rolling friction coefficient.
- The quotes provide information on the conditions under which vehicles may float or slide, but these are not direct measurements or values of driving or propulsive forces or rolling friction coefficients.
- The paper focuses on the analysis of accidents and risk factors rather than on specific physical measurements like friction coefficients or driving forces.","  - ""The results show that 125 accidents occurred with 200 victims including 45 fatalities.""
  - ""The main cause of these accidents was the drivers' behaviour due to: underestimating risk, overconfidence, overvaluation of their driving skills, an excess of trust in the authorities, ignorance about vehicle drag and buoyancy risks, and, social pressure.""
  - ""A vehicle exposed to flooding, after losing stability, becomes buoyant and may be washed away (Martínez-Gomariz, Gómez, Russo, & Djordjevi c, 2017;Shah, Mustaffa, Martínez-Gomariz, Kim, et al., 2019).""
  - ""Vehicle stability on flooded roads depends on water depth and velocity; several studies analyse these factors (Martínez-Gomariz et al., 2017;Martínez-Gomariz, Gómez, Russo, & Djordjevi c, 2018;Shah, Mustaffa, Martínez-Gomariz, Yusof, & Al-Qadami, 2019;Shah, Mustaffa, Martínez-Gomariz, Yusof, & Al-Qadami, 2019;Shah, Mustaffa, Martínez-Gomariz, Kim, et al., 2019;Smith et al., 2019;Bocanegra, Vallés-Morán, & Francés, 2020).""","  - ""(Page 4, Table 1) | Date                | Victims                                      | Location                              | Media reference and date                  | Rainfall |\n|---------------------|----------------------------------------------|---------------------------------------|-------------------------------------------|----------|\n| September 22, 2008  | 1 driver (?d) rescued (injured)              | Lucena, Córdoba, S Spain              | Diario de Córdoba, September 23, 2008     | 20.4 mm  |""
  - ""(Page 5, Table 1) | Date               | Victims                                      | Location                               | Media reference and date               | Rainfall  |\n|--------------------|----------------------------------------------|----------------------------------------|----------------------------------------|-----------|\n| November 14, 2012  | 1 driver (?♂) rescued                        | Palma Gandia, Valencia, E Spain        | Europa Press, November 14, 2012        | 106.0 mm  |""
  - ""(Page 6, Table 1) | Date              | Victims                              | Location                                | Media reference and date                          | Rainfall |\n|-------------------|--------------------------------------|-----------------------------------------|--------------------------------------------------|----------|\n| January 20, 2017  | 1 driver (?♀) rescued                | Carraixet, Valencia, E Spain            | Periódico de Aquí, January 20, 2017              | 72.0 mm  |""
  - ""(Page 7, Table 1) | Date              | Victims                                      | Location                                | Media reference and date                                      | Rainfall  |\n|-------------------|----------------------------------------------|-----------------------------------------|---------------------------------------------------------------|-----------|\n| September 17, 2018| 1 driver (≈50♂) and 3 occupant (≈75♂,?,?,?) rescued | Logroño, Rioja, N Spain                 | La Rioja, September 17, 2018                                  | 3.5 mm    |""
  - ""(Page 10, Table 1) | Victims     | Damage    | Number |        | Gender |        |        | Age   |        |        |        |        |\n|-------------|-----------|--------|--------|--------|--------|--------|-------|--------|--------|--------|--------|\n|             |           | T      | %      | M      | %      | F      | %     | Data   | X      | M      | D      | CV     | Data   |""
  - ""(Page 10, Table 2) | Drivers   | Male               |                      |                      |                      | Female              |                      |                      |                      |       |\n|-----------|--------------------|----------------------|----------------------|----------------------|---------------------|----------------------|----------------------|----------------------|-------|\n|           | X                  | M                    | D                    | CV                   | X                   | M                    | D                    | CV                   | Data  |""","- The paper discusses accidents involving vehicles crossing overflowing watercourses in Spain, focusing on the number of accidents, victims, and fatalities.
- The main causes of these accidents are related to driver behavior and vehicle stability issues during flooding.
- The paper does not mention any specific vehicle models being tested or any physical model scale ratios.
- The tables included in the paper provide data on accidents, victims, and rainfall but do not specify vehicle models or scales.
- The study appears to be an analysis of real-world accidents rather than experimental testing of vehicle models.","  - ""The study area is Spain, and the period 2008-2018. Accidents crossing overflowing rivers on vehicles during this period have been analysed.""
  - ""An accident is considered to occur when a vehicle that was crossing a watercourse, by its natural channel or in an area where as a result of a flood was overflowed over a track or road, is trapped, immobilised, submerged or dragged, affecting its occupants, who are forced to escape, be rescued or die.""
  - ""The main cause of these accidents was the drivers' behaviour due to: underestimating risk, overconfidence, overvaluation of their driving skills, an excess of trust in the authorities, ignorance about vehicle drag and buoyancy risks, and, social pressure.""
  - ""A vehicle exposed to flooding, after losing stability, becomes buoyant and may be washed away (Martínez-Gomariz, Gómez, Russo, & Djordjevi c, 2017;Shah, Mustaffa, Martínez-Gomariz, Kim, et al., 2019).""
  - ""Vehicle stability on flooded roads depends on water depth and velocity; several studies analyse these factors (Martínez-Gomariz et al., 2017;Martínez-Gomariz, Gómez, Russo, & Djordjevi c, 2018;Shah, Mustaffa, Martínez-Gomariz, Yusof, & Al-Qadami, 2019;Shah, Mustaffa, Martínez-Gomariz, Yusof, & Al-Qadami, 2019;Shah, Mustaffa, Martínez-Gomariz, Kim, et al., 2019;Smith et al., 2019;Bocanegra, Vallés-Morán, & Francés, 2020).""
  - ""Horizontal water force may produce vehicle sliding, and with a depth around 0.60 m water floating may occur (Kramer, Terheiden, & Wieprecht, 2016); the depth increases buoyancy and reduces the force required to move the vehicles (Smith et al., 2019).""
  - ""Shah et al. (2019) indicate that a small passenger car (weight ≤800 kg) that progresses slowly along a flat flooded road remains stable if the product of water velocity and depth is less than 0.70 m 2 /s.""",,"- The study focuses on accidents involving vehicles crossing overflowing rivers, which implies that the vehicles were in motion when they encountered the flooded areas.
- The description of accidents includes vehicles being ""trapped, immobilised, submerged or dragged,"" indicating that the vehicles were initially self-propelled but became stationary or towed by the water force during the accident.
- The analysis of vehicle stability and buoyancy suggests that vehicles were initially self-propelled but could lose stability and become buoyant or be washed away, indicating a transition from self-propelled to potentially towed by water forces.
- The study does not explicitly state the vehicle motion state during testing, but it implies that vehicles were self-propelled when attempting to cross flooded areas."
Stability criteria for flooded vehicles : A state-ofthe-art review,"Eduardo Martínez-Gomariza, Manuel Gómeza, Beniamino Russob, S. Djordjevi",,,,,2016,"The most safety stability criterion for vehicles exposed to flooding is the one proposed in the Guide AR&R, as identified through a comprehensive state-of-the-art review, although further research is needed to generalize findings across different vehicle models.",Not mentioned (the abstract does not provide specific numeric thresholds for vehicle instability),Not mentioned (the abstract does not provide information on driving/propulsive force or rolling friction coefficient),Not mentioned (the abstract does not provide information on the number or type of vehicle models tested or the model scale ratio),Stationary,"  - ""Nevertheless, in this work it has been demonstrate that the most safety stability criterion for vehicles exposed to flooding up to now is the proposed in the Guide AR&R.""
  - ""Herein a comprehensive state of the art on stability of vehicles exposed to flooding is presented.""
  - ""The knowledge of vehicles stability when those are exposed to flooding is crucial for an informed flood risk management in urban areas.""
  - ""There is a clear need to conduct more research in this field by testing a greater variety of models in order to offer a more general methodology to define stability threshold for any vehicle exposed to flooding.""",,"- The main finding is that the most safety stability criterion for vehicles exposed to flooding is the one proposed in the Guide AR&R, as indicated by the last quote.
- The methodology used is a comprehensive state-of-the-art review, as mentioned in the second quote, which suggests a thorough analysis of existing literature and guidelines.
- The strength of evidence is supported by the comprehensive review and the identification of a specific safety criterion, but there is also a noted need for further research to generalize findings across different vehicle models.","  - ""Nevertheless, in this work it has been demonstrate that the most safety stability criterion for vehicles exposed to flooding up to now is the proposed in the Guide AR&R.""
  - ""There is a clear need to conduct more research in this field by testing a greater variety of models in order to offer a more general methodology to define stability threshold for any vehicle exposed to flooding.""
  - ""The knowledge of vehicles stability when those are exposed to flooding is crucial for an informed flood risk management in urban areas.""
  - ""After losing stability the vehicle becomes buoyant and may be washed away with potential injuries and fatalities.""
  - ""The different studies have been gathered in experimental, theoretical and guidelines proposals and all of them focusing on parked vehicles.""",,"- The abstract discusses the importance of understanding vehicle stability in flood conditions but does not provide specific numeric thresholds for vehicle instability.
- It mentions the need for more research to define a general methodology for stability thresholds, indicating that such specific thresholds are not detailed in the abstract.
- The abstract refers to the Guide AR&R as the most safety stability criterion, but it does not specify what this criterion is or provide any numeric values.
- The abstract does not mention any specific depth-velocity thresholds or critical depths for vehicle instability.","  - ""The knowledge of vehicles stability when those are exposed to flooding is crucial for an informed flood risk management in urban areas.""
  - ""the analysis of the stability of vehicles exposed to flooding is important in order to make decisions to reduce the damages and hazards.""
  - ""Nevertheless, in this work it has been demonstrate that the most safety stability criterion for vehicles exposed to flooding up to now is the proposed in the Guide AR&R.""
  - ""There is a clear need to conduct more research in this field by testing a greater variety of models in order to offer a more general methodology to define stability threshold for any vehicle exposed to flooding.""",,"- The abstract discusses the importance of understanding vehicle stability in flood conditions, which is relevant to the broader context of flood risk management.
- It mentions the need for more research to develop a general methodology for defining stability thresholds, indicating a focus on stability rather than specific forces or coefficients.
- The abstract does not mention any specific driving or propulsive forces or rolling friction coefficients used or measured in the study.
- The focus is on stability criteria and the need for further research, rather than on specific physical parameters like driving forces or friction coefficients.","  - ""The different studies have been gathered in experimental, theoretical and guidelines proposals and all of them focusing on parked vehicles.""
  - ""There is a clear need to conduct more research in this field by testing a greater variety of models in order to offer a more general methodology to define stability threshold for any vehicle exposed to flooding.""",,"- The abstract mentions that the studies gathered focus on parked vehicles, but it does not specify the number or type of vehicle models tested.
- The abstract indicates a need for more research to test a greater variety of models, suggesting that the current study may not have tested a wide range of models.
- There is no mention of the physical model scale ratio or the specific types of vehicle models tested in the abstract.","  - ""The different studies have been gathered in experimental, theoretical and guidelines proposals and all of them focusing on parked vehicles.""",,"- The abstract mentions that the studies gathered focus on ""parked vehicles."" This implies that the vehicles in question are not moving or being driven during the testing, as they are parked.
- The term ""parked vehicles"" suggests that the vehicles are stationary, as they are not in motion or being towed.
- There is no mention of the vehicles being towed or self-propelled in the abstract, which further supports the conclusion that they are stationary."
EXPERIMENTAL STUDIES ON THE THRESHOLD OF VEHICLE INSTABILITY IN FLOODWATERS,"Syed Hamid Hussain Shah, Z. Mustaffa, K. Yusof",10.11113/JT.V80.11198,https://doi.org/10.11113/JT.V80.11198,Jurnal Teknologi,,2018,"A partially submerged vehicle becomes unstable at high water depths and low flow velocities, and vice versa. Stability varies by orientation angle, with most stability at 0°/360° and least at 90°/270°. A die-cast model vehicle was used to determine these thresholds, which were translated into guidelines.","0.0168 m2/s minimum depth-velocity threshold at 0°/360° orientation, 0.0144 m2/s minimum depth-velocity threshold at 90° and 270° orientations","rolling friction coefficient = 0.3, assumed not measured","1 car model, Volkswagen Scirocco R, scale 1:24",Stationary,"  - ""The study concludes that a partially submerged vehicle becomes instable at high water depths and low flow velocities and vice versa.""
  - ""the vehicle was observed to be most stable when positioned at orientation angle of 0°/360°, with the limiting depth × velocity (D*V) value of 0.0168 m2/s.""
  - ""A stationary die-cast model vehicle (1:24) was used with the condition of rear tires being locked only, positioned at different orientation angles on a flat road surface in the partially submerged zone.""
  - ""it was noted to be least stable when positioned at the orientation angle of 90° and 270°, with the limiting (D*V) value of 0.0144 m2/s.""
  - ""The outcomes from this study were later translated into guidelines.""",,"- The main finding is that a partially submerged vehicle becomes unstable at high water depths and low flow velocities, and vice versa. This is a key conclusion from the study.
- The methodology involved using a stationary die-cast model vehicle (1:24 scale) with rear tires locked, positioned at different angles on a flat surface in a partially submerged zone. This provides insight into how the study was conducted.
- The strength of evidence is supported by specific limiting depth × velocity (D*V) values for different orientation angles, indicating a quantitative approach to determining stability thresholds.
- The translation of outcomes into guidelines suggests practical applications of the findings.","  - ""The study concludes that a partially submerged vehicle becomes instable at high water depths and low flow velocities and vice versa.""
  - ""Further, the vehicle was observed to be most stable when positioned at orientation angle of 0°/360°, with the limiting depth × velocity (D*V) value of 0.0168 m2/s.""
  - ""On the other hand, it was noted to be least stable when positioned at the orientation angle of 90° and 270°, with the limiting (D*V) value of 0.0144 m2/s.""
  - ""The D*V values in the table indicates that the vehicle was found to be most stable at the orientation of 0°/360°. Therefore, higher (D*V) values were needed to cause the mode of sliding instability. The lower threshold critical value obtained at this orientation was found to be 0.0168 m 2 /s.""
  - ""On the other hand, the least stable orientation was noticed at 90° and 270°, as the mode of sliding instability was witnessed at very low (D*V) values. The lower threshold critical value obtained at this orientation was found to be 0.0144 m 2 /s.""
  - ""The lower threshold critical values obtained for all orientations are shown in Figure 16""","  - ""(Page 10, Table 1) | Vehicle Orientation (°) | Water Depth (m) | Flow Velocity (m/s) | Depth x Velocity, (D*V) (m²/sec) |\n|-------------------------|-----------------|---------------------|----------------------------------|\n| 0°                      | 0.035           | 0.48                | 0.0168                           |""","- The paper provides specific depth-velocity thresholds for vehicle instability, focusing on the product of depth and velocity (D*V) in m2/s.
- The most stable orientation is at 0°/360° with a D*V threshold of 0.0168 m2/s.
- The least stable orientations are at 90° and 270° with a D*V threshold of 0.0144 m2/s.
- The paper does not provide a single critical water depth or incipient velocity but rather a depth-velocity product for different orientations.
- The table on page 10 provides detailed D*V values for various orientations, but the specific numeric thresholds are already mentioned in the text.","  - ""The friction force can be expressed as:

where, µ is the friction coefficient, set at 0.3 after Bonham and Hattersley (1967), and F G is the effective vehicle weight""
  - ""The results attained from the experimental runs states that the average Manning roughness for the designed platform was found to be 0.017 which nearly matches with the Manning's coefficient for asphalt pavements (rough texture -0.016)""
  - ""The friction force is the primary hydrodynamic force that acts between the floodplain surface and the vehicle tires. This force is the total resistance acting on the vehicle tires by the floodplain surface which prevents the vehicle from sliding.""
  - ""The study was conducted under the conditions that (i) rear tires being locked and (ii) vehicle behaviours being tested for all orientation angles.""",,"- The paper discusses the friction force as a primary hydrodynamic force acting between the floodplain surface and vehicle tires, which is crucial for understanding vehicle stability.
- The friction coefficient (µ) is explicitly mentioned as being set at 0.3, following the work of Bonham and Hattersley (1967). This value is used in the study to calculate the friction force.
- The Manning roughness coefficient is mentioned as 0.017, which is related to the surface roughness of the platform used in the experiments. However, this is not directly related to the rolling friction coefficient.
- The study conditions include rear tires being locked, which might affect the rolling friction, but no specific rolling friction coefficient is mentioned or measured in the paper.","  - ""Today's vehicle on roads are different in design from the past, where new improvements in these vehicle design have taken into consideration. Therefore, in the current study a modern vehicle, Volkswagen Scirocco R with the geometric scale ratio of 1:24 was selected.""
  - ""A stationary die-cast model vehicle (1:24) was used with the condition of rear tires being locked only, positioned at different orientation angles on a flat road surface in the partially submerged zone.""
  - ""The purpose of the study was to observe the response of vehicle size, design shape, and weight on the thresholds of vehicle instability in the partially submerged flooding situation.""",,"- The paper mentions the use of a ""stationary die-cast model vehicle (1:24)"" which indicates that the study used a scaled model with a scale ratio of 1:24.
- The specific vehicle model tested is identified as a ""Volkswagen Scirocco R"" which is a car model.
- There is no mention of multiple vehicle models being tested; only the Volkswagen Scirocco R is specified.
- The study focuses on the behavior of this single model at different orientations, not on comparing multiple models.","  - ""Investigations on the hydrodynamics of floodplains with stationary scaled model vehicle was undertaken by conducting a series of experimental studies in the hydraulic flume.""
  - ""A stationary die-cast model vehicle (1:24) was used with the condition of rear tires being locked only, positioned at different orientation angles on a flat road surface in the partially submerged zone.""
  - ""The study was conducted under the conditions that (i) rear tires being locked and (ii) vehicle behaviours being tested for all orientation angles.""",,"- The paper explicitly states that a ""stationary die-cast model vehicle"" was used in the study. This indicates that the vehicle was not moving under its own power or being towed during the experiments.
- The condition of ""rear tires being locked only"" further supports that the vehicle was stationary, as it implies that the vehicle was not capable of moving on its own.
- The repeated mention of the vehicle being ""stationary"" in different contexts within the paper confirms that the vehicle motion state during testing was stationary."
Flood hazards at ford stream crossings on ephemeral channels (south‐east coast of Spain),"C. Conesa-García, R. Garcia-Lorenzo, P. Pérez-Cutillas",10.1002/hyp.11082,https://doi.org/10.1002/hyp.11082,Hydrological Processes,,2017,"Ford stream crossings are highly vulnerable to flood hazards, with significant risks even at half-bankfull flows, as assessed by a Hydraulic Hazard Index and a Flood Hazard at Fords algorithm, which accurately predicted recent flash flood damage.",Not mentioned (the abstract does not provide specific numeric thresholds or units for vehicle instability),Not mentioned (no information on driving/propulsive force or rolling friction coefficient is included in the abstract),"2 vehicle models: mini-cars, large cars/passenger vehicles; no information on model scale ratio",,"  - ""The present paper analyzes the flood hazards on the Mediterranean coast in the Region of Murcia (south‐east Spain), affecting this type of road‐stream crossing over dry channels, according to hydraulic variables and bedload transport rates estimated for discharges at bankfull and flood‐prone stages.""
  - ""Specifically, two approaches to assess this type of hazards were proposed: a specific Hydraulic Hazard Index and an algorithm for estimating the flood hazard from criteria of bed stability and bedload transport capacity (Flood Hazard at Fords, FHF).""
  - ""At bankfull, the FHF exhibits very high values for mini‐cars (77.3% of FSCs) and for large passenger vehicles (50% of FSCs), while at the floodprone stage, extreme FHF values are reached for all kinds of vehicles at most of the ford crossings.""
  - ""The FHF model gave the best results with regard to the magnitude of the damage observed in recent flash floods for flow stages similar to those simulated.""
  - ""According to the danger thresholds established for this index, half‐bankfull flows represent here a high risk: 27.3% of FSCs for mini‐cars and 18.2% for large cars.""",,"- The main finding of the paper is that ford stream crossings (FSCs) are highly vulnerable to flood hazards, particularly during flash flood conditions, with significant risks even at half-bankfull flows.
- The methodology used involves the development and application of two approaches: a Hydraulic Hazard Index and an algorithm for estimating flood hazard (Flood Hazard at Fords, FHF), which assesses hazards based on hydraulic variables and bedload transport rates.
- The strength of evidence is supported by the FHF model's ability to accurately predict damage observed in recent flash floods, indicating a robust methodology.","  - ""According to the danger thresholds established for this index, half‐bankfull flows represent here a high risk: 27.3% of FSCs for mini‐cars and 18.2% for large cars.""
  - ""At bankfull, the FHF exhibits very high values for mini‐cars (77.3% of FSCs) and for large passenger vehicles (50% of FSCs), while at the floodprone stage, extreme FHF values are reached for all kinds of vehicles at most of the ford crossings.""
  - ""water levels and flow velocities across ford reaches were compared with different trend curves between water depths and corresponding critical velocities for children and adults, and for various prototype vehicles.""",,"- The abstract mentions the comparison of water levels and flow velocities with ""different trend curves between water depths and corresponding critical velocities for children and adults, and for various prototype vehicles."" This suggests that there are specific thresholds related to vehicle instability, but it does not provide specific numeric values or units.
- The abstract provides percentages of FSCs at risk for different vehicle types at various flow stages, but it does not specify the exact depth-velocity thresholds or critical depths for vehicle instability.
- The abstract does not provide any specific numeric thresholds or units for the onset of vehicle instability in floodwater, nor does it mention any critical water depth or depth-velocity product for different vehicle classes.","  - ""The present paper analyzes the flood hazards on the Mediterranean coast in the Region of Murcia (south‐east Spain), affecting this type of road‐stream crossing over dry channels, according to hydraulic variables and bedload transport rates estimated for discharges at bankfull and flood‐prone stages.""
  - ""In addition, different exposure levels were established, using a Flood Vulnerability Index, based on the FHF, the road category, and the annual average daily traffic.""
  - ""Under such conditions, the safety of people and vehicles was obtained using numerical models, developed by previous researchers; in particular, water levels and flow velocities across ford reaches were compared with different trend curves between water depths and corresponding critical velocities for children and adults, and for various prototype vehicles.""
  - ""Specifically, two approaches to assess this type of hazards were proposed: a specific Hydraulic Hazard Index and an algorithm for estimating the flood hazard from criteria of bed stability and bedload transport capacity (Flood Hazard at Fords, FHF).""",,"- The abstract discusses the analysis of flood hazards at ford stream crossings using hydraulic variables and bedload transport rates, but it does not mention any specific driving or propulsive forces or rolling friction coefficients.
- The focus is on hydraulic variables and bedload transport rates, which are related to water flow and sediment transport rather than vehicle dynamics or friction.
- The abstract mentions numerical models and indices related to flood hazards and vulnerability, but these do not include any information about driving forces or rolling friction coefficients.
- The abstract does not provide any specific values or units related to driving forces or rolling friction coefficients.","  - ""At bankfull, the FHF exhibits very high values for mini‐cars (77.3% of FSCs) and for large passenger vehicles (50% of FSCs), while at the floodprone stage, extreme FHF values are reached for all kinds of vehicles at most of the ford crossings.""
  - ""half‐bankfull flows represent here a high risk: 27.3% of FSCs for mini‐cars and 18.2% for large cars.""
  - ""water levels and flow velocities across ford reaches were compared with different trend curves between water depths and corresponding critical velocities for children and adults, and for various prototype vehicles.""",,"- The abstract mentions that the study involved ""various prototype vehicles,"" which suggests that multiple vehicle models were tested.
- Specifically, the abstract refers to ""mini-cars"" and ""large cars"" or ""large passenger vehicles,"" indicating that at least two distinct types of vehicle models were considered.
- There is no mention of the physical model scale ratio or whether scaled models were used in the study. The focus appears to be on the hydraulic and flood hazard assessments rather than the physical scale of the models.","  - ""At bankfull, the FHF exhibits very high values for mini‐cars (77.3% of FSCs) and for large passenger vehicles (50% of FSCs), while at the floodprone stage, extreme FHF values are reached for all kinds of vehicles at most of the ford crossings.""
  - ""Ford stream crossings (FSCs) are usually dangerous for the road traffic during periods of high flow, in particular under flash flood conditions.""
  - ""the safety of people and vehicles was obtained using numerical models, developed by previous researchers; in particular, water levels and flow velocities across ford reaches were compared with different trend curves between water depths and corresponding critical velocities for children and adults, and for various prototype vehicles.""
  - ""According to the danger thresholds established for this index, half‐bankfull flows represent here a high risk: 27.3% of FSCs for mini‐cars and 18.2% for large cars.""",,"- The abstract discusses the safety of vehicles at ford stream crossings during high flow conditions, but it does not specify the motion state of the vehicles during testing.
- The focus is on the hydraulic variables and bedload transport rates, as well as the safety of vehicles, but there is no mention of whether the vehicles were stationary, towed, or self-propelled during the study.
- The abstract uses numerical models to assess safety, which suggests that the study may not have involved physical testing with vehicles in different motion states.
- The abstract does not provide any information about the specific conditions under which vehicles were tested or simulated, such as whether they were stationary, towed, or self-propelled."
Vehicles instability criteria for flood risk assessment of a street network,"C. Arrighi, N. Huybrechts, A. Ouahsine, P. Chassé, H. Oumeraci, F. Castelli",10.5194/PIAHS-373-143-2016,https://doi.org/10.5194/PIAHS-373-143-2016,,,2016,"The main finding is that driving in floodwaters is a significant risk factor for safety, and the methodology involves assessing hazard through spatial mapping and evaluating vulnerability based on traffic density. A flood hazard classification for vehicles is introduced and applied to a real case study.",Not mentioned (the paper does not provide a specific numeric threshold for vehicle instability),Not mentioned (no specific value for driving/propulsive force or rolling friction coefficient is provided),"7 car models, scales 1:14/1:18/1:43",Stationary,"  - ""driving a car in floodwaters is recognized as the most crucial aggravating factor for people safety.""
  - ""The mutual interaction between floods and human activity is a process, which has been evolving over history and has shaped flood risk pathways.""
  - ""In this work, a flood hazard classification for vehicles is introduced and an application to a real case study is presented and discussed.""
  - ""Flood risk to vehicles can be defined as the combination of the probability of a vehicle of being swept away (i.e. the hazard) and the actual traffic/parking density, i.e. the vulnerability.""
  - ""Hazard for vehicles can be assessed through the spatial identification and mapping of the critical conditions for vehicles incipient motion.""",,"- The abstract highlights the importance of understanding the interaction between floods and human activity, particularly focusing on the risks associated with vehicles during floods.
- It emphasizes that driving in floodwaters is a significant risk factor for safety, indicating a main finding about the dangers of vehicle use during floods.
- The methodology involves assessing hazard through spatial mapping of critical conditions for vehicle movement and evaluating vulnerability based on traffic and parking density.
- The introduction of a flood hazard classification for vehicles and its application to a real case study suggests a structured approach to understanding and mitigating flood risks related to vehicles.","  - ""The mobility parameter has been calculated for three experimental datasets (Shu et al., 2011 , Xia et al., 2011 , 2014) including seven different car models and densities and three model scales (1 : 14, 1 : 18, 1 : 43). The values of the calculated mobility parameter θ V plotted against Froude number identify a unique threshold of incipient motion (Fig. 1c ), Shu et al., 2011; Xia et al., 2011 Xia et al., , 2014)). which separates safe conditions (above the curve) from dangerous conditions (below the curve) where the vehicle mobilization is likely to occur.""
  - ""The mobility parameter allows defining hazard criteria capable of accounting for both flood and vehicles characteristics.""
  - ""The hazard level is calculated for a Ford Focus and β = 90 • (i.e. a medium size passenger vehicle oriented normally to the flow) combining in each computational cell, for each time step, the variables obtained during the simulation (i.e. water depth and velocity).""
  - ""The maximum water depth reached in the Cannes district for the simulated 100 years scenario is about 2 m (Fig. 2 , top) and the maximum velocity is above 3.0 m s -1""",,"- The paper discusses the instability of vehicles in floodwaters and introduces a mobility parameter to assess hazard criteria.
- The maximum water depth and velocity mentioned in the paper are 2 m and above 3.0 m s -1, respectively, but these are not explicitly stated as thresholds for vehicle instability.
- The paper refers to a unique threshold of incipient motion identified by the mobility parameter, but it does not provide a specific numeric value for this threshold.
- The paper does not provide a specific depth-velocity threshold or critical depth for vehicle instability, nor does it mention any specific numeric values for different vehicle classes or scales.
- The focus of the paper is on the application of the mobility parameter to assess hazard levels rather than on providing specific numeric thresholds for vehicle instability.","  - ""Incipient motion for sliding occurs when the drag force exerted by the water just exceeds the friction force, which is the product of the friction coefficient µ and immersed weight of the car (Eq. 1).""
  - ""The onset of motion by sliding of a vehicle is modeled using the geometric scheme shown in Fig. 1a . The flow direction has an orientation β with respect to the longitudinal axis of the car and the bed slope is assumed null, the wheels are considered as locked.""",,"- The paper discusses the incipient motion of vehicles in floodwaters, focusing on the balance between drag forces and friction forces.
- The friction force is described as the product of the friction coefficient µ and the immersed weight of the car, indicating that the friction coefficient is a key factor in determining when a vehicle will start moving.
- However, the paper does not provide a specific value for the friction coefficient µ or any other driving/propulsive force or rolling friction coefficient.
- The mention of the friction coefficient is theoretical and part of the model used to predict vehicle motion, but no specific value is given or measured in the study.","  - ""The mobility parameter has been calculated for three experimental datasets (Shu et al., 2011 , Xia et al., 2011 , 2014) including seven different car models and densities and three model scales (1 : 14, 1 : 18, 1 : 43).""",,"- The paper mentions that the mobility parameter was calculated for ""seven different car models and densities,"" indicating that seven distinct vehicle models were tested.
- The paper specifies that the models were scaled, with three different model scales used: 1:14, 1:18, and 1:43.
- The type of vehicles tested is not explicitly mentioned beyond being ""car models,"" but it is implied that they are typical passenger vehicles since the study later references a ""Ford Focus"" as a medium-sized passenger vehicle.","  - ""The hazard level is calculated for a Ford Focus and β = 90 • (i.e. a medium size passenger vehicle oriented normally to the flow) combining in each computational cell, for each time step, the variables obtained during the simulation (i.e. water depth and velocity).""
  - ""The mobility parameter has been calculated for three experimental datasets (Shu et al., 2011 , Xia et al., 2011 , 2014) including seven different car models and densities and three model scales (1 : 14, 1 : 18, 1 : 43).""
  - ""The onset of motion by sliding of a vehicle is modeled using the geometric scheme shown in Fig. 1a . The flow direction has an orientation β with respect to the longitudinal axis of the car and the bed slope is assumed null, the wheels are considered as locked.""
  - ""Incipient motion for sliding occurs when the drag force exerted by the water just exceeds the friction force, which is the product of the friction coefficient µ and immersed weight of the car (Eq. 1).""
  - ""Hazard for vehicles can be assessed through the spatial identification and mapping of the critical conditions for vehicles incipient motion.""",,"- The paper discusses the assessment of hazard for vehicles in terms of their incipient motion, which implies that the vehicles are initially stationary.
- The onset of motion by sliding is modeled, indicating that the vehicles are not moving under their own power but are instead subject to external forces like water flow.
- The mention of ""the wheels are considered as locked"" suggests that the vehicles are not self-propelled during the testing or simulation.
- The experimental datasets and simulations focus on the conditions under which vehicles become unstable and are swept away, which aligns with vehicles being stationary and subject to external forces.
- The calculation of hazard levels for a stationary vehicle (Ford Focus) further supports the notion that the vehicles are considered stationary in this study."
"Motor Vehicle-Related Flood Fatalities in Texas, 1959–2008","H. Sharif, T. Jackson, Moazzem Hossain, S. Bin-Shafique, D. Zane",10.1080/19439962.2010.506596,https://doi.org/10.1080/19439962.2010.506596,Journal of Transportation Safety & Security,,2010,"Texas leads the nation in flash flood fatalities, with most being motor vehicle-related, predominantly affecting males at night in urban areas, and can be reduced through improved forecasting, education, and emergency response.",Not mentioned (the abstract does not provide a depth-velocity threshold or critical depth for vehicle instability),Not mentioned (the abstract does not discuss driving/propulsive force or rolling friction coefficient),Not mentioned (the abstract does not provide information on vehicle models or testing),,"  - ""Texas leads the nation in flash flood fatalities.""
  - ""Flood fatalities in Texas represent a serious public health problem.""
  - ""most fatalities are motor vehicle related (77%).""
  - ""males are much more likely to be the victims of motor vehicle–related flood accidents than are females.""
  - ""Most motor vehicle–related fatalities happened at night (56%).""
  - ""Spatial analysis indicates that the highest numbers of fatalities occur in counties having major urban areas.""
  - ""Flood fatalities in Texas can be reduced through a combination of improved hydrometeorological forecasting, educational programs aimed at enhancing the public awareness of flood risk and the seriousness of flood warnings, and timely and appropriate action by local emergency and safety authorities.""",,"- The main finding is that Texas has the highest number of flash flood fatalities in the nation, with most of these fatalities being motor vehicle-related.
- The methodology involved extracting flood fatality statistics from National Climatic Data Center Storm Data publications and conducting spatial analysis.
- The strength of evidence is supported by the high percentage of motor vehicle-related fatalities and the specific demographic and temporal patterns observed.","  - ""The number of related fatalities is one of the most essential socioeconomic characteristics of a natural disaster as death is the most serious and irreversible consequence of a disaster.""
  - ""Texas leads the nation in flash flood fatalities.""
  - ""From 1959 through 2008 the flood fatalities in Texas (839) were more than three times the fatalities in the next leading state, Pennsylvania (265).""
  - ""Flood fatalities in Texas represent a serious public health problem.""
  - ""Flood fatality statistics were extracted from National Climatic Data Center Storm Data publications.""
  - ""Review of the flood fatalities, where the death circumstances are provided, reveals that most fatalities are motor vehicle related (77%).""
  - ""Data analysis indicates that, in Texas, males are much more likely to be the victims of motor vehicle–related flood accidents than are females.""
  - ""Most motor vehicle–related fatalities happened at night (56%).""
  - ""Most fatalities resulted from flash floods.""
  - ""Spatial analysis indicates that the highest numbers of fatalities occur in counties having major urban areas.""
  - ""Flood fatalities in Texas can be reduced through a combination of improved hydrometeorological forecasting, educational programs aimed at enhancing the public awareness of flood risk and the seriousness of flood warnings, and timely and appropriate action by local emergency and safety authorities.""",,"- The abstract discusses the number of flood fatalities in Texas and their characteristics, such as the gender of victims and the time of day when most fatalities occur.
- It mentions that most fatalities are motor vehicle-related and occur during flash floods.
- However, there is no mention of a specific depth-velocity threshold or critical depth for vehicle instability in the abstract.
- The abstract focuses on the statistics and public health implications of flood fatalities rather than providing technical details like depth-velocity thresholds.","  - ""The number of related fatalities is one of the most essential socioeconomic characteristics of a natural disaster as death is the most serious and irreversible consequence of a disaster.""
  - ""Texas leads the nation in flash flood fatalities.""
  - ""Flood fatalities in Texas represent a serious public health problem.""
  - ""most fatalities are motor vehicle related (77%).""
  - ""Most motor vehicle–related fatalities happened at night (56%).""
  - ""Most fatalities resulted from flash floods.""
  - ""Flood fatalities in Texas can be reduced through a combination of improved hydrometeorological forecasting, educational programs aimed at enhancing the public awareness of flood risk and the seriousness of flood warnings, and timely and appropriate action by local emergency and safety authorities.""",,"- The abstract discusses motor vehicle-related flood fatalities in Texas, focusing on the number of fatalities, their causes, and potential measures to reduce them.
- There is no mention of any driving or propulsive force or rolling friction coefficient in the abstract.
- The abstract is concerned with statistical analysis and public health implications rather than physical or mechanical factors like friction coefficients.
- The focus is on the circumstances and prevention of flood-related fatalities rather than on specific physical measurements or forces.","  - ""The number of related fatalities is one of the most essential socioeconomic characteristics of a natural disaster as death is the most serious and irreversible consequence of a disaster.""
  - ""Texas leads the nation in flash flood fatalities.""
  - ""From 1959 through 2008 the flood fatalities in Texas (839) were more than three times the fatalities in the next leading state, Pennsylvania (265).""
  - ""Flood fatalities in Texas represent a serious public health problem.""
  - ""Flood fatality statistics were extracted from National Climatic Data Center Storm Data publications.""
  - ""Review of the flood fatalities, where the death circumstances are provided, reveals that most fatalities are motor vehicle related (77%).""
  - ""Data analysis indicates that, in Texas, males are much more likely to be the victims of motor vehicle–related flood accidents than are females.""
  - ""Most motor vehicle–related fatalities happened at night (56%).""
  - ""Most fatalities resulted from flash floods.""
  - ""Spatial analysis indicates that the highest numbers of fatalities occur in counties having major urban areas.""
  - ""Flood fatalities in Texas can be reduced through a combination of improved hydrometeorological forecasting, educational programs aimed at enhancing the public awareness of flood risk and the seriousness of flood warnings, and timely and appropriate action by local emergency and safety authorities.""",,"- The abstract discusses motor vehicle-related flood fatalities in Texas from 1959 to 2008.
- It provides statistics on the number of fatalities and demographic information about the victims.
- The abstract does not mention any specific vehicle models or testing of vehicle models.
- There is no information about model scales or any physical models being used in the study.
- The focus of the abstract is on the analysis of flood fatality data and recommendations for reducing such fatalities, not on testing vehicle models.","  - ""Flood fatalities in Texas can be reduced through a combination of improved hydrometeorological forecasting, educational programs aimed at enhancing the public awareness of flood risk and the seriousness of flood warnings, and timely and appropriate action by local emergency and safety authorities.""
  - ""most fatalities are motor vehicle related (77%).""
  - ""Most motor vehicle–related fatalities happened at night (56%).""
  - ""Most fatalities resulted from flash floods.""",,"- The abstract discusses motor vehicle-related flood fatalities, indicating that vehicles are involved in these incidents.
- The mention of ""motor vehicle related"" and ""motor vehicle–related flood accidents"" suggests that vehicles are likely to be in motion or involved in accidents, but it does not specify whether they were stationary, towed, or self-propelled.
- The abstract does not provide specific details about the state of the vehicle during these incidents, such as whether they were stationary, towed, or self-propelled.
- The focus of the abstract is on the statistics and prevention of flood fatalities rather than the specific conditions of the vehicles during these incidents."
Full‐scale testing of stability curves for vehicles in flood waters,"Grantley P. Smith, B. Modra, S. Felder",10.1111/jfr3.12527,https://doi.org/10.1111/jfr3.12527,Journal of Flood Risk Management,,2019,"The study determined stability thresholds for full-scale vehicles in floodwaters through direct measurement of traction forces and friction coefficients, providing a comprehensive assessment but with limitations due to laboratory conditions.",Not mentioned (the abstract does not provide specific numeric thresholds or units for vehicle instability),Not mentioned (the abstract does not provide specific values or units for the driving/propulsive force or rolling friction coefficient),"3 full-scale vehicle models, type not specified; 1 model-scale vehicle, scale ratio not specified",self-propelled,"  - ""This paper presents novel testing determining stability thresholds of full‐scale, road‐going vehicles in floodwaters.""
  - ""The combination of measured forces provided vehicle stability thresholds applicable to a range of vehicle types.""
  - ""While this study was the most comprehensive stability assessment to date, all tests were conducted under laboratory conditions and more conservative threshold criteria must be applied to account for violent flood waters and uneven surfaces.""
  - ""Traction forces for various flow depths and buoyancy conditions were directly measured for three types of prototype vehicles.""",,"- The main finding of the study is the determination of stability thresholds for full-scale vehicles in floodwaters, which is a novel contribution to the field.
- The methodology involved direct measurement of traction forces for different flow depths and buoyancy conditions using prototype vehicles, as well as determining friction coefficients for various bed surface conditions.
- The strength of evidence is enhanced by the comprehensive nature of the study, which is described as the most comprehensive stability assessment to date. However, the study's limitations include the laboratory conditions, which may not fully replicate real-world scenarios, necessitating more conservative threshold criteria.","  - ""The combination of measured forces provided vehicle stability thresholds applicable to a range of vehicle types.""
  - ""While this study was the most comprehensive stability assessment to date, all tests were conducted under laboratory conditions and more conservative threshold criteria must be applied to account for violent flood waters and uneven surfaces.""
  - ""This paper presents novel testing determining stability thresholds of full‐scale, road‐going vehicles in floodwaters.""
  - ""Traction forces for various flow depths and buoyancy conditions were directly measured for three types of prototype vehicles.""",,"- The abstract mentions that the study determined ""stability thresholds of full‐scale, road‐going vehicles in floodwaters,"" which suggests that some form of threshold related to vehicle instability was measured.
- The abstract discusses the measurement of ""traction forces for various flow depths and buoyancy conditions,"" which could be related to determining stability thresholds.
- However, the abstract does not provide specific numeric values or units for these thresholds. It only mentions that the study provided ""vehicle stability thresholds applicable to a range of vehicle types,"" without specifying what these thresholds are.
- The abstract also notes that the tests were conducted under laboratory conditions and that more conservative criteria must be applied, but it does not provide specific numeric thresholds or units.","  - ""Friction coefficients for prototype vehicles were determined for different bed surface conditions including concrete, gravel, and sand highlighting that a worst‐case friction coefficient must be considered.""
  - ""Traction forces for various flow depths and buoyancy conditions were directly measured for three types of prototype vehicles.""",,"- The abstract mentions that ""traction forces"" were measured, which could relate to driving or propulsive forces, but it does not provide specific values or units for these forces.
- The abstract also states that ""friction coefficients"" were determined for different surface conditions, which is relevant to rolling friction. However, it does not specify the exact values of these coefficients.
- The abstract does not provide specific values or units for the driving/propulsive force or rolling friction coefficient, nor does it indicate that these values were assumed or not measured.","  - ""This paper presents novel testing determining stability thresholds of full‐scale, road‐going vehicles in floodwaters.""
  - ""Novel direct measurements of drag coefficients were conducted for a range of flow conditions of a model‐scale vehicle complementing the prototype tests.""
  - ""Traction forces for various flow depths and buoyancy conditions were directly measured for three types of prototype vehicles.""",,"- The abstract mentions that the study involved ""full‐scale, road‐going vehicles,"" indicating that the primary focus was on full-scale vehicles rather than scaled models.
- It specifies that ""three types of prototype vehicles"" were tested, which suggests that there were three distinct vehicle models involved in the study.
- The mention of ""a model‐scale vehicle"" indicates that a scaled model was also used, but it was used to complement the prototype tests rather than being the primary focus.
- The abstract does not provide specific details about the type of vehicles or the scale ratio of the model-scale vehicle.","  - ""Novel direct measurements of drag coefficients were conducted for a range of flow conditions of a model‐scale vehicle complementing the prototype tests.""
  - ""Traction forces for various flow depths and buoyancy conditions were directly measured for three types of prototype vehicles.""
  - ""This paper presents novel testing determining stability thresholds of full‐scale, road‐going vehicles in floodwaters.""",,"- The abstract mentions ""novel testing determining stability thresholds of full‐scale, road‐going vehicles in floodwaters,"" which suggests that the vehicles were likely in motion to test stability in floodwaters.
- The phrase ""traction forces for various flow depths and buoyancy conditions were directly measured for three types of prototype vehicles"" implies that the vehicles were moving, as traction forces are typically measured during motion.
- The mention of ""novel direct measurements of drag coefficients"" also suggests movement, as drag coefficients are relevant when an object is moving through a fluid (in this case, water).
- The abstract does not explicitly state whether the vehicles were self-propelled or towed, but the context suggests that they were likely self-propelled to test stability in floodwaters."
"Hydrometeorological Analysis of an Extreme Flash-Flood: The 28 September 2012 Event in Murcia, South-Eastern Spain","A. Amengual, M. Borga",10.1007/978-3-030-37425-9_1,https://doi.org/10.1007/978-3-030-37425-9_1,,,2020,"The extreme flash-flood in Murcia, Spain, on September 28, 2012, was caused by a rare and intense rainfall event, exacerbated by catchment properties and a slow-moving mesoscale convective system (MCS), with detailed analysis using high-resolution rainfall estimates and hydrological modeling.",Not mentioned (the abstract does not provide a depth-velocity threshold or critical depth for vehicle instability),Not mentioned (the abstract does not provide information on a driving/propulsive force or rolling friction coefficient),Not mentioned (the abstract does not discuss vehicle models or testing),,"  - ""Heavy precipitation following a prolonged summer drought led to widespread flash flooding across Andalucía, Murcia and Valencia in south-eastern Spain on 27, 28 and 29 September 2012.""
  - ""Results show that the basin faced a very rare rainfall event with extreme intensities and accumulations which, in combination with the catchment properties, led to extreme runoff.""
  - ""Heavy precipitations resulted from deep convection triggered by local orography as well as the subsequent passage of a slow-moving mesoscale convective system (MCS).""
  - ""The motion of the MCS was crucial for exacerbating peak discharges, whereas times to peaks were modulated by the river network geometry and the temporal distribution of the rainfall rates.""
  - ""The roles of the different anthropogenic activities on the mitigation or intensification of the hazardous effects of this extreme event are also highlighted.""
  - ""Finally, some recommendations are proposed in order to mitigate future impacts of such catastrophic floods in a changing climate era.""",,"- The main finding is that the extreme flash-flood in Murcia, Spain, on September 28, 2012, was caused by a rare and intense rainfall event, exacerbated by catchment properties and a slow-moving mesoscale convective system (MCS).
- The methodology involved analyzing high-resolution rainfall estimates from dense rain-gauge networks and radar observations, along with flood response observations from stream-gauge data and post-event surveys.
- The strength of evidence is supported by the detailed analysis of hydrometeorological mechanisms and the use of multisite calibration of a hydrological model to reproduce the flash-flood.","  - ""Heavy precipitation following a prolonged summer drought led to widespread flash flooding across Andalucía, Murcia and Valencia in south-eastern Spain on 27, 28 and 29 September 2012.""
  - ""On September 28, an extreme flash-flood developed when 214 mm of rain fell in 8 h over the semi-arid and medium-sized Guadalentín River basin up to Paretón (~2800 km2).""
  - ""Six fatalities were reported, hundreds of homes were evacuated and a bridge spanning an ephemeral channel was undermined as the flood bore routed through normally dry river beds.""
  - ""Current estimates of flood damage are of €64 million, including extensive losses in livestock and agriculture.""
  - ""The last event of this magnitude over the Guadalentín occurred on 19 October 1973.""
  - ""Availability of high-resolution rainfall estimates from dense rain-gauge networks and radar observations, together with flood response observations derived from stream-gauge data and post-event surveys, provides the opportunity to study the hydrometeorological mechanisms associated with the responsible convective systems and the associated flash-flood.""
  - ""Results show that the basin faced a very rare rainfall event with extreme intensities and accumulations which, in combination with the catchment properties, led to extreme runoff.""
  - ""The distinct soil substrates and basin morphology led to varied runoff responses that required a multisite calibration of a hydrological model so as to successfully reproduce this flash-flood.""
  - ""Heavy precipitations resulted from deep convection triggered by local orography as well as the subsequent passage of a slow-moving mesoscale convective system (MCS).""
  - ""The motion of the MCS was crucial for exacerbating peak discharges, whereas times to peaks were modulated by the river network geometry and the temporal distribution of the rainfall rates.""
  - ""The roles of the different anthropogenic activities on the mitigation or intensification of the hazardous effects of this extreme event are also highlighted.""
  - ""Finally, some recommendations are proposed in order to mitigate future impacts of such catastrophic floods in a changing climate era.""",,"- The abstract provides detailed information about the extreme flash-flood event in Murcia, Spain, including the amount of rainfall, the area affected, and the damage caused.
- It discusses the hydrometeorological mechanisms and the role of anthropogenic activities in mitigating or intensifying the flood's effects.
- However, there is no mention of a specific depth-velocity threshold or critical depth for vehicle instability in the abstract.
- The abstract focuses on the broader aspects of the flood event and its causes, rather than specific thresholds for vehicle instability.","  - ""Heavy precipitations resulted from deep convection triggered by local orography as well as the subsequent passage of a slow-moving mesoscale convective system (MCS).""
  - ""Heavy precipitation following a prolonged summer drought led to widespread flash flooding across Andalucía, Murcia and Valencia in south-eastern Spain on 27, 28 and 29 September 2012.""
  - ""On September 28, an extreme flash-flood developed when 214 mm of rain fell in 8 h over the semi-arid and medium-sized Guadalentín River basin up to Paretón (~2800 km2).""
  - ""The motion of the MCS was crucial for exacerbating peak discharges, whereas times to peaks were modulated by the river network geometry and the temporal distribution of the rainfall rates.""",,"- The abstract discusses the hydrometeorological analysis of an extreme flash-flood event, focusing on rainfall patterns and their impact on flooding.
- The driving force behind the flash-flood is described as ""heavy precipitation following a prolonged summer drought"" and ""deep convection triggered by local orography as well as the subsequent passage of a slow-moving mesoscale convective system (MCS).""
- The abstract does not mention any specific ""driving/propulsive force or rolling friction coefficient"" in terms of a numerical value or unit. Instead, it focuses on the meteorological and geographical factors contributing to the flood.
- The abstract does not provide any information on a rolling friction coefficient or any other specific physical parameter related to friction or propulsion.","  - ""Heavy precipitation following a prolonged summer drought led to widespread flash flooding across Andalucía, Murcia and Valencia in south-eastern Spain on 27, 28 and 29 September 2012.""
  - ""On September 28, an extreme flash-flood developed when 214 mm of rain fell in 8 h over the semi-arid and medium-sized Guadalentín River basin up to Paretón (~2800 km2).""
  - ""The last event of this magnitude over the Guadalentín occurred on 19 October 1973.""
  - ""Availability of high-resolution rainfall estimates from dense rain-gauge networks and radar observations, together with flood response observations derived from stream-gauge data and post-event surveys, provides the opportunity to study the hydrometeorological mechanisms associated with the responsible convective systems and the associated flash-flood.""
  - ""Results show that the basin faced a very rare rainfall event with extreme intensities and accumulations which, in combination with the catchment properties, led to extreme runoff.""
  - ""The distinct soil substrates and basin morphology led to varied runoff responses that required a multisite calibration of a hydrological model so as to successfully reproduce this flash-flood.""
  - ""Heavy precipitations resulted from deep convection triggered by local orography as well as the subsequent passage of a slow-moving mesoscale convective system (MCS).""
  - ""The motion of the MCS was crucial for exacerbating peak discharges, whereas times to peaks were modulated by the river network geometry and the temporal distribution of the rainfall rates.""
  - ""The roles of the different anthropogenic activities on the mitigation or intensification of the hazardous effects of this extreme event are also highlighted.""
  - ""Finally, some recommendations are proposed in order to mitigate future impacts of such catastrophic floods in a changing climate era.""",,"- The abstract discusses a hydrometeorological analysis of an extreme flash-flood event in Murcia, Spain, focusing on rainfall patterns, flood response, and hydrological modeling.
- There is no mention of vehicle models or any testing related to vehicles in the abstract.
- The study appears to focus on hydrological and meteorological aspects rather than automotive or transportation-related topics.
- The abstract does not provide any information on the number or type of vehicle models tested or any model scale ratios.","  - ""Heavy precipitation following a prolonged summer drought led to widespread flash flooding across Andalucía, Murcia and Valencia in south-eastern Spain on 27, 28 and 29 September 2012.""
  - ""On September 28, an extreme flash-flood developed when 214 mm of rain fell in 8 h over the semi-arid and medium-sized Guadalentín River basin up to Paretón (~2800 km2).""
  - ""The last event of this magnitude over the Guadalentín occurred on 19 October 1973.""
  - ""Availability of high-resolution rainfall estimates from dense rain-gauge networks and radar observations, together with flood response observations derived from stream-gauge data and post-event surveys, provides the opportunity to study the hydrometeorological mechanisms associated with the responsible convective systems and the associated flash-flood.""
  - ""Results show that the basin faced a very rare rainfall event with extreme intensities and accumulations which, in combination with the catchment properties, led to extreme runoff.""
  - ""The distinct soil substrates and basin morphology led to varied runoff responses that required a multisite calibration of a hydrological model so as to successfully reproduce this flash-flood.""
  - ""Heavy precipitations resulted from deep convection triggered by local orography as well as the subsequent passage of a slow-moving mesoscale convective system (MCS).""
  - ""The motion of the MCS was crucial for exacerbating peak discharges, whereas times to peaks were modulated by the river network geometry and the temporal distribution of the rainfall rates.""
  - ""The roles of the different anthropogenic activities on the mitigation or intensification of the hazardous effects of this extreme event are also highlighted.""
  - ""Finally, some recommendations are proposed in order to mitigate future impacts of such catastrophic floods in a changing climate era.""",,"- The abstract discusses a hydrometeorological analysis of an extreme flash-flood event in Murcia, Spain, focusing on rainfall patterns, flood response, and hydrological modeling.
- There is no mention of vehicles or any testing involving vehicles in the abstract.
- The study appears to be focused on meteorological and hydrological aspects rather than any mechanical or vehicular testing.
- The abstract does not provide any information related to vehicles or their motion states."
Determining the vehicle instability risk in stream crossings,"Ricardo A. Bocanegra, F. Francés",10.1111/jfr3.12737,https://doi.org/10.1111/jfr3.12737,Journal of Flood Risk Management,,2021,"Roughly one quarter of stream crossings in the Godelleta municipality (Spain) have a relatively high vehicle instability risk due to floods, exceeding 0.2 vehicles/year, as determined by a methodology combining hazard and vulnerability.",Not mentioned (the paper does not provide a specific numeric threshold for the onset of vehicle instability in floodwater),Not mentioned (no information on driving/propulsive force or rolling friction coefficient is included in the paper),"4 vehicle types: small cars, compact cars, small SUVs, medium-sized SUVs and larger vehicles; no scaled models used",self-propelled,"  - ""The developed methodology was applied to the Godelleta municipality (Spain), and found that roughly one quarter of the stream crossings in this study area presented a relatively high vehicle instability risk due to floods because it exceeded 0.2 vehicles/year.""
  - ""A methodology was herein developed that allows instability risks due to floods to be estimated for vehicles driving through stream crossings,""",,"- The main finding of the study is that approximately one quarter of the stream crossings in the Godelleta municipality (Spain) have a relatively high vehicle instability risk due to floods, as indicated by the risk exceeding 0.2 vehicles/year.
- The methodology used involves estimating instability risks by combining hazard and vulnerability, which are determined by factors such as vehicle stability, geometric characteristics, hydrodynamic characteristics of floods, and exposure and susceptibility.
- The strength of evidence is supported by the application of the developed methodology to a specific study area, providing concrete results that quantify the risk.","  - ""The floating phenomenon occurs when the floating and lift forces caused by flow exceed a vehicle's weight. This mechanism occurs mainly when flowing water moves quite slowly and over considerable depths (Sand et al., 2011)""
  - ""Sliding happens when the drag force caused by flow exceeds the friction force, which depends on the vehicle's weight and on the friction between vehicle's wheels and the road surface.""
  - ""The toppling mechanism apparently takes place having lost vehicle stability due to floating or sliding mechanisms on irregular land (Shand et al., 2011).""
  - ""The vehicle instability risk due to floods in stream crossings (R) corresponds to the annual mean number of vehicles whose stability would be lost when crossing these places.""
  - ""The number of vehicles at risk for instability due to floods proved extremely sensitive to the magnitude of the limit water depth from which drivers would decide to stop driving through flooded zones.""
  - ""For calculating under the condition for which it was assumed that drivers would decide to stop at a given time during the flood, a limit water depth equal to 0.3 m was adopted to interrupt the vehicle traffic""
  - ""Our results indicated that the instability risk was extremely sensitive to the water depth from which vehicle traffic stopped. When vehicle traffic was interrupted by a 0.2 m water depth, the risk equalled zero for almost all the stream crossings.""
  - ""When taking limit water depth values of 0.4 and 0.5 m, we found that, in relation to the values obtained when following the methodology, the mean risk value increased by almost 250% and 400%, while the maximum values rose by almost 50% and 100%, respectively.""",,"- The paper discusses the mechanisms leading to vehicle instability in floodwaters, including floating, sliding, and toppling. However, it does not provide a specific numeric threshold for the onset of vehicle instability in terms of depth or velocity.
- The paper mentions a ""limit water depth"" of 0.3 m as a threshold for interrupting vehicle traffic, but this is not explicitly stated as a critical depth for vehicle instability.
- The paper also discusses the sensitivity of instability risk to water depth, with different depths (0.2 m, 0.4 m, 0.5 m) affecting the risk, but these are not presented as specific thresholds for vehicle instability.
- The paper does not provide a depth-velocity threshold or critical depth for vehicle instability with units as requested in the question.","  - ""Sliding happens when the drag force caused by flow exceeds the friction force, which depends on the vehicle's weight and on the friction between vehicle's wheels and the road surface.""
  - ""the stability of a vehicle type i is established with a vehicle instability index, S i , which is defined as the relation between a critical mobility parameter θv cr and a mobility parameter θv i defined for the reference vehicle.""
  - ""The vehicle instability risk due to floods in stream crossings (R) corresponds to the annual mean number of vehicles whose stability would be lost when crossing these places.""
  - ""The vehicle instability risk was calculated by implementing the procedure described in Section 3.3.""
  - ""The number of vehicles type i exposed to floods, N i , was calculated by multiplying the vehicle traffic flow, q, by the proportion, g i , of vehicles type i in the fleet, by the time interval, Δt i , during which the conditions that would result in vehicle instability taking place.""
  - ""The exposure function was obtained by relating the vehicle instability index S i calculated for each flooding event to the corresponding number of exposed vehicles N i""
  - ""The methodology developed in the present study can be implemented by the organisations responsible for urban planning and road traffic management to identify critical stream crossings in order to contribute to vehicle stability and to take measures that allow the potential negative impact of floods to lower.""",,"- The paper discusses the mechanisms leading to vehicle instability, including sliding, which is influenced by friction between the vehicle's wheels and the road surface. However, it does not provide a specific value for the rolling friction coefficient or any driving/propulsive force.
- The paper focuses on calculating the vehicle instability risk using a vehicle instability index and does not mention any specific measurements or values for driving/propulsive forces or rolling friction coefficients.
- The methodology involves calculating risk based on hazard and vulnerability, but it does not include specific values for driving/propulsive forces or rolling friction coefficients.
- The tables provided in the paper do not contain any information on driving/propulsive forces or rolling friction coefficients.","  - ""The characterisation of the vehicles found in the study area was done using the official 2018 data reported by the Spanish Association of Manufacturers of Automobiles and Lorries (ANFAC, 2018). The analysis of these data established that the vehicles fleet driving around the Godelleta municipality can be suitably described by these vehicle types: (i) small cars; (ii) compact cars; (iii) small SUVs; and (iv) medium-sized SUVs and larger vehicles.""
  - ""These vehicle types are represented by the vehicles found in Table 1 of the work by Bocanegra and Francés (2021).""
  - ""The obtained vehicle instability indices S i indicated that the flows with return periods that equalled or exceeded 50 years posed a high risk for the vehicles driving through stream crossings because, for a flood with a 50-year return period, the vehicle stability of roughly 55% of the vehicles would be lost.""
  - ""The number of vehicles at risk for instability due to floods proved extremely sensitive to the magnitude of the limit water depth from which drivers would decide to stop driving through flooded zones.""","  - ""(Page 8, Table 1) | Stream crossings | Stream        | Stream crossings with culvert | Traffic flow q (cars/h) | Flood duration (h) | Discharge (m³/s) | \multicolumn{4}{c|}{50 years flood return period} | \multicolumn{2}{c|}{Instability risk (cars/year)} |\n|------------------|---------------|-------------------------------|-------------------------|--------------------|------------------|------------------|-----------------|-----------------|-----------------|-----------------|------------------|\n|                  |               |                               |                         |                    |                  | \multicolumn{4}{c|}{Hazard index \(S_i\)}       | Actual          | Potential       |""","- The paper describes the characterization of vehicles in the study area using data from the Spanish Association of Manufacturers of Automobiles and Lorries (ANFAC, 2018). This suggests that the study used real-world vehicle data rather than scaled models.
- The study focuses on four types of vehicles: small cars, compact cars, small SUVs, and medium-sized SUVs and larger vehicles. This indicates that these are the distinct vehicle models tested in the study.
- There is no mention of using scaled models or any physical model scale ratio in the paper. The focus is on real-world vehicle types and their stability in flood conditions.
- The tables included in the paper provide data on vehicle instability indices and traffic flow but do not mention any scaled models or model scale ratios.","  - ""The calculated risk corresponded to the annual mean number of vehicles that would float or be dragged by the flow.""
  - ""The present article describes the a statistically sound methodology that allows instability risks due to floods to be estimated for vehicles driving through stream crossings, which may correspond to fords, vented fords or bridges.""
  - ""The number of vehicles at risk for instability due to floods proved extremely sensitive to the magnitude of the limit water depth from which drivers would decide to stop driving through flooded zones.""
  - ""The obtained vehicle instability indices S i indicated that the flows with return periods that equalled or exceeded 50 years posed a high risk for the vehicles driving through stream crossings because, for a flood with a 50-year return period, the vehicle stability of roughly 55% of the vehicles would be lost.""
  - ""The vehicle instability risk due to floods in stream crossings (R) corresponds to the annual mean number of vehicles whose stability would be lost when crossing these places.""",,"- The study focuses on estimating the vehicle instability risk due to floods in stream crossings, which implies that vehicles are in motion when crossing these areas.
- The mention of vehicles ""driving through stream crossings"" and ""vehicles driving through a stream crossing"" suggests that the vehicles are self-propelled.
- The context of the study involves vehicles being affected by floodwaters while in motion, indicating that they are not stationary or towed.
- The focus on the annual mean number of vehicles whose stability would be lost when crossing these places further supports that vehicles are in motion, as they are subject to instability while moving."
Stability of Cars and Children in Flooded Streets,"R. Keller, B. Mitsch",,,,,1992,"A procedure was developed to determine the stability of cars and children in flooded streets by establishing a force balance and creating a ""safe envelope"" graph of water velocity and depth, which can be used as a design aid for floodways.",Not mentioned (the abstract does not provide specific numeric thresholds or values for the depth-velocity product or critical depth for vehicle instability),Not mentioned (no specific values or units for driving/propulsive force or rolling friction coefficient are provided in the abstract),Not mentioned (the abstract does not provide information on the number and type of vehicle models tested or the model scale ratio),Stationary,"  - ""A procedure is presented for determining the stability of cars and children on flooded roadways.""
  - ""The graph can be used as a design aid where streets must act as floodways in times of major flood events.""
  - ""The same procedure was applied to the case of children and all the results combined to produce a safe envelope of V x D versus D.""
  - ""A force balance was then established, linking the buoyant force, weight, frictional resistance, and drag force due to flowing water and the product of water velocity (V) and depth (D) at the point of instability was established.""",,"- The main finding of the paper is the development of a procedure to determine the stability of cars and children in flooded streets, which is highlighted by the establishment of a force balance and the creation of a ""safe envelope"" graph.
- The methodology used involves determining buoyancy forces from car specifications and establishing a force balance that includes buoyant force, weight, frictional resistance, and drag force.
- The strength of evidence is supported by the application of this procedure to both cars and children, resulting in a comprehensive graph that can be used as a design aid.","  - ""A procedure is presented for determining the stability of cars and children on flooded roadways.""
  - ""From specifications provided by car companies, buoyancy forces were determined for a range of water depths.""
  - ""A force balance was then established, linking the buoyant force, weight, frictional resistance, and drag force due to flowing water and the product of water velocity (V) and depth (D) at the point of instability was established.""
  - ""It is shown that this product varies with depth.""
  - ""The same procedure was applied to the case of children and all the results combined to produce a safe envelope of V x D versus D.""
  - ""The graph can be used as a design aid where streets must act as floodways in times of major flood events.""",,"- The abstract discusses a procedure for determining the stability of cars in flooded conditions, which involves calculating buoyancy forces and establishing a force balance.
- It mentions that the product of water velocity (V) and depth (D) at the point of instability is established, indicating that this product is a key factor in determining stability.
- The abstract states that this product varies with depth, suggesting that there is a relationship between depth and velocity that affects stability.
- However, the abstract does not provide specific numeric thresholds or values for the depth-velocity product or critical depth for vehicle instability.
- The mention of a ""safe envelope of V x D versus D"" implies that the study provides a graphical representation of stability conditions, but again, no specific numeric thresholds are provided in the abstract.","  - ""A force balance was then established, linking the buoyant force, weight, frictional resistance, and drag force due to flowing water and the product of water velocity (V) and depth (D) at the point of instability was established.""",,"- The abstract mentions a ""force balance"" that includes ""frictional resistance,"" which could imply the consideration of rolling friction.
- However, the abstract does not provide specific values or units for any driving/propulsive force or rolling friction coefficient.
- The focus of the study appears to be on the stability of cars and children in flooded streets, with an emphasis on buoyancy forces and water velocity, rather than detailed measurements of frictional forces.
- The abstract does not explicitly mention the measurement or use of a specific rolling friction coefficient or driving/propulsive force value.","  - ""The same procedure was applied to the case of children and all the results combined to produce a safe envelope of V x D versus D.""
  - ""A procedure is presented for determining the stability of cars and children on flooded roadways.""
  - ""From specifications provided by car companies, buoyancy forces were determined for a range of water depths.""",,"- The abstract mentions that a procedure was developed to determine the stability of cars, but it does not specify the number or type of vehicle models tested.
- It states that specifications were obtained from car companies, which implies that data might have been used from various models, but again, no specific details are provided.
- There is no mention of the physical model scale ratio or whether scaled models were used in the study.
- The focus of the abstract is on the development of a procedure and the creation of a safe envelope for stability, rather than on specific vehicle models or scales.","  - ""The same procedure was applied to the case of children and all the results combined to produce a safe envelope of V x D versus D.""
  - ""A force balance was then established, linking the buoyant force, weight, frictional resistance, and drag force due to flowing water and the product of water velocity (V) and depth (D) at the point of instability was established.""
  - ""From specifications provided by car companies, buoyancy forces were determined for a range of water depths.""
  - ""A procedure is presented for determining the stability of cars and children on flooded roadways.""",,"- The abstract discusses the stability of cars in flooded conditions, which implies a focus on how cars behave when stationary in water.
- The mention of ""buoyancy forces"" and ""force balance"" suggests a static analysis rather than a dynamic one involving motion.
- The abstract does not mention any testing or scenario where the vehicle is moving or being propelled, which would be necessary to determine if it was self-propelled or towed.
- The focus on ""stability"" and ""force balance"" indicates that the study likely considered vehicles in a stationary state to assess their stability in flooded conditions."
"Vehicle‐related flood deaths in the United States, 1995–2005","D. Kellar, T. W. Schmidlin",10.1111/j.1753-318X.2012.01136.x,https://doi.org/10.1111/j.1753-318X.2012.01136.x,Journal of Flood Risk Management,,2012,"Vehicle-related deaths account for more than half of all flash flood fatalities in the United States, with 555 deaths in 355 events from 1995-2005, predominantly affecting males and concentrated in regions like the Texas Hill Country and the desert Southwest.",Not mentioned (the abstract does not provide any information on depth-velocity thresholds or critical depths for vehicle instability),Not mentioned (no information on driving/propulsive force or rolling friction coefficient is included in the abstract),Not mentioned (the abstract does not discuss vehicle models or testing),,"  - ""Vehicle‐related deaths comprise more than half of all flash flood fatalities in the United States.""
  - ""Vehicle‐related flood deaths were concentrated in the Texas Hill Country, the desert Southwest, the Ohio River Valley, and eastern North Carolina.""
  - ""Males accounted for 60% of the deaths.""
  - ""Using the publication Storm Data from the United States National Climatic Data Center, we found 555 vehicle‐related flood deaths that occurred in 355 flooding events during 1995–2005.""
  - ""Elevated deaths rates were found for both males and females under age 5 and over 60.""",,"- The main finding is that vehicle-related deaths account for more than half of all flash flood fatalities in the United States, indicating a significant risk associated with vehicles during floods.
- The methodology used involved analyzing data from the Storm Data publication by the United States National Climatic Data Center, which provides a systematic approach to identifying and quantifying flood-related deaths.
- The strength of evidence is supported by the specific numbers and demographic details provided, such as the total number of deaths (555), the gender distribution (60% males), and the age groups most affected (under 5 and over 60).
- The geographical concentration of these deaths in specific regions like the Texas Hill Country and the desert Southwest highlights areas of high risk.",,,"- The abstract provides information on the number of vehicle-related flood deaths and demographic details, but it does not mention any specific numeric threshold for vehicle instability in floodwater.
- The abstract focuses on the geographical distribution and demographic characteristics of vehicle-related flood deaths, but it does not include any technical details such as depth-velocity thresholds or critical depths for vehicle instability.
- The question specifically asks for a numeric threshold with units, which is not present in the abstract.","  - ""Vehicle‐related deaths comprise more than half of all flash flood fatalities in the United States.""
  - ""Using the publication Storm Data from the United States National Climatic Data Center, we found 555 vehicle‐related flood deaths that occurred in 355 flooding events during 1995–2005.""
  - ""Males accounted for 60% of the deaths.""
  - ""The difference in death rates between the sexes was small at ages 19 and younger but males died at twice the rate of females for ages 40 and older.""
  - ""Elevated deaths rates were found for both males and females under age 5 and over 60.""
  - ""Flooding events classified as flash floods accounted for most of the fatalities.""
  - ""Vehicle‐related flood deaths were concentrated in the Texas Hill Country, the desert Southwest, the Ohio River Valley, and eastern North Carolina.""",,"- The abstract discusses vehicle-related flood deaths and their demographic distribution, but it does not mention any physical or mechanical parameters such as driving/propulsive force or rolling friction coefficient.
- The focus of the study is on the epidemiology of flood-related deaths rather than on physical or engineering aspects of vehicle movement or friction.
- There is no mention of any measurements or assumptions related to driving force, propulsive force, or rolling friction coefficient in the abstract.","  - ""Vehicle‐related deaths comprise more than half of all flash flood fatalities in the United States.""
  - ""Using the publication Storm Data from the United States National Climatic Data Center, we found 555 vehicle‐related flood deaths that occurred in 355 flooding events during 1995–2005.""
  - ""Males accounted for 60% of the deaths.""
  - ""The difference in death rates between the sexes was small at ages 19 and younger but males died at twice the rate of females for ages 40 and older.""
  - ""Elevated deaths rates were found for both males and females under age 5 and over 60.""
  - ""Flooding events classified as flash floods accounted for most of the fatalities.""
  - ""Vehicle‐related flood deaths were concentrated in the Texas Hill Country, the desert Southwest, the Ohio River Valley, and eastern North Carolina.""",,"- The abstract discusses vehicle-related flood deaths and their demographic distribution, but it does not mention any specific vehicle models or testing.
- The focus is on the number of deaths and their geographical distribution, not on vehicle models or testing.
- There is no mention of any vehicle models being tested or any physical model scale ratios, which are typically relevant in studies involving vehicle testing.
- The abstract is focused on statistical analysis of flood-related deaths rather than experimental testing of vehicle models.","  - ""Using the publication Storm Data from the United States National Climatic Data Center, we found 555 vehicle‐related flood deaths that occurred in 355 flooding events during 1995–2005.""
  - ""Vehicle‐related deaths comprise more than half of all flash flood fatalities in the United States.""
  - ""Vehicle‐related flood deaths were concentrated in the Texas Hill Country, the desert Southwest, the Ohio River Valley, and eastern North Carolina.""",,"- The abstract discusses vehicle-related flood deaths, which implies that the vehicles were involved in accidents or incidents during flooding events.
- The focus is on the number of deaths and the locations where these incidents occurred, rather than the specific state of the vehicles (stationary, towed, or self-propelled) during these events.
- There is no mention of the vehicle motion state (stationary, towed, or self-propelled) in the abstract, as the study appears to focus on the outcomes (deaths) rather than the specific conditions of the vehicles during the incidents."
Stability criteria for flooded vehicles: a state‐of‐the‐art review,"E. Martínez‐Gomariz, M. Gómez, B. Russo, S. Djordjević",10.1111/jfr3.12262,https://doi.org/10.1111/jfr3.12262,Journal of Flood Risk Management,,2018,"The most safety stability criterion for vehicles exposed to flooding is the one proposed in the Guide AR&R, as determined by a comprehensive review of experimental, theoretical, and guideline proposals focusing on parked vehicles, although further research is needed to generalize findings to more vehicle models.","- Small passenger vehicle: (v·y) ≤ 0.30 m²/s
- Large passenger vehicle: (v·y) ≤ 0.45 m²/s
- Large 4WD vehicle: (v·y) ≤ 0.60 m²/s","- rolling friction coefficient = 0.3 (assumed not measured)
- rolling friction coefficient = 0.3 to 0.5 (measured)
- rolling friction coefficient = 0.26 to 0.65 (measured)
- rolling friction coefficient = 0.75 (perpendicular orientation), 0.25 (parallel orientation) (measured)","- Ford Falcon (1:25)
- Morris Mini Sedan (1:16)
- Suzuki Swift, Ford Laser, Toyota Corolla, Ford LTD (theoretical study)
- MINI Cooper, BMW M5, Mitsubishi Pajero (1:43 and 1:18)
- Sedan-type and minivan-type (1:10 and 1:18)",Stationary,"  - ""Nevertheless, in this work, it has been demonstrate that the most safety stability criterion for vehicles exposed to flooding up to now is the proposed in the Guide AR&R.""
  - ""Herein a comprehensive state‐of‐the‐art on stability of vehicles exposed to flooding is presented.""
  - ""The knowledge of vehicles stability when those are exposed to flooding is crucial for an informed flood risk management in urban areas.""
  - ""There is a clear need to conduct more research in this field by testing a greater variety of models in order to offer a more general methodology to define stability threshold for any vehicle exposed to flooding.""
  - ""The different studies have been gathered in experimental, theoretical and guidelines proposals and all of them focusing on parked vehicles.""",,"- The main finding of the paper is that the most safety stability criterion for vehicles exposed to flooding is the one proposed in the Guide AR&R, as indicated by the last quote.
- The methodology used involves a comprehensive review of existing studies, including experimental, theoretical, and guideline proposals, as mentioned in the second and third quotes.
- The strength of evidence is supported by the comprehensive nature of the review, but there is a noted need for further research to generalize the findings to a wider variety of vehicle models, as indicated by the fourth quote.","  - ""For each one a stability limit function (i.e. product velocity times water depth (v•y)) is offered and defining a maximum velocity and a maximum water depth (buoyancy depth).""
  - ""The AR&R criterion was the best reference up to now to guarantee the stability of vehicles according to three types of vehicles, which has been updated and validated herein with the results of subsequent studies.""
  - ""The characteristics for each type of vehicle and the proposed limit function are presented in Table 4""
  - ""The final proposed draft stability criteria for stationary vehicles distinguish among three class of vehicles; small passenger, large passenger and large 4WD.""",,"QUOTES:

- ""The final proposed draft stability criteria for stationary vehicles distinguish among three class of vehicles; small passenger, large passenger and large 4WD.""
- ""For each one a stability limit function (i.e. product velocity times water depth (v•y)) is offered and defining a maximum velocity and a maximum water depth (buoyancy depth).""
- ""The characteristics for each type of vehicle and the proposed limit function are presented in Table 4.""
- <table_quotation page_num=16 table_on_page=2 />

REASONING:

1. The paper discusses stability criteria for different classes of vehicles exposed to flooding, specifically mentioning small passenger, large passenger, and large 4WD vehicles.
2. It mentions that for each vehicle class, a stability limit function is defined as a product of velocity and water depth (v•y), which is a common way to express the threshold for vehicle instability in floodwaters.
3. The specific numeric thresholds for these stability criteria are detailed in Table 4, which is referenced in the text.
4. The table provides the depth-velocity product thresholds for each vehicle class, which are critical for determining the onset of vehicle instability.","  - ""The obtained vertical and horizontal forces were used to calculate the friction coefficients between tyre and ground and identify lines of constant friction (in the representation of depth and velocity combinations for each instability situation) produced for friction coefficient between 0.3 and 0.5.""
  - ""the lower threshold of the constant friction coefficient of 0.3 was proposed as an adequate limit function.""
  - ""Lines of constant friction coefficient (between 0.3 and 1.0) to initiate vehicle movement as a function of depth and velocity were derived for the locked front wheel condition and for the locked rear condition.""
  - ""a friction coefficient of 0.3, following Gordon and Stone (1973) suggestion, and drag coefficient values of 1.1 (on the wheels) and 1.15 (on the vehicle body) were adopted.""
  - ""The friction coefficients were measured for 0º and 90º model vehicle orientation, obtaining values of 0.26 and 0.57 respectively for sedan-type and values of 0.42 and 0.65 for minivan-type.""
  - ""the tyre-ground friction coefficient of 0.75 was proposed for perpendicular orientation and 0.25 for parallel orientation for both vehicles.""",,"- The paper discusses various studies that measured or assumed friction coefficients for vehicles in different orientations and conditions.
- The earliest study by Bonham and Hattersley (1967) calculated friction coefficients between 0.3 and 0.5, with a lower threshold of 0.3 proposed as a limit function.
- Gordon and Stone (1973) derived lines of constant friction coefficient between 0.3 and 1.0 for different wheel lock conditions.
- Keller and Mitsch (1993) adopted a friction coefficient of 0.3, following previous suggestions.
- Toda et al. (2013) measured friction coefficients for different vehicle orientations, finding values ranging from 0.26 to 0.65.
- Shu et al. (2011) proposed specific friction coefficients for perpendicular and parallel orientations.","  - ""The earliest study was carried out by Bonham and Hattersley (1967) and consisted of stability analysis of a small-scale (1:25) Ford Falcon model exposed to perpendicular flow (relative to the vehicle length).""
  - ""Gordon and Stone (1973) carried out experimental tests, studying the instability of a smallscale (1:16) model Morris Mini sedan exposed to parallel flow (i.e. relative to the vehicle length) in a 1 m wide flume.""
  - ""The research on the stability of vehicles involved in flooded was taken up by Teo ( 2010 expected. Moreover, four tests with 1:18 scaled models were undertaken in order to validate the results of 1:43 scaled models.""
  - ""Other experimental studies were conducted by Toda et al. (2013) at Ujigawa Open Laboratory, Disaster Prevention Research Institute, Kyoto University, Japan. A new approach was adopted in this case, since the decrease of buoyancy by the water inside of the partially submerged vehicles was considered. The tests were carried out in a 1.0 m width mortar flume and two types of model vehicles were tested; a sedan-type and a minivan-type with 1:10 and 1:18 scales respectively.""
  - ""A semi-empirical formula for critical motion conditions for partially submerged vehicles was derived by Shu et al. (2011) , offering a new approach where the buoyancy depth was considered. Two main assumptions in this study were that four wheels were blocked at a time, and the vehicle was waterproof in order to consider a specific water depth that once exceeded, the vehicle becomes buoyant.""","  - ""(Page 14, Table 1) | Reference                     | Bonham and Hattersley (1967) | Gordon and Stone (1973) | Keller and Mitsch (1993) | Teo (2010)                  |\n|-------------------------------|------------------------------|-------------------------|--------------------------|-----------------------------|\n| Study Type                    | Experimental                 | Experimental            | Theoretical              | Experimental                |""
  - ""(Page 15, Table 1) --------------------------------------------------------------------------------------------------------------------------------------------------------------------------------------------------------------------------------------------------------------------------------------------------------------------------------------------------------------------------------------------------------------------------------------------------------------------------------------------------------------------------------------------------------------------------------------------------------------------------------------------------------------------------------------------------------------------------------------------------------------------------------------------------------------------------------""","- The paper discusses several studies that tested different vehicle models at various scales.
- Bonham and Hattersley (1967) tested a Ford Falcon model at a 1:25 scale.
- Gordon and Stone (1973) tested a Morris Mini sedan model at a 1:16 scale.
- Keller and Mitsch (1993) considered four types of cars: Suzuki Swift, Ford Laser, Toyota Corolla, and Ford LTD, but it was a theoretical study, not experimental.
- Teo (2010) used 1:43 and 1:18 scaled models, but the specific types of vehicles are not mentioned in the quoted text.
- Toda et al. (2013) tested a sedan-type and a minivan-type at 1:10 and 1:18 scales.
- Shu et al. (2011) is mentioned, but the specific vehicle types and scales are not detailed in the quoted text.
- The tables provide additional information on the studies, including the types of vehicles tested and their scales.","  - ""The final proposed draft stability criteria for stationary vehicles distinguish among three class of vehicles; small passenger, large passenger and large 4WD.""
  - ""The AR&R criterion was the best reference up to now to guarantee the stability of vehicles according to three types of vehicles, which has been updated and validated herein with the results of subsequent studies.""
  - ""Most identified studies were focused on parked vehicles, possibly due to the great complexity of the stability analysis of vehicles in motion.""
  - ""The different studies have been gathered in experimental, theoretical and guidelines proposals and all of them focusing on parked vehicles.""",,"- The paper explicitly states that the studies gathered and discussed focus on ""parked vehicles,"" which implies that the vehicles were stationary during testing.
- The mention of ""parked vehicles"" and ""stationary vehicles"" throughout the paper consistently indicates that the vehicles were not in motion during the studies.
- The focus on parked vehicles is highlighted as a reason for the complexity of stability analysis, suggesting that the vehicles were not moving during the tests.
- The stability criteria proposed in the paper are specifically for stationary vehicles, reinforcing the idea that the vehicles were not towed or self-propelled during testing."
Experimental testing to determine stability thresholds for partially submerged vehicles at different flow orientations,"Xiaozhe Hu, Junqi Li, Wenhai Wang, X. Fang",10.1016/j.jhydrol.2023.129525,https://doi.org/10.1016/j.jhydrol.2023.129525,Journal of Hydrology,,2023,"The study derived stability thresholds and stability curved surfaces for prototype vehicles exposed to flooding using experimental data from model-scale vehicles and Froude similarity laws, providing valuable information for urban flood risk management.",Not mentioned (the abstract does not provide specific numeric thresholds or units for vehicle instability),Not mentioned (no information on driving/propulsive force or rolling friction coefficient is included in the abstract),"3 vehicle models, small passenger (Polo GTI), large passenger (Audi A6L), large 4WD (Range Rover), scale 1:18",Stationary,"  - ""In this study a series of experiments were conducted with a small passenger vehicle, Polo GTI, a large passenger vehicle, Audi A6L, and a large four-wheel drive (4WD) vehicle, Range Rover models with a scale of 1:18.""
  - ""The buoyancy forces of the model-scale vehicles were measured by buoyancy experiments, which allowed for the calculation of the buoyancy force as a function of the flow depth.""
  - ""The drag forces and transverse forces at different flow orientations were determined experimentally using a hydraulic flume, and the drag coefficients (1.22 ≤ C D ≤ 6.82) and transverse force coefficients (0 ≤ C T ≤ 2.40) of the three vehicles were determined by fitting data from all experiments at the same flow direction (from 0° to 180°).""
  - ""Corresponding forces on the full-scale (prototype) vehicles were computed based on the Froude similarity laws.""
  - ""Then stability thresholds and stability curved surfaces for prototype vehicles exposed to flooding were derived based on the experimental results and force analysis of vehicles exposed to flooding.""
  - ""The study results provide valuable information for decision-makers in the field of urban flood risk management to consider the impact of urban road runoff on vehicle stability thresholds.""",,"- The main finding of the study is the derivation of stability thresholds and stability curved surfaces for prototype vehicles exposed to flooding, which is crucial for urban flood risk management.
- The methodology used involved conducting experiments with model-scale vehicles to measure buoyancy forces and determine drag and transverse forces at various flow orientations.
- The strength of evidence is supported by the use of experimental data and the application of Froude similarity laws to compute forces on full-scale vehicles, indicating a robust methodological approach.","  - ""Vehicles exposed to flooding and losing stability may be washed away, causing potential injuries and fatalities.""
  - ""In this study a series of experiments were conducted with a small passenger vehicle, Polo GTI, a large passenger vehicle, Audi A6L, and a large four-wheel drive (4WD) vehicle, Range Rover models with a scale of 1:18.""
  - ""The buoyancy forces of the model-scale vehicles were measured by buoyancy experiments, which allowed for the calculation of the buoyancy force as a function of the flow depth.""
  - ""The drag forces and transverse forces at different flow orientations were determined experimentally using a hydraulic flume, and the drag coefficients (1.22 ≤ C D ≤ 6.82) and transverse force coefficients (0 ≤ C T ≤ 2.40) of the three vehicles were determined by fitting data from all experiments at the same flow direction (from 0° to 180°).""
  - ""Corresponding forces on the full-scale (prototype) vehicles were computed based on the Froude similarity laws.""
  - ""Then stability thresholds and stability curved surfaces for prototype vehicles exposed to flooding were derived based on the experimental results and force analysis of vehicles exposed to flooding.""",,"- The abstract discusses the importance of analyzing vehicle stability in flooding conditions and mentions experiments conducted with different vehicle models.
- It describes the measurement of buoyancy forces as a function of flow depth and the determination of drag and transverse forces at various flow orientations.
- The abstract states that stability thresholds and stability curved surfaces were derived for prototype vehicles, which implies that some form of threshold or critical depth was determined.
- However, the abstract does not provide specific numeric values for the depth-velocity threshold or critical depth for vehicle instability.
- The abstract focuses on the methodology and general findings but does not include specific numeric thresholds or units.","  - ""The drag forces and transverse forces at different flow orientations were determined experimentally using a hydraulic flume, and the drag coefficients (1.22 ≤ C D ≤ 6.82) and transverse force coefficients (0 ≤ C T ≤ 2.40) of the three vehicles were determined by fitting data from all experiments at the same flow direction (from 0° to 180°).""
  - ""Corresponding forces on the full-scale (prototype) vehicles were computed based on the Froude similarity laws.""
  - ""The buoyancy forces of the model-scale vehicles were measured by buoyancy experiments, which allowed for the calculation of the buoyancy force as a function of the flow depth.""",,"- The abstract mentions the measurement of buoyancy forces and the calculation of drag coefficients and transverse force coefficients, which are relevant to understanding the forces acting on the vehicles.
- However, there is no mention of a ""driving/propulsive force"" or ""rolling friction coefficient"" in the abstract. The focus is on buoyancy, drag, and transverse forces.
- The abstract does not provide any information on the driving or propulsive forces or rolling friction coefficients used or measured in the study.","  - ""In this study a series of experiments were conducted with a small passenger vehicle, Polo GTI, a large passenger vehicle, Audi A6L, and a large four-wheel drive (4WD) vehicle, Range Rover models with a scale of 1:18.""
  - ""The buoyancy forces of the model-scale vehicles were measured by buoyancy experiments, which allowed for the calculation of the buoyancy force as a function of the flow depth.""
  - ""Corresponding forces on the full-scale (prototype) vehicles were computed based on the Froude similarity laws.""
  - ""The drag forces and transverse forces at different flow orientations were determined experimentally using a hydraulic flume, and the drag coefficients (1.22 ≤ C D ≤ 6.82) and transverse force coefficients (0 ≤ C T ≤ 2.40) of the three vehicles were determined by fitting data from all experiments at the same flow direction (from 0° to 180°).""",,"- The abstract mentions three distinct vehicle models tested: Polo GTI (small passenger vehicle), Audi A6L (large passenger vehicle), and Range Rover (large four-wheel drive vehicle).
- The physical model scale ratio used in the study is explicitly stated as 1:18.
- The study involved experiments with these scaled models to measure various forces and coefficients, which were then used to compute forces for full-scale vehicles.","  - ""Corresponding forces on the full-scale (prototype) vehicles were computed based on the Froude similarity laws.""
  - ""The drag forces and transverse forces at different flow orientations were determined experimentally using a hydraulic flume, and the drag coefficients (1.22 ≤ C D ≤ 6.82) and transverse force coefficients (0 ≤ C T ≤ 2.40) of the three vehicles were determined by fitting data from all experiments at the same flow direction (from 0° to 180°).""
  - ""In this study a series of experiments were conducted with a small passenger vehicle, Polo GTI, a large passenger vehicle, Audi A6L, and a large four-wheel drive (4WD) vehicle, Range Rover models with a scale of 1:18.""",,"- The abstract mentions that experiments were conducted using model-scale vehicles in a hydraulic flume, which suggests that the vehicles were not self-propelled during the testing. Self-propelled vehicles would imply that the vehicles were moving under their own power, which is not indicated in the abstract.
- The use of a hydraulic flume to determine drag and transverse forces suggests that the vehicles were likely stationary or towed, as these forces are typically measured in a controlled environment where the vehicle's motion is not self-generated.
- The abstract does not explicitly mention whether the vehicles were stationary or towed, but the context of using a hydraulic flume and measuring forces at different orientations implies that the vehicles were likely stationary during the experiments."
"Hydrometeorological controls and social response for the 22 October 2019 catastrophic flash flood in Catalonia, north-eastern Spain","A. Amengual, R. Romero, M. Llasat, A. Hermoso, M. Llasat-Botija",,,,,2023,"The study identifies hydrometeorological factors, including persistent south-easterly airflow and local orography, as key contributors to the 2019 catastrophic flash flood in Catalonia, using a combination of meteorological analyses, simulations, and field observations to inform recommendations for future preparedness.",Not mentioned (the abstract does not provide any information on depth-velocity threshold or critical depth for vehicle instability),Not mentioned (the abstract does not include information on driving/propulsive force or rolling friction coefficient),Not mentioned (the abstract does not discuss vehicle models or testing),,"  - ""Mesoscale diagnosis reveals that a persistent south-easterly airflow brought low level moisture and established convective instability over the region, while local orography was instrumental to trigger moist deep convection.""
  - ""this study investigates the hydrometeorological factors that concurred in the unfolding of this event by using large-scale meteorological grid analyses, high-resolution mesoscale model simulations, radar-derived precipitation estimates, post-flood field observations and hydrological modelling.""
  - ""the study provides recommendations aimed at minimizing losses and improving preparedness for similar natural hazards in the future.""",,"- The main finding of the study is the identification of hydrometeorological factors that led to the catastrophic flash flood in Catalonia, specifically the role of persistent south-easterly airflow and local orography in triggering intense precipitation.
- The methodology used involves a combination of large-scale meteorological grid analyses, high-resolution mesoscale model simulations, radar-derived precipitation estimates, post-flood field observations, and hydrological modelling to investigate these factors.
- The strength of evidence is supported by the use of multiple data sources and models, which provides a comprehensive understanding of the event.","  - ""On 22 October 2019, the Francolí river basin in Catalonia, north-eastern Spain, experienced a heavy precipitation 10 event that resulted in a catastrophic flash flood, causing six fatalities.""
  - ""Firstly, this study investigates the hydrometeorological factors that concurred in the unfolding of this event by using large-scale meteorological grid analyses, high-resolution mesoscale model simulations, radar-derived precipitation estimates, post-flood field observations and hydrological modelling.""
  - ""Mesoscale diagnosis reveals that a persistent south-easterly airflow brought low level moisture and established convective instability over the region, while local orography was instrumental to trigger moist deep convection.""
  - ""A convective train 15 promoted intense, copious and prolonged precipitation over the north-western catchment headwaters.""
  - ""Basin response was significantly modulated by the very dry initial soil moisture conditions.""
  - ""After the long-lasting rainfall, an acute burst of precipitation resulted in extreme flash flooding.""
  - ""Fast and abrupt increases in river flow lead to short times for protection procedures to be implemented effectively.""
  - ""Secondly, this study collects the social response times during the event and compares them with catchment dynamics.""
  - ""The idea is to examine the adequacy of monitoring and warning issuance in meeting the needs 20 of the population at risk.""
  - ""Based on this information, the study provides recommendations aimed at minimizing losses and improving preparedness for similar natural hazards in the future.""",,"- The abstract discusses the hydrometeorological factors leading to a flash flood and the social response to the event.
- It provides details on the meteorological conditions and the impact on the river basin but does not mention any specific depth-velocity threshold or critical depth for vehicle instability.
- The focus is on the meteorological and hydrological aspects of the flood, as well as the social response and preparedness, but not on specific thresholds for vehicle instability.
- The abstract does not provide any numeric values or units related to vehicle instability in floodwater.","  - ""Basin response was significantly modulated by the very dry initial soil moisture conditions.""
  - ""After the long-lasting rainfall, an acute burst of precipitation resulted in extreme flash flooding.""
  - ""Mesoscale diagnosis reveals that a persistent south-easterly airflow brought low level moisture and established convective instability over the region, while local orography was instrumental to trigger moist deep convection.""
  - ""this study investigates the hydrometeorological factors that concurred in the unfolding of this event by using large-scale meteorological grid analyses, high-resolution mesoscale model simulations, radar-derived precipitation estimates, post-flood field observations and hydrological modelling.""
  - ""Fast and abrupt increases in river flow lead to short times for protection procedures to be implemented effectively.""",,"- The abstract discusses hydrometeorological factors and their role in a flash flood event, focusing on meteorological conditions and hydrological responses.
- It mentions the use of large-scale meteorological grid analyses, high-resolution mesoscale model simulations, and hydrological modelling, which are typical methods for studying weather and water flow dynamics.
- The abstract does not mention any specific driving or propulsive forces or rolling friction coefficients, which are terms typically associated with mechanical or physical systems rather than hydrometeorological studies.
- The focus of the study is on atmospheric and hydrological factors such as airflow, precipitation, and soil moisture, rather than mechanical forces or friction coefficients.","  - ""On 22 October 2019, the Francolí river basin in Catalonia, north-eastern Spain, experienced a heavy precipitation 10 event that resulted in a catastrophic flash flood, causing six fatalities.""
  - ""this study investigates the hydrometeorological factors that concurred in the unfolding of this event by using large-scale meteorological grid analyses, high-resolution mesoscale model simulations, radar-derived precipitation estimates, post-flood field observations and hydrological modelling.""
  - ""Mesoscale diagnosis reveals that a persistent south-easterly airflow brought low level moisture and established convective instability over the region, while local orography was instrumental to trigger moist deep convection.""
  - ""A convective train 15 promoted intense, copious and prolonged precipitation over the north-western catchment headwaters.""
  - ""Basin response was significantly modulated by the very dry initial soil moisture conditions.""
  - ""After the long-lasting rainfall, an acute burst of precipitation resulted in extreme flash flooding.""
  - ""Fast and abrupt increases in river flow lead to short times for protection procedures to be implemented effectively.""
  - ""Secondly, this study collects the social response times during the event and compares them with catchment dynamics.""
  - ""The idea is to examine the adequacy of monitoring and warning issuance in meeting the needs 20 of the population at risk.""
  - ""Based on this information, the study provides recommendations aimed at minimizing losses and improving preparedness for similar natural hazards in the future.""",,"- The abstract discusses a study on a catastrophic flash flood event in Catalonia, Spain, focusing on hydrometeorological factors and social response.
- The study uses various methods such as meteorological grid analyses, mesoscale model simulations, and hydrological modelling to investigate the event.
- There is no mention of vehicle models or any testing of vehicles in the abstract.
- The focus is on meteorological and hydrological factors, as well as social response, with no reference to vehicles or model scales.","  - ""Firstly, this study investigates the hydrometeorological factors that concurred in the unfolding of this event by using large-scale meteorological grid analyses, high-resolution mesoscale model simulations, radar-derived precipitation estimates, post-flood field observations and hydrological modelling.""
  - ""On 22 October 2019, the Francolí river basin in Catalonia, north-eastern Spain, experienced a heavy precipitation 10 event that resulted in a catastrophic flash flood, causing six fatalities.""
  - ""Secondly, this study collects the social response times during the event and compares them with catchment dynamics.""",,"- The abstract discusses a study on a catastrophic flash flood event in Catalonia, Spain, focusing on hydrometeorological factors and social response.
- There is no mention of any vehicle or its motion state (stationary, towed, or self-propelled) in the abstract.
- The study appears to be focused on meteorological and hydrological analysis rather than any physical testing involving vehicles."
Coupled Multibody Dynamics and Smoothed Particle Hydrodynamics for Modeling Vehicle Water Fording,"T. Wasfy, Hatem M. Wasfy, J. Peters",10.1115/DETC2015-47142,https://doi.org/10.1115/DETC2015-47142,,,2015,"The integration of multibody dynamics and smoothed particle hydrodynamics (SPH) into a single solver predicts the dynamic response of ground vehicles in water fording scenarios, as demonstrated with a Humvee-type vehicle in a shallow water pool.",Not mentioned (no information on depth-velocity threshold or critical depth is included in the abstract),Not mentioned (no information on driving/propulsive force or rolling friction coefficient is included in the abstract),"1 Humvee-type vehicle model, no scale mentioned",self-propelled,"  - ""Multibody dynamics and smoothed particle hydrodynamics (SPH) are integrated into one solver for predicting the water fording dynamic response of ground vehicles.""
  - ""The integrated solver is used to predict the dynamic response of a Humvee-type vehicle moving through a shallow water pool.Copyright""",,"- The main finding of the paper is the integration of multibody dynamics and smoothed particle hydrodynamics (SPH) into a single solver. This integration is significant because it allows for the prediction of the dynamic response of vehicles in water fording scenarios.
- The methodology used involves combining multibody dynamics models for vehicle systems with SPH for water modeling. This includes techniques like penalty methods for constraints and asperity-based friction models.
- The strength of evidence is supported by the application of this integrated solver to predict the dynamic response of a specific vehicle type (Humvee-type) in a shallow water pool, indicating practical application and validation of the method.","  - ""The integrated solver is used to predict the dynamic response of a Humvee-type vehicle moving through a shallow water pool.Copyright""",,"- The abstract discusses the integration of multibody dynamics and smoothed particle hydrodynamics for modeling vehicle water fording.
- It mentions the use of the integrated solver to predict the dynamic response of a Humvee-type vehicle in a shallow water pool.
- However, there is no mention of a specific depth-velocity threshold or critical depth for vehicle instability in the abstract.
- The abstract focuses on the methodology and application of the solver rather than providing specific numeric thresholds for vehicle instability.","  - ""An asperity-based friction model is used to model joint and contact friction.""
  - ""Multibody dynamics models are used for the various vehicle systems including: suspension system, wheels, steering system, axles, differential, and engine.""
  - ""The governing equations of motion for the solid bodies and the fluid particles are solved along with joint/constraint equations using a time-accurate explicit solution procedure.""",,"- The abstract mentions the use of multibody dynamics models for various vehicle systems, which could imply the consideration of forces such as driving or propulsive forces. However, it does not specify any values or units for these forces.
- The mention of an ""asperity-based friction model"" suggests that friction is considered in the study, but again, no specific values or units for rolling friction coefficients are provided.
- The abstract focuses on the integration of multibody dynamics and smoothed particle hydrodynamics for modeling vehicle water fording, but it does not provide specific details on the driving/propulsive force or rolling friction coefficient used or measured in the study.","  - ""The integrated solver is used to predict the dynamic response of a Humvee-type vehicle moving through a shallow water pool.Copyright""",,"- The abstract mentions that the integrated solver is used to predict the dynamic response of a ""Humvee-type vehicle."" This indicates that the study focuses on a specific type of vehicle, which is a Humvee.
- There is no mention of multiple vehicle models or different types of vehicles being tested. The focus is solely on a Humvee-type vehicle.
- The abstract does not provide any information about the physical model scale ratio or whether scaled models were used. It only refers to the simulation of a Humvee-type vehicle.","  - ""The integrated solver is used to predict the dynamic response of a Humvee-type vehicle moving through a shallow water pool.Copyright""
  - ""Multibody dynamics and smoothed particle hydrodynamics (SPH) are integrated into one solver for predicting the water fording dynamic response of ground vehicles.""",,"- The abstract mentions the use of a solver to predict the ""dynamic response of a Humvee-type vehicle moving through a shallow water pool."" This indicates that the vehicle is in motion, as it is described as ""moving.""
- The term ""dynamic response"" suggests that the vehicle is experiencing changes in its motion or state, which is consistent with it being self-propelled rather than stationary or towed.
- The abstract does not mention the vehicle being stationary or towed; instead, it focuses on its movement through water, which aligns with a self-propelled state."
Assessment of the risk of destabilization of vehicles at crossing points between streams and roads,"Ricardo Andres Bocanegra Vinasco, F. Francés",10.5194/egusphere-egu2020-12405,https://doi.org/10.5194/egusphere-egu2020-12405,,,2020,"A methodology was developed to calculate the risk of vehicle destabilization at stream-road crossings based on vehicle, flood, and traffic characteristics. In Godelleta, Spain, about a quarter of intersections have a high risk exceeding 0.2 vehicles per year, with risk highly sensitive to driver behavior regarding water levels.",Not mentioned (the abstract does not provide specific numeric thresholds or critical depths for vehicle instability),Not mentioned (no information on driving/propulsive force or rolling friction coefficient is included in the abstract),Not mentioned (the abstract does not provide specific details on the number or types of vehicle models tested or the physical model scale ratio),self-propelled,"  - ""In the present investigation a methodology was developed to calculate this risk based on the characteristics of vehicles, floods and traffic.""
  - ""the risk of vehicles in stream crossings due to flooding is highly sensitive to the magnitude of the water level from which drivers decide to interrupt vehicle traffic through flooded crossing.""
  - ""The methodology developed was applied in the municipality of Godelleta (Spain), finding that in approximately a quarter of the 25 intersections between streams and roads, the risk of vehicles due to flooding is relatively high, since it exceeds 0.2 vehicles per year.""
  - ""The risk at each stream crossing is calculated by means of the statistical integral of the vehicle vulnerability given the actual exposition and hazard.</p><p>&#160;</p><p>Hazard""",,"- The main finding is that approximately a quarter of the intersections between streams and roads in Godelleta, Spain, have a relatively high risk of vehicle destabilization due to flooding, with a risk exceeding 0.2 vehicles per year.
- The methodology used involves calculating the risk based on vehicle vulnerability, exposure, and hazard, using a statistical integral.
- The strength of evidence is supported by the application of this methodology in a specific location, providing quantitative results.","  - ""the risk of vehicles in stream crossings due to flooding is highly sensitive to the magnitude of the water level from which drivers decide to interrupt vehicle traffic through flooded crossing.""
  - ""Hazard corresponds to the probability that flow causes the destabilization of each type of car and is determined from the hydrodynamic characteristics of the floods and the implementation of a stability criterion for partially submerged cars, through which a hazard index is established.""
  - ""The vulnerability of a given type of car is determined by means of a damage function defined from the values of the hazard index.""",,"- The abstract discusses the methodology for assessing the risk of vehicle destabilization due to flooding, focusing on the hazard index and vulnerability of vehicles.
- The hazard index is related to the hydrodynamic characteristics of floods and a stability criterion for partially submerged cars, which suggests a focus on the conditions under which vehicles become unstable.
- However, the abstract does not provide specific numeric thresholds or critical depths for vehicle instability. It mentions the sensitivity of risk to water level but does not specify a depth-velocity threshold or critical depth.
- The abstract lacks specific numeric values or units for the depth-velocity threshold or critical depth, which are necessary to answer the question.","  - ""The exposure is established based on the traffic characteristics and the driver behavior.</p><p>&#160;</p><p>The""
  - ""The vulnerability of a given type of car is determined by means of a damage function defined from the values of the hazard index.""
  - ""Hazard corresponds to the probability that flow causes the destabilization of each type of car and is determined from the hydrodynamic characteristics of the floods and the implementation of a stability criterion for partially submerged cars, through which a hazard index is established.""",,"- The abstract discusses the methodology for assessing the risk of vehicle destabilization due to floods, focusing on hazard, vulnerability, and exposure.
- The hazard is determined by hydrodynamic characteristics and a stability criterion for partially submerged cars, but it does not mention specific driving or propulsive forces or rolling friction coefficients.
- The vulnerability is determined by a damage function related to the hazard index, but again, no specific values or measurements for driving or propulsive forces or rolling friction coefficients are mentioned.
- The abstract does not provide any information on the driving/propulsive force or rolling friction coefficient used or measured in the study.","  - ""The risk at each stream crossing is calculated by means of the statistical integral of the vehicle vulnerability given the actual exposition and hazard.</p><p>&#160;</p><p>Hazard""
  - ""Hazard corresponds to the probability that flow causes the destabilization of each type of car and is determined from the hydrodynamic characteristics of the floods and the implementation of a stability criterion for partially submerged cars, through which a hazard index is established.""
  - ""The vulnerability of a given type of car is determined by means of a damage function defined from the values of the hazard index.""",,"- The abstract discusses the methodology for assessing the risk of vehicle destabilization due to flooding, focusing on the calculation of risk based on vehicle vulnerability, hazard, and exposure.
- It mentions the determination of hazard and vulnerability for ""each type of car,"" suggesting that multiple types of vehicles are considered in the study.
- However, the abstract does not provide specific details on the number or types of vehicle models tested or whether physical models were used with a specific scale ratio.
- The focus is on the methodology and application rather than the specific vehicle models or physical scales used in the study.","  - ""River floods can cause the destabilization of vehicles and vehicles can increase the negative impacts of floods when they are mobilized by the flow, causing economic and life losses.""
  - ""The risk at each stream crossing is calculated by means of the statistical integral of the vehicle vulnerability given the actual exposition and hazard.</p><p>&#160;</p><p>Hazard""
  - ""Hazard corresponds to the probability that flow causes the destabilization of each type of car and is determined from the hydrodynamic characteristics of the floods and the implementation of a stability criterion for partially submerged cars,""
  - ""The vulnerability of a given type of car is determined by means of a damage function defined from the values of the hazard index.""
  - ""The exposure is established based on the traffic characteristics and the driver behavior.</p><p>&#160;</p><p>The""
  - ""The magnitude of the risk grows as drivers assume less conservative behavior, that is, when they decide to drive with higher water levels.</p><p>Key""",,"- The abstract discusses the destabilization of vehicles due to river floods, which implies that vehicles are being affected by water flow while they are in motion or attempting to cross flooded areas.
- The mention of ""partially submerged cars"" suggests that vehicles are being considered in a state where they are exposed to water, which could be during an attempt to cross a flooded area.
- The abstract does not explicitly state whether vehicles are stationary, towed, or self-propelled during testing. However, the context suggests that vehicles are likely self-propelled as they are being driven through flooded areas.
- The focus on ""driver behavior"" and ""traffic characteristics"" further supports the idea that vehicles are self-propelled, as these factors would influence how vehicles are driven through flooded areas."
Safety Provisions for Floodways Over Roads,"J. Affum, G. Giummarra, H. Cheung",,,,,2015,The report summarizes research on effective ways to alert drivers about the dangers of crossing floodways under water.,Not mentioned (the abstract does not provide specific numeric thresholds or units for vehicle instability),Not mentioned (no information on driving/propulsive force or rolling friction coefficient is included in the abstract),Not mentioned (no information on vehicle models or scale is included in the abstract),,"  - ""This report summarises research into effective ways of alerting drivers to the dangers of crossing a floodway when it is under water.""",,"- The abstract indicates that the report focuses on summarizing research related to alerting drivers about the dangers of crossing floodways under water.
- The main finding is implied to be about effective ways of alerting drivers, but specific findings are not detailed in the abstract.
- The methodology used is not explicitly mentioned in the abstract.
- The strength of evidence is not discussed in the abstract.","  - ""This report summarises research into effective ways of alerting drivers to the dangers of crossing a floodway when it is under water.""",,"- The abstract mentions research into alerting drivers about the dangers of crossing a floodway under water, but it does not provide specific details about the depth-velocity threshold or critical depth for vehicle instability.
- The abstract does not mention any numeric thresholds or units related to vehicle instability in floodwater.
- The focus of the abstract is on alerting drivers rather than providing specific technical thresholds for vehicle instability.","  - ""This report summarises research into effective ways of alerting drivers to the dangers of crossing a floodway when it is under water.""",,"- The abstract focuses on alerting drivers to the dangers of crossing a floodway under water, which suggests the study is about safety provisions rather than physical forces or coefficients.
- There is no mention of any driving force, propulsive force, or rolling friction coefficient in the abstract.
- The abstract does not provide any information on measurements or values related to these physical parameters.","  - ""This report summarises research into effective ways of alerting drivers to the dangers of crossing a floodway when it is under water.""",,"- The abstract does not mention any specific vehicle models being tested.
- There is no information about the type of vehicles or the number of distinct models tested.
- The abstract does not provide any details about the use of scaled models or the scale ratio if such models were used.
- The focus of the research appears to be on alerting drivers to floodway dangers, not on testing vehicle models.","  - ""This report summarises research into effective ways of alerting drivers to the dangers of crossing a floodway when it is under water.""",,"- The abstract discusses research on alerting drivers to dangers, which implies a focus on driver awareness rather than vehicle motion.
- There is no mention of the vehicle's motion state (stationary, towed, or self-propelled) in the abstract.
- The abstract does not provide any information about the testing conditions or the state of the vehicle during testing."
"Criterion of vehicle instability in floodwaters: past, present and future","Syed Hamid Hussain Shah, Z. Mustaffa, E. Martínez‐Gomariz, Do Kyun Kim, K. Yusof",10.1080/15715124.2019.1566240,https://doi.org/10.1080/15715124.2019.1566240,International Journal of River Basin Management,,2019,"The paper summarizes past studies on vehicle stability in floodwaters and introduces new findings on vehicles in motion, considering rolling friction and driving force, to address vehicle instability in floodwaters.",Not mentioned (the abstract does not provide specific numeric thresholds or values for the depth-velocity threshold or critical depth),Not mentioned (the abstract does not provide specific values or measurements for the driving force or rolling friction coefficient),Not mentioned (the abstract does not provide information on the number or type of vehicle models tested or their scale),self-propelled,"  - ""This paper attempts to summarize different vehicle stability studies, which focused on parked vehicles for a range of flood depths, through experimental and theoretical analysis (1967–1993).""
  - ""this paper attempts to address, for the very first time, vehicles in motion and endangered by floodwaters.""
  - ""modern vehicle designs mean there are different values for the stability limits under partial or full submergence with different braking conditions, orientations and ground slopes (2010–2017).""
  - ""the governing effect of incipient velocity for a partially submerged, non-stationary vehicle will be presented, under the consideration of two new parameters, namely rolling friction and driving force.""",,"- The main finding of the paper is the attempt to address vehicle instability in floodwaters, particularly focusing on vehicles in motion, which is a new area of study.
- The methodology involves summarizing past studies on parked vehicles and then extending this to vehicles in motion, considering new parameters like rolling friction and driving force.
- The strength of evidence is supported by the comprehensive review of past studies and the introduction of new parameters for vehicles in motion.","  - ""The stability of vehicles exposed to floodwaters on the roads should not be taken for granted, especially in floodplain areas.""
  - ""When a vehicle in floodwaters becomes unstable, it tends to become buoyant and, eventually, is washed away, putting occupants in extreme danger.""
  - ""This paper attempts to summarize different vehicle stability studies, which focused on parked vehicles for a range of flood depths, through experimental and theoretical analysis (1967–1993).""
  - ""However, modern vehicle designs mean there are different values for the stability limits under partial or full submergence with different braking conditions, orientations and ground slopes (2010–2017).""
  - ""Since all the reported studies are about static vehicles, this paper attempts to address, for the very first time, vehicles in motion and endangered by floodwaters.""
  - ""As such, the governing effect of incipient velocity for a partially submerged, non-stationary vehicle will be presented, under the consideration of two new parameters, namely rolling friction and driving force.""",,"- The abstract discusses the importance of understanding vehicle instability in floodwaters but does not provide specific numeric thresholds or values for the depth-velocity threshold or critical depth.
- It mentions that the paper summarizes studies on parked vehicles and introduces new considerations for vehicles in motion, but it does not specify any critical depths or velocities.
- The abstract focuses on the theoretical and experimental analysis of vehicle stability but does not provide concrete numeric data or thresholds.
- The mention of ""incipient velocity"" suggests a focus on velocity, but no specific value or unit is provided in the abstract.","  - ""the governing effect of incipient velocity for a partially submerged, non-stationary vehicle will be presented, under the consideration of two new parameters, namely rolling friction and driving force.""",,"- The abstract mentions that the study considers ""two new parameters, namely rolling friction and driving force"" in the context of vehicles in motion and endangered by floodwaters.
- However, the abstract does not provide specific values or measurements for the driving force or rolling friction coefficient.
- The focus is on the consideration of these parameters rather than their quantification or measurement.","  - ""the governing effect of incipient velocity for a partially submerged, non-stationary vehicle will be presented, under the consideration of two new parameters, namely rolling friction and driving force.""
  - ""this paper attempts to address, for the very first time, vehicles in motion and endangered by floodwaters.""
  - ""modern vehicle designs mean there are different values for the stability limits under partial or full submergence with different braking conditions, orientations and ground slopes (2010–2017).""
  - ""This paper attempts to summarize different vehicle stability studies, which focused on parked vehicles for a range of flood depths, through experimental and theoretical analysis (1967–1993).""",,"- The abstract discusses the summarization of past studies on vehicle stability in floodwaters, but it does not specify the number or type of vehicle models tested in those studies.
- The abstract mentions modern vehicle designs and their stability limits under various conditions, but again, it does not provide specific details about the number or type of vehicle models tested.
- The focus of the paper is on vehicles in motion and the presentation of new parameters, but it does not provide information on the specific vehicle models or scales used in the study.
- The abstract does not mention any specific vehicle models or scales, which are necessary to answer the question.","  - ""the governing effect of incipient velocity for a partially submerged, non-stationary vehicle will be presented, under the consideration of two new parameters, namely rolling friction and driving force.""
  - ""Since all the reported studies are about static vehicles, this paper attempts to address, for the very first time, vehicles in motion and endangered by floodwaters.""
  - ""This paper attempts to summarize different vehicle stability studies, which focused on parked vehicles for a range of flood depths, through experimental and theoretical analysis (1967–1993).""",,"- The abstract mentions that previous studies focused on ""parked vehicles,"" which implies that those vehicles were stationary.
- The phrase ""vehicles in motion and endangered by floodwaters"" suggests that the current study is addressing vehicles that are not stationary.
- The term ""non-stationary vehicle"" explicitly indicates that the vehicle in this study is not stationary.
- The mention of ""driving force"" implies that the vehicle is self-propelled, as driving force is typically associated with vehicles that are moving under their own power."
Hazard risks pertaining to partially submerged non-stationary vehicle on low-lying roadways under subcritical flows,"Syed Hamid Hussain Shah, Z. Mustaffa, Eduardo Matínez‐Gomariz, K. Yusof, E. Al-Qadami",10.1016/j.rineng.2019.100032,https://doi.org/10.1016/j.rineng.2019.100032,Results in Engineering,,2019,"The study investigates hazards and risks associated with vehicles on low-lying roadways during floods, using a modelled experimental setup to simulate river overtopping and vehicle response, finding buoyancy depth at 0.055m and identifying factors influencing sliding failure.",Not mentioned (the abstract does not explicitly state a depth-velocity threshold or critical depth for vehicle instability),Not mentioned (no specific values or measurements for driving/propulsive force or rolling friction coefficient are provided in the abstract),"1 vehicle model, Perodua Viva, scale 1:10",self-propelled,"  - ""To imitate a similar situation, the hydraulic characteristics of river overtopping an adjacent low-lying roadway during floods and the dynamics response of a vehicle attempting to cross over such flows were carried out in a modelled experimental set up.""
  - ""The major flooding occurrence at the East Coast of Malaysia in December 2014 for instance, exhibited several hazards and fatalities involving vehicle submergence when the road conditions at low-lying flooded roadways were not known to the road users.""
  - ""The buoyancy depth was noticed at depths greater than and equal to 0.055 m.""
  - ""Below critical depth, mode of sliding failure relied on the dominancy of varying horizontal pushing forces, namely frictional resistance, rolling friction, drag and driving forces.""",,"- The main finding of the study is related to the hazards and risks associated with vehicles on low-lying roadways during floods, as indicated by the mention of ""hazards and fatalities involving vehicle submergence.""
- The methodology involved a modelled experimental setup to simulate the conditions of river overtopping and vehicle response, which is a key aspect of the study.
- The strength of evidence is supported by specific data points such as the buoyancy depth and the factors influencing sliding failure, which provide quantitative insights into the study's findings.","  - ""The buoyancy depth was noticed at depths greater than and equal to 0.055 m.""
  - ""the range of water depths between 0.047 and 0.089 m, whereas for velocities, it was controlled to be in between 0.20 and 0.39 m/s, respectively.""
  - ""Below critical depth, mode of sliding failure relied on the dominancy of varying horizontal pushing forces, namely frictional resistance, rolling friction, drag and driving forces.""",,"- The abstract provides a range of water depths (0.047 to 0.089 m) and velocities (0.20 to 0.39 m/s) that were controlled in the experiment. However, these are not explicitly stated as thresholds for vehicle instability.
- The mention of ""buoyancy depth"" at ""depths greater than and equal to 0.055 m"" suggests a critical depth where buoyancy becomes significant, which could relate to vehicle instability.
- The abstract does not explicitly state a ""depth-velocity threshold"" or a ""critical depth"" for vehicle instability in the context of the question. The information provided is more about the experimental setup and conditions rather than specific thresholds for instability.","  - ""Below critical depth, mode of sliding failure relied on the dominancy of varying horizontal pushing forces, namely frictional resistance, rolling friction, drag and driving forces.""",,"- The abstract mentions ""frictional resistance, rolling friction, drag and driving forces"" as factors involved in the mode of sliding failure, but it does not provide specific values or measurements for these forces.
- There is no mention of a specific ""driving/propulsive force or rolling friction coefficient"" being used or measured in the study.
- The abstract focuses on the experimental setup and conditions such as water depth and velocity but does not provide detailed measurements or values for the forces mentioned.","  - ""a Perodua Viva which represents the medium-sized Malaysian passenger car was manufactured (1:10), ensuring similarity laws.""
  - ""To imitate a similar situation, the hydraulic characteristics of river overtopping an adjacent low-lying roadway during floods and the dynamics response of a vehicle attempting to cross over such flows were carried out in a modelled experimental set up.""",,"- The abstract mentions that a ""Perodua Viva"" was used in the study, which is described as a ""medium-sized Malaysian passenger car."" This indicates that only one vehicle model was tested.
- The vehicle model was manufactured at a scale of ""1:10,"" which is explicitly mentioned in the abstract. This scale is used to ensure similarity laws in the experimental setup.
- There is no mention of any other vehicle models being tested, so it is reasonable to conclude that only one distinct vehicle model was used in the study.","  - ""Below critical depth, mode of sliding failure relied on the dominancy of varying horizontal pushing forces, namely frictional resistance, rolling friction, drag and driving forces.""
  - ""the range of water depths between 0.047 and 0.089 m, whereas for velocities, it was controlled to be in between 0.20 and 0.39 m/s, respectively.""
  - ""the low-lying roadway model was designed to the allowable grade of five percent as proposed in Arahan Teknik (Jalan), ATJ 8/86.""
  - ""the dynamics response of a vehicle attempting to cross over such flows were carried out in a modelled experimental set up.""",,"- The abstract mentions ""the dynamics response of a vehicle attempting to cross over such flows,"" which suggests that the vehicle was moving or attempting to move during the experiment. This indicates that the vehicle was not stationary.
- The mention of ""driving forces"" in the context of the vehicle's motion suggests that the vehicle was self-propelled, as driving forces are typically associated with a vehicle's own propulsion.
- There is no mention of the vehicle being towed, which would imply external forces moving the vehicle without its own propulsion.
- The controlled velocities and water depths suggest a controlled environment, which aligns with a self-propelled vehicle being tested under specific conditions."
Development of Appropriate Criteria for the Safety and Stability of Persons and Vehicles in Floods,"T. Shand, Gp Smith, R. Cox, M. Blacka",,,,,2011,"The paper updates safety guidelines for human and vehicle stability in floods by re-analyzing experimental data, considering changes in vehicle design since the 1960s and 1970s, to provide tolerable conditions for safety and safe working conditions.",Not mentioned (the abstract does not provide specific numeric thresholds or critical depths for vehicle instability),Not mentioned (no specific values or measurements for driving/propulsive force or rolling friction coefficient are included in the abstract),Not mentioned (the abstract does not provide information on the number or type of vehicle models tested or the scale ratio if scaled models were used),,"  - ""The safety of people in floods is of major concern in floodplain management.""
  - ""The entire data-set of relevant experimental results is re-analysed and tolerable conditions related to human and vehicle safety and safe working conditions are presented.""
  - ""The current safety guidelines within Australia are based primarily on the results of experimental studies undertaken in the late 1960s and early 1970s""
  - ""This paper reviews early work, collates and discusses subsequent experimental testing, empirical expressions and safety guidelines derived from the range of studies.""
  - ""substantial changes in vehicle design have occurred since these early studies,""",,"- The main finding of the paper is that the current safety guidelines for human and vehicle stability in floods are outdated due to significant changes in vehicle design since the original studies were conducted.
- The methodology used involves reviewing early studies, collating and discussing subsequent experimental testing, and re-analyzing the entire dataset of relevant experimental results.
- The strength of evidence is supported by the comprehensive review and re-analysis of experimental data, which provides a robust basis for updating safety guidelines.","  - ""The safety of people can be compromised when exposed to flows which exceed their ability to remain standing or when the vehicles they are travelling in are exposed to flows which cause the vehicle to become unstable by losing traction or becoming buoyant.""
  - ""The entire data-set of relevant experimental results is re-analysed and tolerable conditions related to human and vehicle safety and safe working conditions are presented.""
  - ""substantial changes in vehicle design have occurred since these early studies, notably in vehicle planform area, vehicle weight and ground clearance and the results of these earlier studies may no longer be representative of contemporary vehicles.""
  - ""The current safety guidelines within Australia are based primarily on the results of experimental studies undertaken in the late 1960s and early 1970s (Bonham and Hattersley, 1967; Foster and Cox, 1973; Gordon and Stone, 1973) and more recent numerical assessments (Keller and Mitsch, 1993).""",,"- The abstract discusses the safety of people and vehicles in floods, focusing on the instability of vehicles due to flow conditions.
- It mentions that current safety guidelines are based on older studies, which may not be representative of modern vehicles due to changes in design.
- The abstract indicates that the paper re-analyzes experimental results to present tolerable conditions for human and vehicle safety, but it does not specify any numeric thresholds or critical depths for vehicle instability.
- The abstract does not provide specific numeric values or units for depth-velocity thresholds or critical depths related to vehicle instability.","  - ""The safety of people can be compromised when exposed to flows which exceed their ability to remain standing or when the vehicles they are travelling in are exposed to flows which cause the vehicle to become unstable by losing traction or becoming buoyant.""
  - ""The current safety guidelines within Australia are based primarily on the results of experimental studies undertaken in the late 1960s and early 1970s (Bonham and Hattersley, 1967; Foster and Cox, 1973; Gordon and Stone, 1973) and more recent numerical assessments (Keller and Mitsch, 1993).""
  - ""The entire data-set of relevant experimental results is re-analysed and tolerable conditions related to human and vehicle safety and safe working conditions are presented.""",,"- The abstract discusses the safety of people and vehicles in floods, focusing on the stability of vehicles and the impact of water flows.
- It mentions that vehicles can become unstable by losing traction, which implies a consideration of forces affecting vehicle stability.
- However, the abstract does not provide specific values or measurements for driving/propulsive force or rolling friction coefficient.
- The mention of re-analysis of experimental results suggests that such data might be included in the full text, but it is not specified in the abstract.
- The abstract does not explicitly mention any specific values or measurements for driving/propulsive force or rolling friction coefficient.","  - ""The current safety guidelines within Australia are based primarily on the results of experimental studies undertaken in the late 1960s and early 1970s (Bonham and Hattersley, 1967; Foster and Cox, 1973; Gordon and Stone, 1973) and more recent numerical assessments (Keller and Mitsch, 1993).""
  - ""The entire data-set of relevant experimental results is re-analysed and tolerable conditions related to human and vehicle safety and safe working conditions are presented.""
  - ""substantial changes in vehicle design have occurred since these early studies, notably in vehicle planform area, vehicle weight and ground clearance and the results of these earlier studies may no longer be representative of contemporary vehicles.""",,"- The abstract mentions that the current safety guidelines are based on experimental studies from the late 1960s and early 1970s, but it does not specify the number or type of vehicle models tested in those studies.
- It notes that there have been substantial changes in vehicle design since those early studies, which implies that the vehicles tested in the earlier studies may not be representative of contemporary vehicles.
- The abstract does not provide specific information about the number or type of vehicle models tested in the study by T. Shand, Gp Smith, R. Cox, M. Blacka (2011), nor does it mention the use of scaled models or their scale ratios.
- The abstract focuses on reviewing and re-analyzing existing data rather than conducting new experiments with specific vehicle models.","  - ""The safety of people can be compromised when exposed to flows which exceed their ability to remain standing or when the vehicles they are travelling in are exposed to flows which cause the vehicle to become unstable by losing traction or becoming buoyant.""
  - ""The entire data-set of relevant experimental results is re-analysed and tolerable conditions related to human and vehicle safety and safe working conditions are presented.""",,"- The abstract discusses the safety of people and vehicles in floods, focusing on the stability of vehicles in different flow conditions.
- It mentions that vehicles can become unstable by losing traction or becoming buoyant, which implies that the study considers vehicles in motion.
- The abstract does not explicitly state whether the vehicles were stationary, towed, or self-propelled during testing.
- The focus on ""losing traction or becoming buoyant"" suggests that the vehicles were likely in motion, but the exact state (stationary, towed, or self-propelled) is not specified."
Full-scale experimental assessment of passenger vehicle stability in flooding flow,"Y. Nihei, S. Onomura, Yu Bando, Takashi Inoue, Jin Kashiwada, Yasuhiro Yoshikawa, Mamoru Tanaka",10.1016/j.rineng.2025.107189,https://doi.org/10.1016/j.rineng.2025.107189,Results in Engineering,,2025,"The disengagement of the handbrake significantly reduces vehicle stability in floodwaters by lowering the critical sliding velocity and reducing effective friction by an order of magnitude, as demonstrated through full-scale flood tests and traction-force experiments on prototype vehicles.",Not mentioned (the abstract does not provide a specific numeric threshold for vehicle instability in terms of depth or velocity),rolling friction coefficient = 0.0250 and 0.0242 (measured),"1 passenger vehicle model, full-scale (no scaling ratio mentioned)",Stationary,"  - ""Full-scale flood tests on prototype vehicle comparing braked vs. unbraked states.""
  - ""No handbrake reduced effective friction reduced by an order of magnitude.""
  - ""Flood-induced vibrations caused downstream displacement, then abrupt vehicle washaway.""
  - ""Critical sliding velocity approximately 0.3x lower for unbraked vs. braked vehicles.""
  - ""this study investigates vehicle-sliding instability during floods through a series of flooding and traction-force experiments using prototype passenger vehicles.""
  - ""Complementary traction-force tests demonstrated that the rolling-resistance coefficient is initially high but rapidly decreases to a steady-state value which was approximately 40 % of the initial maximum value.""
  - ""This is among the first full-scale experimental studies to quantify the dynamic interplay between hydraulic forces and vehicle responses during floods.""",,"- The main finding is that the disengagement of the handbrake significantly reduces the effective friction, leading to vehicle instability at lower flow velocities. This is highlighted by the reduction in rolling resistance coefficient by an order of magnitude and the lower critical sliding velocity for unbraked vehicles.
- The methodology used involves full-scale flood tests on prototype vehicles, comparing braked and unbraked states, as well as traction-force tests to assess interacting forces and stability thresholds.
- The strength of evidence is supported by the comprehensive hydraulic measurements and high-resolution acceleration data collected during the experiments, which provide detailed insights into the dynamic responses of the vehicle during floods.","  - ""analysis of the vehicle’s dynamic responses indicated that flood-induced vibrations trigger downstream displacement before culminating in abrupt washaway.""
  - ""Complementary traction-force tests demonstrated that the rolling-resistance coefficient is initially high but rapidly decreases to a steady-state value which was approximately 40 % of the initial maximum value.""
  - ""Critical sliding velocity approximately 0.3x lower for unbraked vs. braked vehicles.""
  - ""The flooding experiments indicate that handbrake disengagement reduces the rolling resistance coefficient (=0.0250 and 0.0242) by approximately an order of magnitude than the typical static friction coefficient (approximately 0.30), causing sliding/washaway at significantly lower flow velocities.""",,"- The abstract mentions a ""critical sliding velocity"" but does not provide a specific numeric value or unit for this threshold. It only states that it is approximately 0.3x lower for unbraked vehicles compared to braked ones.
- The abstract discusses changes in rolling resistance coefficients and their impact on vehicle stability, but it does not provide a specific depth-velocity threshold or critical depth for vehicle instability.
- The abstract focuses on the effects of handbrake engagement and disengagement on vehicle stability and the dynamics of vehicle responses during floods, but it does not specify a numeric threshold for vehicle instability in terms of depth or velocity.","  - ""The flooding experiments indicate that handbrake disengagement reduces the rolling resistance coefficient (=0.0250 and 0.0242) by approximately an order of magnitude than the typical static friction coefficient (approximately 0.30),""
  - ""Complementary traction-force tests demonstrated that the rolling-resistance coefficient is initially high but rapidly decreases to a steady-state value which was approximately 40 % of the initial maximum value.""
  - ""No handbrake reduced effective friction reduced by an order of magnitude.""
  - ""Rolling resistance is high initially, drops rapidly to steady state (traction tests).""",,"- The abstract mentions that the rolling resistance coefficient is measured in the study, specifically with values of 0.0250 and 0.0242 when the handbrake is disengaged.
- These values are compared to a typical static friction coefficient of approximately 0.30, indicating a significant reduction when the handbrake is not used.
- The abstract also describes how the rolling resistance coefficient changes over time, initially being high and then decreasing to a steady-state value that is about 40% of the initial maximum value.
- The study focuses on the dynamic interplay between hydraulic forces and vehicle responses, which includes measuring the rolling friction coefficient as part of understanding vehicle stability in floods.","  - ""Full-scale flood tests on prototype vehicle comparing braked vs. unbraked states.""
  - ""Full-scale flooding experiments were conducted in a large outdoor open channel, with the prototype vehicle exposed to frontal flows with the handbrake both engaged and disengaged.""
  - ""this study investigates vehicle-sliding instability during floods through a series of flooding and traction-force experiments using prototype passenger vehicles.""",,"- The abstract mentions ""prototype vehicle"" multiple times, indicating that the study used a prototype vehicle for the experiments.
- The term ""full-scale"" is used to describe the flood tests and experiments, suggesting that the vehicle used was not scaled down but rather a full-size prototype.
- There is no mention of multiple vehicle models or any scaling ratio, which implies that the study likely used a single prototype vehicle for the experiments.
- The abstract does not specify the exact type of vehicle beyond it being a ""passenger vehicle,"" nor does it provide any details on the number of distinct vehicle models tested.","  - ""Flood-induced vibrations caused downstream displacement, then abrupt vehicle washaway.""
  - ""Full-scale flooding experiments were conducted in a large outdoor open channel, with the prototype vehicle exposed to frontal flows with the handbrake both engaged and disengaged.""
  - ""Full-scale flood tests on prototype vehicle comparing braked vs. unbraked states.""",,"- The abstract mentions ""full-scale flood tests on prototype vehicle comparing braked vs. unbraked states,"" which suggests that the vehicle was not self-propelled during these tests, as the focus is on the effects of braking.
- The phrase ""exposed to frontal flows with the handbrake both engaged and disengaged"" indicates that the vehicle was stationary during the experiments, as it was subjected to flow conditions rather than moving under its own power.
- The mention of ""flood-induced vibrations caused downstream displacement, then abrupt vehicle washaway"" further supports that the vehicle was not self-propelled, as it was being acted upon by external forces rather than moving on its own.
- The focus on ""rolling resistance coefficient"" and ""sliding/washaway"" suggests that the vehicle was not towed, as these terms relate to the vehicle's interaction with the ground and water, not being pulled by another vehicle."
Criterion of vehicle stability in floodwaters based on theoretical and experimental studies,"J. Xia, R. Falconer, Xuanwei Xiao, Yejian Wang",10.1007/s11069-013-0889-2,https://doi.org/10.1007/s11069-013-0889-2,Natural Hazards,,2013,"The study developed a mechanics-based formula for incipient velocity of partially submerged vehicles under different orientation angles, validated through flume experiments with model vehicles. It also found that ground slopes significantly affect vehicle stability, with a 25% reduction in incipient velocity on a 1:50 slope compared to flat ground.","- Honda Accord: 2.0 m/s incipient velocity at 0.35 m depth for 0° or 180° orientations
- Audi Q7: 4.3 m/s incipient velocity at 0.35 m depth for 0° or 180° orientations
- Honda Accord: 3.9, 3.3, and 2.9 m/s incipient velocities for flat, 1:100, and 1:50 slopes at 0.25 m depth
- Audi Q7: 4.4, 3.9, and 3.6 m/s incipient velocities for flat, 1:100, and 1:50 slopes at 0.35 m depth","rolling friction coefficient = 0.25 (parallel flow), 0.75 (perpendicular flow)","2 vehicle models, Honda Accord (small passenger vehicle) and Audi Q7 (4-wheel drive saloon vehicle), scales 1:14/1:24",Stationary,"  - ""a mechanics-based formula of incipient velocity is given for partially submerged vehicles under different orientation angles.""
  - ""incipient velocities for three vehicle orientation angles were estimated using two different approaches,""
  - ""the effect of different ground slopes on the vehicle incipient motion was also investigated,""
  - ""the incipient velocity for a small passenger vehicle on a ground slope of 1:50 was about 25 % lower than the value on a flat ground for an incoming depth of 0.25 m.""
  - ""Experimental data obtained from the large-scale model vehicles were then used to determine two parameters in the derived formula.""",,"- The main finding is the development of a mechanics-based formula for incipient velocity, which is crucial for understanding vehicle stability in floodwaters.
- The methodology involved both theoretical and experimental approaches, including flume experiments with model vehicles to validate the formula.
- The strength of evidence is supported by the use of experimental data to determine parameters in the formula and the comparison of results from different approaches, which validated the predictive accuracy of the formula.
- The investigation of ground slopes adds another layer of evidence by showing how different conditions affect vehicle stability.","  - ""About 200 runs of flume experiments were conducted to obtain the conditions of water depth and corresponding velocity at the threshold of vehicle instability for three orientation angles, using two types of die-cast model vehicles at two model scales.""
  - ""In addition, the effect of different ground slopes on the vehicle incipient motion was also investigated, using similar experiments and based on the theory of similarity, which indicated that the incipient velocity for a small passenger vehicle on a ground slope of 1:50 was about 25% lower than the value on flat ground for an incoming depth of 0.25m.""
  - ""the incipient velocity increases with a decrease in the incoming depth for each vehicle and any orientation angle;""
  - ""For the case of 0° and 180° orientations, Eq. (5-1) is transformed to

β in order to determine the parameters of α and β, in which R ρ = ρ c /ρ f and R h = h c /h f""
  - ""For the case of a 90° orientation, then the parameters α and β in Eq. (5-2) can also be calibrated using the corresponding experimental data.""
  - ""the incipient velocities for the Honda were 3.9, 3.3 and 2.9 m/s, respectively, for the same incoming depth of 0.25m, for a flat slope and for slopes of 1:100 and 1:50, while the values of U c for the Audi were 4.4, 3.9 and 3.6 m/s, respectively, for a depth h f = 0.35 m.""
  - ""the effect of different ground slopes on the incipient motion for the Honda and Audi model vehicles, respectively.""
  - ""the incipient velocity decreased with an increase in the ground slope.""
  - ""the incipient velocity for the orientations of 0° and 180° was slightly greater than for the 90° orientation for Honda model, while the former was evidently higher than the latter for Audi model""
  - ""the difference in the incipient velocities for different vehicle orientation angles decreased with an increase in the incoming depth.""
  - ""the model Honda Accord was the easier vehicle to start sliding in floodwaters, relative to the Audi Q7 due to its lighter kerb weight and lower ground clearance height.""
  - ""For example, for the 0° or 180° orientations, the incipient velocity for h f = 0.35 m for the Honda was about 2.0 m/s, which was much lower than the corresponding value for the Audi, which was 4.3 m/s.""","  - ""(Page 14, Table 1) | Vehicles      | Orientation angles |     | Parameters |       |       |       |\n|---------------|--------------------|-----|------------|-------|-------|-------|\n|               |                    |     | α          | β     | hₖ(m) | Rₓ    |""
  - ""(Page 13, Table 1) | Vehicles       | Scale         | Length (m) | Width (m) | Height (m) | Kerb Weight (kg) |\n|----------------|---------------|------------|-----------|------------|------------------|\n| Honda (Accord) | Prototype(1:1)| 4.945      | 1.845     | 1.480      | 1631             |""","- The paper discusses the criterion of vehicle stability in floodwaters, focusing on the incipient velocity as a measure of stability.
- The study conducted flume experiments to determine the conditions of water depth and corresponding velocity at the threshold of vehicle instability for different vehicle orientation angles and ground slopes.
- The paper provides specific incipient velocities for different vehicle types and orientation angles, such as the Honda Accord and Audi Q7.
- The incipient velocity is influenced by the ground slope, with higher slopes resulting in lower incipient velocities.
- The paper does not provide a single critical depth or depth-velocity threshold but instead offers various incipient velocities for different scenarios.
- The tables at the end of the paper provide detailed parameters for the vehicles, but they do not explicitly state a critical depth or depth-velocity threshold.","  - ""The friction coefficients for the two model vehicles were measured in the flume, and the mean friction coefficient measured was 0.25 for the case where the inflow direction was parallel to the vehicle length, and 0.75 for the case where the inflow direction was perpendicular to the vehicle length (i.e. where the flow was normal to the vehicle side).""
  - ""This force can be expressed by F R = μF N , in which μ is the friction coefficient between the tyre and wet ground surface.""
  - ""Therefore, the range of friction coefficients for the model vehicles corresponded well with the prototype range (Gerard, 2006). It was concluded that the friction coefficient for the model was nearly equal to that for the prototype, so that λ F R = λ F""
  - ""The frictional force is thought to be equal to the total resistance acting on the four wheels by the ground surface, as all of the wheels of a parked vehicle are assumed to be locked against sliding.""",,"- The paper discusses the frictional force acting on vehicles in floodwaters, which is related to the rolling friction coefficient.
- The frictional force is expressed as F R = μF N, where μ is the friction coefficient between the tyre and wet ground surface.
- The paper provides specific values for the friction coefficient: 0.25 for parallel flow and 0.75 for perpendicular flow.
- These values are mentioned as being measured in the flume experiments and are considered representative of both model and prototype vehicles.","  - ""Two model vehicles used in this study including a Honda Accord (i.e. a small passenger vehicle) and an Audi Q7 (a 4 wheel drive saloon vehicle).""
  - ""Two sets of different model scales were adopted, with a large die-cast model scale of 1:14 and with a smaller scale of 1:24.""
  - ""About 200 runs of flume experiments were conducted to obtain the conditions of water depth and corresponding velocity at the threshold of vehicle instability for three orientation angles, using two types of die-cast model vehicles at two model scales.""","  - ""(Page 13, Table 1) | Vehicles       | Scale         | Length (m) | Width (m) | Height (m) | Kerb Weight (kg) |\n|----------------|---------------|------------|-----------|------------|------------------|\n| Honda (Accord) | Prototype(1:1)| 4.945      | 1.845     | 1.480      | 1631             |""","- The paper mentions that two types of die-cast model vehicles were used in the study, which are the Honda Accord and the Audi Q7.
- These vehicles were tested at two different model scales: 1:14 and 1:24.
- The Honda Accord is described as a small passenger vehicle, and the Audi Q7 is described as a 4-wheel drive saloon vehicle.
- The table on page 13 provides detailed specifications for these vehicles, including their prototype and model dimensions, which supports the use of scaled models.","  - ""The frictional force is thought to be equal to the total resistance acting on the four wheels by the ground surface, as all of the wheels of a parked vehicle are assumed to be locked against sliding.""
  - ""the vehicle is regularly maintained and has enough sealing capacity so that its inside space is assumed not to fill with floodwater at the initial stage of a flood event, even if the water level outside the vehicle is higher than the height of ground clearance.""
  - ""the wheels of the vehicle were locked, and therefore the incipient motion under sliding only was considered herein.""
  - ""About 200 runs of flume experiments were conducted to obtain the conditions of water depth and corresponding velocity at the threshold of vehicle instability for three orientation angles, using two types of die-cast model vehicles at two model scales.""",,"- The study involved flume experiments with model vehicles, which suggests a controlled environment where the vehicles were not self-propelled or towed but rather subjected to water flow conditions.
- The mention of ""the wheels of the vehicle were locked"" indicates that the vehicles were stationary during the experiments, as they were not moving under their own power or being pulled by an external force.
- The focus on ""incipient motion under sliding only"" further supports that the vehicles were stationary and not moving under their own power or being towed.
- The assumption that the vehicle's inside space does not fill with floodwater and the wheels are locked against sliding aligns with the vehicles being stationary during the experiments."
Estimating the instability criterion of vehicles in urban flooding by an entropic method,"Lufeng Gou, Yun Liu, Yongpeng Zhang, Zhongfan Zhu, Dingzhi Peng, J. Dou",10.1016/j.uclim.2021.101069,https://doi.org/10.1016/j.uclim.2021.101069,Urban Climate,,2022,"The study derives an explicit expression for the incipient velocity of flooded vehicles using Shannon and Tsallis entropy concepts, validated by comparison with experimental datasets, and demonstrates its potential as an addition to existing models for characterizing instability thresholds in urban flooding.",Not mentioned (the abstract does not provide specific numeric thresholds or critical depths for vehicle instability),Not mentioned (the abstract does not provide specific values or units for the friction coefficient),"2 vehicle models: Audi Q7 passenger car, Ford V348 ambulance; no information on model scale",,"  - ""an explicit expression for the incipient velocity of a flooded vehicle concerning water depth is derived based on the Shannon and Tsallis entropy concepts.""
  - ""this study illustrates the vulnerability degree zoning of flooded vehicles, which could be referred to by administrators and stakeholders for flood hazard evaluation and flood emergency management.""
  - ""a comparison with five experimental datasets regarding the critical instability condition of flooded vehicles shows its validity with a high correlation coefficient and a low relative bias.""
  - ""This study indicates the potential of the entropy-based method as a good addition to existing empirical/semi-empirical models for characterizing the instability threshold of parking vehicles on a road or street in urban flooding.""",,"- The main finding is the derivation of an explicit expression for the incipient velocity of flooded vehicles using entropy concepts, which is a significant contribution to understanding hydrodynamic instability.
- The methodology used is based on Shannon and Tsallis entropy concepts, which is a novel approach in this context.
- The strength of evidence is supported by a comparison with five experimental datasets showing high validity and consistency with qualitative understandings, indicating robustness and reliability.","  - ""a comparison with five experimental datasets regarding the critical instability condition of flooded vehicles shows its validity with a high correlation coefficient and a low relative bias.""
  - ""an explicit expression for the incipient velocity of a flooded vehicle concerning water depth is derived based on the Shannon and Tsallis entropy concepts.""
  - ""This entropy-based expression can mimic the decaying trend of the incipient velocity with water depth from shallow water to deep water.""
  - ""Taking two types of vehicles popular in China as an example: Audi Q7 passenger car and Ford V348 ambulance, this study illustrates the vulnerability degree zoning of flooded vehicles,""",,"- The abstract mentions the derivation of an ""explicit expression for the incipient velocity of a flooded vehicle concerning water depth,"" which suggests that the study provides a mathematical relationship between water depth and the velocity at which vehicle instability occurs.
- The abstract does not provide specific numeric values for the depth-velocity threshold or critical depth for vehicle instability. It only mentions that the expression can mimic the decaying trend of incipient velocity with water depth, but does not specify any units or values.
- The study involves a comparison with experimental datasets, which implies validation of the model, but again, no specific numeric thresholds are mentioned in the abstract.
- The abstract does not provide specific depth-velocity thresholds or critical depths for the Audi Q7 or Ford V348 ambulance, despite mentioning these vehicles as examples.","  - ""Sensitivity test results of the entropic model to some parameters, including the friction coefficient, the drag coefficient, densities of the vehicle and surrounding fluid, and length and height of the vehicle, are found to be consistent with our qualitative understandings regarding the physical mechanism of hydrodynamic instability of the flooded vehicle.""",,"- The abstract mentions that sensitivity tests were conducted on various parameters, including the ""friction coefficient.""
- However, it does not specify the value or unit of the friction coefficient used or measured in the study.
- The abstract does not provide any specific values or units for the friction coefficient, nor does it indicate whether it was assumed or measured.","  - ""Taking two types of vehicles popular in China as an example: Audi Q7 passenger car and Ford V348 ambulance, this study illustrates the vulnerability degree zoning of flooded vehicles, which could be referred to by administrators and stakeholders for flood hazard evaluation and flood emergency management.""",,"- The abstract mentions that two types of vehicles were used as examples in the study: the Audi Q7 passenger car and the Ford V348 ambulance.
- There is no mention of the physical model scale ratio or whether scaled models were used in the study.
- The abstract does not provide information on the number of distinct vehicle models tested beyond these two examples.","  - ""Hydrodynamic instability of vehicles in urban flooding always leads to a serious loss of people's life and property all over the world.""
  - ""an explicit expression for the incipient velocity of a flooded vehicle concerning water depth is derived based on the Shannon and Tsallis entropy concepts.""
  - ""a comparison with five experimental datasets regarding the critical instability condition of flooded vehicles shows its validity with a high correlation coefficient and a low relative bias.""
  - ""Sensitivity test results of the entropic model to some parameters, including the friction coefficient, the drag coefficient, densities of the vehicle and surrounding fluid, and length and height of the vehicle, are found to be consistent with our qualitative understandings regarding the physical mechanism of hydrodynamic instability of the flooded vehicle.""
  - ""Taking two types of vehicles popular in China as an example: Audi Q7 passenger car and Ford V348 ambulance, this study illustrates the vulnerability degree zoning of flooded vehicles, which could be referred to by administrators and stakeholders for flood hazard evaluation and flood emergency management.""
  - ""With an increasing floodwater velocity and a surging water level, the safety of the flooded vehicle is threatened, and more protective measures are needed.""",,"- The abstract discusses the hydrodynamic instability of vehicles in urban flooding, which implies that the study is focused on vehicles that are exposed to floodwater.
- The mention of ""incipient velocity"" and ""critical instability condition"" suggests that the study is concerned with the behavior of vehicles under flood conditions, but it does not specify whether the vehicles are stationary, towed, or self-propelled during testing.
- The abstract does not provide explicit information about the motion state of the vehicles during testing. It focuses on the theoretical model and its validation against experimental datasets rather than the specific conditions of the vehicles during testing.
- The study seems to be more theoretical and focused on modeling rather than experimental testing, which might explain why the motion state of the vehicles is not explicitly mentioned."
Experimental testing of flood hazard curves for a partially submerged vehicle,"Grantley P. Smith, B. Modra, S. Felder",,,,,2017,"The paper presents novel findings on the threshold forces and buoyant behavior of a partially submerged vehicle through prototype scale testing, providing new insights for flood hazard curves.",Not mentioned (the abstract does not provide specific numeric thresholds or units for vehicle instability),Not mentioned (no information on driving/propulsive force or rolling friction coefficient is included in the abstract),"1 full-scale vehicle model, 1:18 scale model",Stationary,"  - ""Novel, prototype scale testing was conducted at the UNSW Water Research Laboratory measuring the threshold forces required to move a partially buoyant, full-scale vehicle.""
  - ""Several novel results were obtained from the testing, including the measurement of the coefficient of drag of a vehicle under partially submerged conditions, and characterisation of the vehicle's buoyant behaviour in water and subsequent traction available at the tyres.""
  - ""This paper provides an overview of the laboratory investigations, presents the measured data and discusses the relevance of the new tests for flood hazard curves.""",,"- The main finding of the paper is the measurement of threshold forces required to move a partially buoyant vehicle and the characterization of its buoyant behavior, which are novel results.
- The methodology used involved prototype scale testing at the UNSW Water Research Laboratory, which is a significant departure from traditional model scale testing.
- The strength of evidence is supported by the use of full-scale vehicle testing and the measurement of specific parameters like the coefficient of drag and traction available at the tyres.","  - ""Historically, threshold conditions for vehicle instability in floodwaters have been investigated at model scale and have relied on correct scaling of the immersed vehicle weight and tyre friction, and assumptions about the buoyant behaviour of the vehicle.""
  - ""Novel, prototype scale testing was conducted at the UNSW Water Research Laboratory measuring the threshold forces required to move a partially buoyant, full-scale vehicle.""
  - ""The flow hydrodynamics required to reproduce these instability threshold forces were then determined using a 18:1 scale model.""
  - ""Instability criteria have been determined through measurement of the flow hydrodynamics, which initiated movement, of the model scale vehicle.""
  - ""Several novel results were obtained from the testing, including the measurement of the coefficient of drag of a vehicle under partially submerged conditions, and characterisation of the vehicle's buoyant behaviour in water and subsequent traction available at the tyres.""",,"- The abstract discusses the investigation of threshold conditions for vehicle instability in floodwaters, which implies that some form of depth-velocity threshold or critical depth might be relevant.
- However, the abstract does not provide specific numeric values or units for any depth-velocity threshold or critical depth related to vehicle instability.
- The abstract mentions ""threshold forces required to move a partially buoyant, full-scale vehicle"" and ""flow hydrodynamics required to reproduce these instability threshold forces,"" but it does not specify any numeric thresholds or units.
- The abstract focuses on the methodology and novel results such as the coefficient of drag and buoyant behavior, but it does not explicitly state any specific depth-velocity thresholds or critical depths.","  - ""Several novel results were obtained from the testing, including the measurement of the coefficient of drag of a vehicle under partially submerged conditions, and characterisation of the vehicle's buoyant behaviour in water and subsequent traction available at the tyres.""
  - ""Novel, prototype scale testing was conducted at the UNSW Water Research Laboratory measuring the threshold forces required to move a partially buoyant, full-scale vehicle.""",,"- The abstract mentions ""measuring the threshold forces required to move a partially buoyant, full-scale vehicle,"" which suggests that some form of force measurement was conducted. However, it does not specify whether this includes a driving/propulsive force or rolling friction coefficient.
- The abstract also mentions ""the measurement of the coefficient of drag of a vehicle under partially submerged conditions,"" which is relevant to forces acting on the vehicle but does not directly address driving/propulsive force or rolling friction coefficient.
- There is no explicit mention of a driving/propulsive force or rolling friction coefficient being measured or used in the study.","  - ""Novel, prototype scale testing was conducted at the UNSW Water Research Laboratory measuring the threshold forces required to move a partially buoyant, full-scale vehicle.""
  - ""The flow hydrodynamics required to reproduce these instability threshold forces were then determined using a 18:1 scale model.""",,"- The abstract mentions ""prototype scale testing"" which implies that a full-scale vehicle was used in the initial testing.
- The phrase ""full-scale vehicle"" indicates that at least one full-scale vehicle model was tested.
- The abstract also mentions the use of ""a 18:1 scale model"" for further testing, which suggests that a scaled model was used in addition to the full-scale vehicle.
- There is no mention of multiple vehicle models or different types of vehicles being tested, only a singular ""full-scale vehicle"" and a ""18:1 scale model.""","  - ""Several novel results were obtained from the testing, including the measurement of the coefficient of drag of a vehicle under partially submerged conditions, and characterisation of the vehicle's buoyant behaviour in water and subsequent traction available at the tyres.""
  - ""The flow hydrodynamics required to reproduce these instability threshold forces were then determined using a 18:1 scale model.""
  - ""Novel, prototype scale testing was conducted at the UNSW Water Research Laboratory measuring the threshold forces required to move a partially buoyant, full-scale vehicle.""",,"- The abstract mentions ""measuring the threshold forces required to move a partially buoyant, full-scale vehicle,"" which suggests that the vehicle was not moving under its own power during the testing. This implies that the vehicle was likely stationary or towed, as the focus was on measuring forces required to initiate movement.
- The mention of ""measuring the coefficient of drag"" and ""characterisation of the vehicle's buoyant behaviour"" further supports the idea that the vehicle was not self-propelled, as these measurements are typically taken in a controlled environment where the vehicle is not moving under its own power.
- The use of a ""18:1 scale model"" to determine flow hydrodynamics suggests a controlled laboratory setting, which is consistent with a stationary or towed vehicle setup."
IDENTIFICATION AND MANAGEMENT OF FLOOD RISK TO THE NATIONAL ROAD NETWORK,"B. Hankin, R. Bryant, V. O'Malley",,,,,2012,"The paper develops a protocol for managing flood risks to the Irish national road network using detailed topographic lidar data and advanced GIS techniques to generate flood maps and risk metrics, addressing significant disruptions and dangers posed by flooding.",Not mentioned (the abstract does not provide a specific numeric threshold for vehicle instability in floodwater),Not mentioned (the abstract does not include information on driving/propulsive force or rolling friction coefficient),Not mentioned (no information on vehicle models or their testing is included in the abstract),,"  - ""This paper explores the use of detailed topographic lidar data in combination with an advanced graphics card based shallow water equation solver, JFLOW+, to define the flood risk to the Irish national road network.""
  - ""The modelling was used to generate flood maps of extreme surface water (pluvial), fluvial, and coastal flood probability, which were queried using advanced GIS techniques in order to generate flood risk metrics for every 100m segment of carriageway.""
  - ""Based on the outcome of this modelling, a protocol was developed for prioritising and managing the risks.""
  - ""Recent flooding events across eastern counties in October 2011 led to disruption of the national road network with the M50, M1, N11, M7, N81 and the N54, all suffering varying degrees of inundation and possible erosive damage.""
  - ""The US FEMA website, 2012 states: Flooding is the leading cause of severe weather-related deaths in the U.S., and this is especially tragic since many are preventable.""",,"- The main finding of the paper is the development of a protocol for prioritizing and managing flood risks to the Irish national road network, which is a direct response to the significant disruptions and dangers posed by flooding.
- The methodology used involves the combination of detailed topographic lidar data with an advanced graphics card-based shallow water equation solver (JFLOW+) to generate flood maps and risk metrics.
- The strength of evidence is supported by the use of advanced GIS techniques and detailed modeling to generate specific metrics for flood risk assessment, indicating a robust methodology.","  - ""Flooding of roads has the potential to cause a range of major difficulties, from harm to people, damage to vehicles, damage to the road infrastructure and the resulting economic disruption.""
  - ""This paper explores the use of detailed topographic lidar data in combination with an advanced graphics card based shallow water equation solver, JFLOW+, to define the flood risk to the Irish national road network.""
  - ""The US FEMA website, 2012 states: Flooding is the leading cause of severe weather-related deaths in the U.S., and this is especially tragic since many are preventable. Of the nearly 100 flood-related fatalities each year, most occur as people attempt to drive on flooded roads”.""
  - ""Metrics were calculated per 100m segment and include: peak depth of flooding; peak flood hazard rating (here defined as depth*[velocity + 0.5]); peak traffic exposure to hazard (hazard * annual average daily traffic); the difference between the peak hazard for two design storm floods to investigate climate change sensitivity; and the length of road flooded for other sources of flooding (river and coastal).""
  - ""Additional modelling was undertaken to elucidate the sensitivity of flooding to climate change, storm duration sensitivity and potential culvert blockage.""",,"- The abstract discusses the risks associated with flooding on roads, including damage to vehicles and the potential for accidents. However, it does not provide a specific numeric threshold for vehicle instability in floodwater.
- The abstract mentions the use of a ""peak flood hazard rating"" defined as ""depth*[velocity + 0.5],"" but this is a formula for calculating hazard rating rather than a specific threshold for vehicle instability.
- There is no mention of a critical depth or depth-velocity threshold for vehicle instability in the abstract.
- The abstract focuses on the methodology for assessing flood risk and managing it but does not provide specific thresholds for vehicle instability.","  - ""Additional modelling was undertaken to elucidate the sensitivity of flooding to climate change, storm duration sensitivity and potential culvert blockage.""
  - ""Metrics were calculated per 100m segment and include: peak depth of flooding; peak flood hazard rating (here defined as depth*[velocity + 0.5]); peak traffic exposure to hazard (hazard * annual average daily traffic); the difference between the peak hazard for two design storm floods to investigate climate change sensitivity; and the length of road flooded for other sources of flooding (river and coastal).""
  - ""The modelling was used to generate flood maps of extreme surface water (pluvial), fluvial, and coastal flood probability, which were queried using advanced GIS techniques in order to generate flood risk metrics for every 100m segment of carriageway.""",,"- The abstract discusses the use of a shallow water equation solver (JFLOW+) and GIS techniques to model flood risk, but it does not mention any specific driving or propulsive forces or rolling friction coefficients.
- The metrics calculated include peak depth of flooding, peak flood hazard rating, and others related to flood risk, but none of these metrics directly relate to driving or propulsive forces or rolling friction coefficients.
- The abstract focuses on flood risk assessment and management rather than on the physical properties of road surfaces or vehicles, which would typically involve driving or propulsive forces or rolling friction coefficients.","  - ""Flooding of roads has the potential to cause a range of major difficulties, from harm to people, damage to vehicles, damage to the road infrastructure and the resulting economic disruption.""
  - ""Recent flooding events across eastern counties in October 2011 led to disruption of the national road network with the M50, M1, N11, M7, N81 and the N54, all suffering varying degrees of inundation and possible erosive damage.""
  - ""This paper explores the use of detailed topographic lidar data in combination with an advanced graphics card based shallow water equation solver, JFLOW+, to define the flood risk to the Irish national road network.""
  - ""The modelling was used to generate flood maps of extreme surface water (pluvial), fluvial, and coastal flood probability, which were queried using advanced GIS techniques in order to generate flood risk metrics for every 100m segment of carriageway.""
  - ""Metrics were calculated per 100m segment and include: peak depth of flooding; peak flood hazard rating (here defined as depth*[velocity + 0.5]); peak traffic exposure to hazard (hazard * annual average daily traffic); the difference between the peak hazard for two design storm floods to investigate climate change sensitivity; and the length of road flooded for other sources of flooding (river and coastal).""
  - ""Additional modelling was undertaken to elucidate the sensitivity of flooding to climate change, storm duration sensitivity and potential culvert blockage.""
  - ""Based on the outcome of this modelling, a protocol was developed for prioritising and managing the risks.""",,"- The abstract discusses the impact of flooding on roads and vehicles, but it does not mention any specific vehicle models being tested.
- The focus of the paper is on using topographic lidar data and a shallow water equation solver to model flood risk, not on testing vehicle models.
- The abstract provides details on the modeling techniques used to assess flood risk but does not include any information about vehicle models or their testing.
- There is no mention of physical model scale ratios or any testing of vehicle models in the abstract.","  - ""Flooding of roads has the potential to cause a range of major difficulties, from harm to people, damage to vehicles, damage to the road infrastructure and the resulting economic disruption.""
  - ""Additional modelling was undertaken to elucidate the sensitivity of flooding to climate change, storm duration sensitivity and potential culvert blockage.""
  - ""This paper explores the use of detailed topographic lidar data in combination with an advanced graphics card based shallow water equation solver, JFLOW+, to define the flood risk to the Irish national road network.""
  - ""Recent flooding events across eastern counties in October 2011 led to disruption of the national road network with the M50, M1, N11, M7, N81 and the N54, all suffering varying degrees of inundation and possible erosive damage.""
  - ""Metrics were calculated per 100m segment and include: peak depth of flooding; peak flood hazard rating (here defined as depth*[velocity + 0.5]); peak traffic exposure to hazard (hazard * annual average daily traffic); the difference between the peak hazard for two design storm floods to investigate climate change sensitivity; and the length of road flooded for other sources of flooding (river and coastal).""",,"- The abstract discusses the impact of flooding on roads and vehicles, but it does not mention any specific testing or experimental setup involving vehicles.
- The focus of the study is on modeling flood risk using lidar data and a shallow water equation solver, not on vehicle motion states.
- The abstract provides metrics related to flood risk, such as peak depth and traffic exposure, but does not specify any vehicle motion state during testing.
- There is no mention of vehicles being stationary, towed, or self-propelled in the context of testing or experimentation."
A New Strategy for Swiftwater Rescue from Roadways during Urban and Small Stream Flash Flooding,"D. Jaslow, Derek Zecher, Ryan Synnestvedt, Kevan Melly, R. Overberger",10.1017/S1049023X19001468,https://doi.org/10.1017/S1049023X19001468,Prehospital and Disaster Medicine,,2019,"A new strategy for swiftwater rescue in urban and small stream flash flooding involves using high water vehicles (HWVs) to quickly access victims in submerged vehicles, reducing rescuer time in floodwaters and facilitating multiple sequential rescues.",Not mentioned (no information on depth-velocity threshold or critical depth for vehicle instability is included in the paper),Not mentioned (no information on driving/propulsive force or rolling friction coefficient is included in the paper),Not mentioned (the paper does not specify the number or type of vehicle models tested or any physical model scale ratio),self-propelled,"  - ""Aim: To present a new SWR strategy for urban and small stream flood response.""
  - ""Rescue should be attempted via high water vehicles (HWVs) whenever possible, followed by watercraft and “go rescues” using advanced line systems techniques and/or tethered rescuers, dependent on incident characteristics.""
  - ""Positioning HWVs at the incident site permits rescuers to access victims quickly from the rear or sides of the vehicle, thereby reducing rescuer time in floodwaters.""
  - ""Use of HWVs meets the CONOPS for SWR on flooded roadways since this strategy facilitates the rescue of multiple victims quickly while reducing the time rescuers spend in the water.""",,"- The main finding of the paper is the presentation of a new strategy for swiftwater rescue (SWR) in urban and small stream flash flooding scenarios, particularly focusing on rescues from submerged vehicles.
- The methodology involves mapping water rescue strategies against the SWR concept of operations (CONOPS) to identify the most effective tactics for rescuing victims trapped in submerged vehicles.
- The strength of evidence is supported by the logical analysis of the limitations of traditional ""reach, throw, row, go"" strategies in these specific scenarios and the advantages of using high water vehicles (HWVs) for quick and safe access to victims.","  - ""The swiftwater rescue (SWR) concept of operations (CONOPS) is to access as many victims as quickly as possible using strategies and tactics that maximize safety and minimize risk to all involved.""
  - ""However, this paradigm, originally designed for rescue from swimming pools, ponds and lakes, slow-moving rivers, and the ocean, is not conducive to SWR incidents involving submerged vehicles, which is the most common scenario during urban and small stream flash flooding.""
  - ""Rescue should be attempted via high water vehicles (HWVs) whenever possible, followed by watercraft and “go rescues” using advanced line systems techniques and/or tethered rescuers, dependent on incident characteristics.""
  - ""Positioning HWVs at the incident site permits rescuers to access victims quickly from the rear or sides of the vehicle, thereby reducing rescuer time in floodwaters.""
  - ""SWR from submerged vehicles is unique among emergency incidents because neither shelter-in-place nor self-evacuation are tenable options until the water recedes.""
  - ""Watercraft operations, whether motorized or manually pulled, can be technically complex, require numerous rescuers, and typically take 30-60 minutes per vehicle.""",,"- The paper discusses the challenges and strategies for swiftwater rescue (SWR) from submerged vehicles during urban and small stream flash flooding.
- It focuses on the use of high water vehicles (HWVs) and other rescue methods but does not mention any specific depth-velocity threshold or critical depth for vehicle instability.
- The paper is more concerned with the operational strategies for rescue rather than the physical thresholds for vehicle instability in floodwater.
- There is no mention of any numeric threshold or unit related to vehicle instability in the provided text.","  - ""Use of HWVs meets the CONOPS for SWR on flooded roadways since this strategy facilitates the rescue of multiple victims quickly while reducing the time rescuers spend in the water.""
  - ""Positioning HWVs at the incident site permits rescuers to access victims quickly from the rear or sides of the vehicle, thereby reducing rescuer time in floodwaters.""
  - ""Rescue should be attempted via high water vehicles (HWVs) whenever possible, followed by watercraft and “go rescues” using advanced line systems techniques and/or tethered rescuers, dependent on incident characteristics.""",,"- The paper discusses the use of high water vehicles (HWVs) as a primary strategy for swiftwater rescue, particularly in scenarios involving submerged vehicles.
- The focus is on the operational strategy and safety aspects rather than on specific physical parameters like driving or propulsive forces or rolling friction coefficients.
- There is no mention of any specific driving force, propulsive force, or rolling friction coefficient being used or measured in the study.
- The paper is more concerned with the tactical and strategic aspects of rescue operations rather than detailed physical measurements or coefficients.","  - ""Positioning HWVs at the incident site permits rescuers to access victims quickly from the rear or sides of the vehicle, thereby reducing rescuer time in floodwaters.""
  - ""Use of HWVs meets the CONOPS for SWR on flooded roadways since this strategy facilitates the rescue of multiple victims quickly while reducing the time rescuers spend in the water.""
  - ""Rescue should be attempted via high water vehicles (HWVs) whenever possible, followed by watercraft and “go rescues” using advanced line systems techniques and/or tethered rescuers, dependent on incident characteristics.""",,"- The paper discusses the use of high water vehicles (HWVs) as part of a new strategy for swiftwater rescue from roadways during urban and small stream flash flooding.
- It mentions that HWVs are used to access victims quickly and reduce rescuer time in floodwaters, but it does not specify the number or type of vehicle models tested.
- There is no mention of any vehicle models being tested or any physical model scale ratio being used in the study.
- The focus of the paper is on the strategy and tactics for swiftwater rescue rather than on testing specific vehicle models.","  - ""Use of HWVs meets the CONOPS for SWR on flooded roadways since this strategy facilitates the rescue of multiple victims quickly while reducing the time rescuers spend in the water.""
  - ""Positioning HWVs at the incident site permits rescuers to access victims quickly from the rear or sides of the vehicle, thereby reducing rescuer time in floodwaters.""
  - ""Rescue should be attempted via high water vehicles (HWVs) whenever possible, followed by watercraft and “go rescues” using advanced line systems techniques and/or tethered rescuers, dependent on incident characteristics.""",,"- The paper discusses the use of high water vehicles (HWVs) as a primary strategy for swiftwater rescue from submerged vehicles.
- The positioning of HWVs at the incident site suggests that these vehicles are capable of moving to the location of the submerged vehicle, which implies they are self-propelled.
- The context of using HWVs to access victims quickly and reduce rescuer time in floodwaters further supports the idea that these vehicles are self-propelled, as they need to be able to move to the incident site."
A new experiments-based methodology to define the stability threshold for any vehicle exposed to flooding,"E. Martínez‐Gomariz, Manuel Gómez, B. Russo, S. Djordjević",10.1080/1573062X.2017.1301501,https://doi.org/10.1080/1573062X.2017.1301501,Urban Water Journal,,2017,"A new methodology is developed to determine the stability threshold for vehicles exposed to flooding, using an experimental campaign with twelve car models and a derived stability coefficient (SCmod) to assess stability against water flows, providing a tool for urban flood risk management.",Not mentioned (the abstract does not provide specific numeric thresholds or units for vehicle instability),Not mentioned (the abstract does not provide specific values or units for driving/propulsive force or rolling friction coefficient),"12 car models, scales 1:14/1:18/1:24",Stationary,"  - ""In this research, based on an experimental campaign that included a range of twelve car models, a new methodology to obtain the stability threshold for any real vehicle exposed to flooding is developed.""
  - ""A tool is provided that decision-makers in the field of urban flood risk management can employ and after defining a design vehicle they can obtain its corresponding stability threshold.""
  - ""This methodology enables the definition of a stable area in the flow depth-velocity domain for any real vehicle.""
  - ""A stability coefficient (SCmod) is derived with which the vehicles can be sorted by stability against water flows and their stability functions may be determined.""",,"- The main finding is the development of a new methodology to determine the stability threshold for vehicles exposed to flooding, which is crucial for reducing damages and hazards.
- The methodology involves an experimental campaign with twelve car models and the derivation of a stability coefficient (SCmod) to assess stability against water flows.
- The strength of evidence is supported by the comprehensive nature of the research, which included analysis of both friction and buoyancy effects across different model scales.","  - ""A vehicle exposed to flooding, after losing stability, becomes buoyant and may be washed away with potential injuries and fatalities.""
  - ""In this research, based on an experimental campaign that included a range of twelve car models, a new methodology to obtain the stability threshold for any real vehicle exposed to flooding is developed.""
  - ""A stability coefficient (SCmod) is derived with which the vehicles can be sorted by stability against water flows and their stability functions may be determined.""
  - ""The experiments were conducted with three different model scales (1:14, 1:18 and 1:24) and involved analysis of both friction and buoyancy effects, which made this the most comprehensive research study to date.""
  - ""This methodology enables the definition of a stable area in the flow depth-velocity domain for any real vehicle.""
  - ""A tool is provided that decision-makers in the field of urban flood risk management can employ and after defining a design vehicle they can obtain its corresponding stability threshold.""",,"- The abstract discusses the development of a new methodology to determine the stability threshold for vehicles exposed to flooding, which implies that the study likely includes information on depth-velocity thresholds.
- The mention of a ""stability coefficient (SCmod)"" suggests that the study provides a way to quantify stability, but it does not specify a numeric threshold.
- The abstract states that the methodology enables the definition of a ""stable area in the flow depth-velocity domain,"" which suggests that the study may provide a threshold in terms of depth and velocity, but again, no specific numeric values are provided.
- The abstract does not provide specific numeric thresholds or units for vehicle instability, nor does it mention specific vehicle classes or scales with corresponding thresholds.","  - ""a new methodology to obtain the stability threshold for any real vehicle exposed to flooding is developed.""
  - ""The experiments were conducted with three different model scales (1:14, 1:18 and 1:24) and involved analysis of both friction and buoyancy effects,""
  - ""A stability coefficient (SCmod) is derived with which the vehicles can be sorted by stability against water flows and their stability functions may be determined.""",,"- The abstract mentions the development of a new methodology to determine the stability threshold for vehicles exposed to flooding, which includes the derivation of a stability coefficient (SCmod).
- The experiments involved analysis of both friction and buoyancy effects, which suggests that friction was considered in the study.
- However, the abstract does not provide specific values or units for any driving/propulsive force or rolling friction coefficient used or measured in the study.
- The mention of ""friction"" implies that it was considered, but no specific coefficient or value is provided.","  - ""The experiments were conducted with three different model scales (1:14, 1:18 and 1:24)""
  - ""based on an experimental campaign that included a range of twelve car models,""
  - ""a new methodology to obtain the stability threshold for any real vehicle exposed to flooding is developed.""",,"- The abstract mentions that the study involved ""a range of twelve car models,"" indicating that 12 distinct vehicle models were tested.
- The type of vehicles tested is specified as ""car models,"" which suggests that the study focused on cars rather than other types of vehicles.
- The abstract states that the experiments were conducted with ""three different model scales (1:14, 1:18 and 1:24),"" indicating that scaled models were used in the study.","  - ""The experiments were conducted with three different model scales (1:14, 1:18 and 1:24) and involved analysis of both friction and buoyancy effects, which made this the most comprehensive research study to date.""
  - ""In this research, based on an experimental campaign that included a range of twelve car models, a new methodology to obtain the stability threshold for any real vehicle exposed to flooding is developed.""
  - ""A vehicle exposed to flooding, after losing stability, becomes buoyant and may be washed away with potential injuries and fatalities.""",,"- The abstract discusses the stability of vehicles exposed to flooding, which implies that the vehicles are likely to be stationary during testing, as the focus is on their stability rather than movement.
- The mention of vehicles becoming buoyant and being washed away suggests a scenario where vehicles are not moving under their own power but are instead subject to external forces like water flow.
- The experimental setup involving model scales and analysis of friction and buoyancy effects further supports the idea that the vehicles are stationary during testing, as these factors are typically assessed in a controlled, stationary environment."
"Turn Around, Don’t Drown: A Systematic Review of Risk Factors for Motor Vehicle–Related Drowning in Floods and its Preventive Strategies","Z. Haghdoost, S. Yousefzadeh-Chabok, Enayatollah Homaie Rad",10.1017/dmp.2024.116,https://doi.org/10.1017/dmp.2024.116,Disaster Medicine and Public Health Preparedness,,2024,"The main risk factors for motor vehicle-related drowning in floods are driver knowledge, attitude, and belief, vehicle characteristics, and environmental factors. Prevention strategies include physical measures like road safety improvement and nonstructural measures such as education and awareness. A systematic review of 14 studies from 2000 to 2022 supports these findings.",Not mentioned (no information on depth-velocity threshold or critical depth is included in the abstract),"Not mentioned (no information on driving force, propulsive force, or rolling friction coefficient is included in the abstract)",Not mentioned (the abstract does not provide information on the number or type of vehicle models tested or model scale ratios),self-propelled,"  - ""In 14 eligible studies, risk factors for land motor vehicle–related drowning in floods were identified and categorized in 3 subthemes: driver (3 categories: socio-demographic characteristics, knowledge and attitude, and beliefs); technology (1 category: land motor vehicles); and environment (2 categories: physical and socio-economic environment).""
  - ""This study aimed at identifying the risk factors for motor vehicle–related drowning in floods and its prevention strategies.""
  - ""The knowledge, attitude, and belief of the driver; the vehicle; and the environment were the most important risk factors of driving through flooded waterways.""
  - ""Physical and structural measures (1 category: road safety improvement) and nonstructural measures (4 categories: research and education and raising awareness, risk management, promoting social-cognitive beliefs, and reconstruction and improvement of legal infrastructure) were proposed as drowning prevention strategies.""",,"- The main finding of the study is the identification of risk factors for motor vehicle-related drowning in floods, which are categorized into driver, technology, and environment subthemes.
- The methodology used involved a systematic review of international and national databases from 2000 to 2022, analyzing 14 eligible studies using thematic content analysis.
- The strength of evidence is supported by the systematic review of multiple studies, providing a comprehensive overview of risk factors and prevention strategies.","  - ""The knowledge, attitude, and belief of the driver; the vehicle; and the environment were the most important risk factors of driving through flooded waterways.""",,"- The abstract discusses risk factors for motor vehicle-related drowning in floods and prevention strategies.
- It categorizes risk factors into driver, technology, and environment, but does not specify any numeric thresholds or critical depths for vehicle instability.
- The abstract focuses on thematic content analysis of risk factors and prevention strategies rather than specific numeric thresholds or critical depths.
- There is no mention of a depth-velocity threshold or critical depth for vehicle instability in the abstract.","  - ""The studies investigating the risk factors relevant to land motor vehicle–related drowning in floods and its prevention strategies were included and analyzed using thematic content analysis.""
  - ""Results In 14 eligible studies, risk factors for land motor vehicle–related drowning in floods were identified and categorized in 3 subthemes: driver (3 categories: socio-demographic characteristics, knowledge and attitude, and beliefs); technology (1 category: land motor vehicles); and environment (2 categories: physical and socio-economic environment).""
  - ""Physical and structural measures (1 category: road safety improvement) and nonstructural measures (4 categories: research and education and raising awareness, risk management, promoting social-cognitive beliefs, and reconstruction and improvement of legal infrastructure) were proposed as drowning prevention strategies.""",,"- The abstract focuses on identifying risk factors for motor vehicle-related drowning in floods and discusses prevention strategies.
- The study includes analysis of risk factors related to the driver, technology (land motor vehicles), and environment.
- The abstract does not mention any specific driving or propulsive force or rolling friction coefficient used or measured in the study.
- The focus is on thematic content analysis of risk factors and prevention strategies rather than specific physical measurements like friction coefficients.","  - ""The studies investigating the risk factors relevant to land motor vehicle–related drowning in floods and its prevention strategies were included and analyzed using thematic content analysis.""
  - ""Physical and structural measures (1 category: road safety improvement) and nonstructural measures (4 categories: research and education and raising awareness, risk management, promoting social-cognitive beliefs, and reconstruction and improvement of legal infrastructure) were proposed as drowning prevention strategies.""
  - ""Results In 14 eligible studies, risk factors for land motor vehicle–related drowning in floods were identified and categorized in 3 subthemes: driver (3 categories: socio-demographic characteristics, knowledge and attitude, and beliefs); technology (1 category: land motor vehicles); and environment (2 categories: physical and socio-economic environment).""",,"- The abstract discusses a systematic review of risk factors for motor vehicle-related drowning in floods and preventive strategies. It does not mention any specific vehicle models being tested.
- The focus of the study is on identifying risk factors and prevention strategies rather than testing specific vehicle models.
- The abstract does not provide any information about the number or type of vehicle models tested or any model scale ratios.
- The study is a systematic review, which typically involves analyzing existing literature rather than conducting new experiments or tests on specific vehicle models.","  - ""nonstructural measures (4 categories: research and education and raising awareness, risk management, promoting social-cognitive beliefs, and reconstruction and improvement of legal infrastructure)""
  - ""Physical and structural measures (1 category: road safety improvement)""
  - ""technology (1 category: land motor vehicles);""
  - ""risk factors for motor vehicle–related drowning in floods""
  - ""Driving through flooded waterways is a cause of death due to flood-related drowning, especially in flood-prone areas.""",,"- The abstract discusses ""driving through flooded waterways,"" which implies that the vehicles are in motion, as driving involves movement.
- The focus on ""motor vehicle–related drowning in floods"" suggests that the vehicles are being driven, which aligns with them being self-propelled.
- The mention of ""land motor vehicles"" and ""road safety improvement"" further supports the idea that the vehicles are self-propelled, as these terms are associated with vehicles that are driven.
- There is no mention of vehicles being stationary or towed in the context of the study's focus on driving through flooded areas."
Vehicle-related flood fatalities in Greece,"M. Diakakis, G. Deligiannakis",10.1080/17477891.2013.832651,https://doi.org/10.1080/17477891.2013.832651,Environmental Hazards,,2013,"Vehicle-related flood fatalities in Greece increased after 1990, with most incidents occurring at night in rural areas, primarily due to drivers actively entering flooded areas, often underestimating the risk. The study analyzed 60 fatalities from 37 flood events between 1970 and 2010. Drowning was the primary cause of death. Males and individuals aged 40-69 were overrepresented among drivers and victims. Incidents often occurred on paved roads and bridges.",Not mentioned (the abstract does not provide any specific numeric threshold for vehicle instability in floodwater),"Not mentioned (the abstract does not provide any information on driving force, propulsive force, or rolling friction coefficient)",Not mentioned (the abstract does not provide information on vehicle models or model scales),self-propelled,"  - ""This work focuses on the analysis of vehicle-related flood fatalities in Greece, in an effort to provide a better understanding on the circumstances under which they occur.""
  - ""an inventory of 60 fatalities associated with the use of vehicles, induced during 37 flood events between 1970 and 2010, was studied.""
  - ""Analysis showed an increase in vehicle-related cases over the period of study, with the majority of the incidents occurring after 1990.""
  - ""Males, and individuals between 40 and 69 years old, showed an increased representation among both the drivers and the victims, although the latter showed an overrepresentation of young individuals as well.""
  - ""Most events occurred during nighttime and in rural areas of the country.""
  - ""Drowning was found to be the primary cause of death.""
  - ""Analysis of the drivers’ actions, exactly before the incident, showed that in the majority of occasions, they chose to enter into flooded areas, either to travel across or to save someone, or recover something.""
  - ""It was therefore found that drivers, pursued an active, rather than a passive, stance in the majority of incidents, attributed, in certain occasions, to an underestimation of risk.""",,"- The main finding is that there was an increase in vehicle-related flood fatalities in Greece, particularly after 1990, with most incidents occurring at night in rural areas.
- The methodology involved creating a database of 60 fatalities from 37 flood events between 1970 and 2010 to analyze the circumstances of these incidents.
- The strength of evidence is supported by the detailed analysis of specific demographic and environmental factors, such as the increased representation of males and individuals aged 40-69, and the prevalence of incidents on paved roads and bridges.","  - ""This work focuses on the analysis of vehicle-related flood fatalities in Greece, in an effort to provide a better understanding on the circumstances under which they occur.""
  - ""Analysis showed an increase in vehicle-related cases over the period of study, with the majority of the incidents occurring after 1990.""
  - ""Most events occurred during nighttime and in rural areas of the country.""
  - ""With respect to the surroundings, most cases occurred on paved road network and bridges that proved vulnerable to flooding phenomena.""
  - ""In a significant number of cases, fatal incidents occurred on paved river crossings, constructed on the riverbed of usually dry torrents or waterways.""
  - ""Drowning was found to be the primary cause of death.""
  - ""Analysis of the drivers’ actions, exactly before the incident, showed that in the majority of occasions, they chose to enter into flooded areas, either to travel across or to save someone, or recover something.""
  - ""It was therefore found that drivers, pursued an active, rather than a passive, stance in the majority of incidents, attributed, in certain occasions, to an underestimation of risk.""",,"- The abstract provides detailed information about the circumstances and characteristics of vehicle-related flood fatalities in Greece, such as the time of day, location, and actions leading to incidents.
- However, it does not mention any specific numeric threshold for vehicle instability in floodwater, such as a critical depth or depth-velocity product.
- The abstract focuses on descriptive analysis rather than providing quantitative thresholds for vehicle instability.
- There is no mention of any specific units or values related to the depth-velocity threshold or critical depth for vehicle instability.","  - ""This work focuses on the analysis of vehicle-related flood fatalities in Greece, in an effort to provide a better understanding on the circumstances under which they occur.""
  - ""an inventory of 60 fatalities associated with the use of vehicles, induced during 37 flood events between 1970 and 2010, was studied.""
  - ""Analysis showed an increase in vehicle-related cases over the period of study, with the majority of the incidents occurring after 1990.""
  - ""Males, and individuals between 40 and 69 years old, showed an increased representation among both the drivers and the victims, although the latter showed an overrepresentation of young individuals as well.""
  - ""Most events occurred during nighttime and in rural areas of the country.""
  - ""With respect to the surroundings, most cases occurred on paved road network and bridges that proved vulnerable to flooding phenomena.""
  - ""In a significant number of cases, fatal incidents occurred on paved river crossings, constructed on the riverbed of usually dry torrents or waterways.""
  - ""Drowning was found to be the primary cause of death.""
  - ""Analysis of the drivers’ actions, exactly before the incident, showed that in the majority of occasions, they chose to enter into flooded areas, either to travel across or to save someone, or recover something.""
  - ""In some cases, vehicle occupants found themselves in a hazardous position when floodwaters rose unexpectedly, giving them no chance to avoid danger.""
  - ""It was therefore found that drivers, pursued an active, rather than a passive, stance in the majority of incidents, attributed, in certain occasions, to an underestimation of risk.""",,"- The abstract focuses on the analysis of vehicle-related flood fatalities in Greece, which involves studying the circumstances of these incidents.
- The study examines demographic details, incident specifics, and environmental factors but does not mention any technical parameters like driving force, propulsive force, or rolling friction coefficient.
- The abstract discusses the locations and timing of incidents, as well as the actions of drivers, but does not provide any specific values or measurements related to driving or propulsive forces or rolling friction coefficients.
- The focus is on understanding the circumstances and behaviors leading to fatalities rather than on technical or physical parameters like friction coefficients.","  - ""an inventory of 60 fatalities associated with the use of vehicles, induced during 37 flood events between 1970 and 2010, was studied.""
  - ""a database consisting of variables that provided a systematic description of the circumstances under which each incident occurred, including details of the surrounding environment, the road infrastructure, specifics on the incident and demographic details of the involved individuals.""
  - ""Analysis showed an increase in vehicle-related cases over the period of study, with the majority of the incidents occurring after 1990.""
  - ""Males, and individuals between 40 and 69 years old, showed an increased representation among both the drivers and the victims, although the latter showed an overrepresentation of young individuals as well.""
  - ""Most events occurred during nighttime and in rural areas of the country.""
  - ""With respect to the surroundings, most cases occurred on paved road network and bridges that proved vulnerable to flooding phenomena.""
  - ""In a significant number of cases, fatal incidents occurred on paved river crossings, constructed on the riverbed of usually dry torrents or waterways.""
  - ""Drowning was found to be the primary cause of death.""
  - ""Analysis of the drivers’ actions, exactly before the incident, showed that in the majority of occasions, they chose to enter into flooded areas, either to travel across or to save someone, or recover something.""",,"- The abstract discusses the analysis of vehicle-related flood fatalities in Greece, focusing on the circumstances and demographic details of the incidents.
- There is no mention of specific vehicle models being tested or any physical model scale ratio.
- The study appears to be a retrospective analysis of real-world incidents rather than an experimental study involving vehicle models or scaled models.
- The focus is on understanding the patterns and causes of fatalities rather than testing specific vehicle models.","  - ""an inventory of 60 fatalities associated with the use of vehicles, induced during 37 flood events between 1970 and 2010, was studied.""
  - ""Analysis showed an increase in vehicle-related cases over the period of study, with the majority of the incidents occurring after 1990.""
  - ""Males, and individuals between 40 and 69 years old, showed an increased representation among both the drivers and the victims, although the latter showed an overrepresentation of young individuals as well.""
  - ""Most events occurred during nighttime and in rural areas of the country.""
  - ""With respect to the surroundings, most cases occurred on paved road network and bridges that proved vulnerable to flooding phenomena.""
  - ""In a significant number of cases, fatal incidents occurred on paved river crossings, constructed on the riverbed of usually dry torrents or waterways.""
  - ""Drowning was found to be the primary cause of death.""
  - ""Analysis of the drivers’ actions, exactly before the incident, showed that in the majority of occasions, they chose to enter into flooded areas, either to travel across or to save someone, or recover something.""
  - ""In some cases, vehicle occupants found themselves in a hazardous position when floodwaters rose unexpectedly, giving them no chance to avoid danger.""
  - ""It was therefore found that drivers, pursued an active, rather than a passive, stance in the majority of incidents, attributed, in certain occasions, to an underestimation of risk.""",,"- The abstract discusses vehicle-related flood fatalities, focusing on the circumstances under which these incidents occur.
- The study involves an analysis of incidents where vehicles were involved in flood events, indicating that the vehicles were likely in motion or attempting to move through flooded areas.
- The mention of drivers choosing to enter flooded areas suggests that the vehicles were self-propelled, as they were being driven by the individuals involved.
- There is no mention of vehicles being stationary or towed in the context of the incidents described in the abstract.
- The focus on drivers' actions and their decision to enter flooded areas implies that the vehicles were under their control and moving, which aligns with the definition of self-propelled."
A review of safety guidelines for vehicles in floodwaters,"Syed Hamid Hussain Shah, Z. Mustaffa, E. Martínez‐Gomariz, K. Yusof, E. Al-Qadami",10.1080/15715124.2019.1687487,https://doi.org/10.1080/15715124.2019.1687487,International Journal of River Basin Management,,2019,"The paper reviews and updates safety guidelines for vehicles in floodwaters, focusing on modern vehicles and their hydrodynamic response, by developing new algorithms for safe stability limits.",Not mentioned (the abstract does not provide specific numeric thresholds for vehicle instability),Not mentioned (the abstract does not provide specific values or units for the driving force or rolling friction coefficient),Not mentioned (the abstract does not provide information on the number or type of vehicle models tested or model scale),self-propelled,"  - ""The development of guidelines for the design and analysis of street drainage systems to ensure safety of pedestrians and vehicles is an issue of fundamental importance.""
  - ""the algorithms of the hydrodynamic studies for the non-static vehicle into safe stability limits will be presented, under the consideration of few modified parameters,""
  - ""The AR&R (2011) guideline does not include the assessment of the studies on modern vehicles (static) which were published very close or after its release (2010–2017).""
  - ""Herein this paper ponders on both the limit functions highlighted in those earlier and recent works.""
  - ""an attempt has been made to address hydrodynamic response of a non-static vehicle endangered by floodwaters.""",,"- The main finding of the paper is the development of new guidelines for ensuring the safety of vehicles in floodwaters, particularly focusing on modern vehicles and their hydrodynamic response.
- The methodology involves reviewing existing guidelines and studies, particularly those from the Australian Rainfall and Runoff (AR&R) report, and addressing the limitations of these guidelines in relation to modern vehicles.
- The strength of evidence is based on the review of both earlier and recent works, as well as the development of new algorithms for hydrodynamic studies.","  - ""The AR&R (2011) guideline does not include the assessment of the studies on modern vehicles (static) which were published very close or after its release (2010–2017).""
  - ""the algorithms of the hydrodynamic studies for the non-static vehicle into safe stability limits will be presented, under the consideration of few modified parameters, which involves the rolling resistance generated at vehicle tires, drag impact at vehicle’s front end and driving force caused by vehicle engine.""
  - ""These guidelines are based on the upper bounds on both depth and velocity; and the constant limiting velocity × depth (v·y) functions derived from the earlier works (1967–1993) associated with the stability of old-fashioned vehicles (static condition).""
  - ""several issues concerning stability of modern vehicles in floodwaters have been raised.""
  - ""the up to date guidelines are recommended in Australian Rainfall and Runoff (AR&R, 2011) report.""",,"- The abstract mentions the Australian Rainfall and Runoff (AR&R, 2011) report as a source for guidelines on vehicle safety in floodwaters, which implies that this report might contain specific depth-velocity thresholds.
- However, the abstract does not provide any specific numeric thresholds or values for depth or velocity related to vehicle instability.
- The abstract discusses the limitations of the AR&R guidelines in addressing modern vehicles and the need for updated assessments, but it does not provide any new or specific thresholds.
- The focus of the paper is on addressing hydrodynamic responses and stability limits for non-static vehicles, but again, no specific numeric thresholds are mentioned in the abstract.","  - ""the algorithms of the hydrodynamic studies for the non-static vehicle into safe stability limits will be presented, under the consideration of few modified parameters, which involves the rolling resistance generated at vehicle tires, drag impact at vehicle’s front end and driving force caused by vehicle engine.""",,"- The abstract mentions that the study considers ""rolling resistance generated at vehicle tires"" and ""driving force caused by vehicle engine"" as part of the parameters for hydrodynamic studies.
- However, the abstract does not provide specific values or units for the rolling friction coefficient or the driving force.
- The mention of these parameters suggests that they are considered in the study, but without explicit values or measurements, we cannot extract a specific value or unit for the driving force or rolling friction coefficient.","  - ""The AR&R (2011) guideline does not include the assessment of the studies on modern vehicles (static) which were published very close or after its release (2010–2017).""
  - ""the reported works have highlighted that the studies performed on vehicles in the past were limited to static condition, therefore in this paper an attempt has been made to address hydrodynamic response of a non-static vehicle endangered by floodwaters.""
  - ""the algorithms of the hydrodynamic studies for the non-static vehicle into safe stability limits will be presented, under the consideration of few modified parameters, which involves the rolling resistance generated at vehicle tires, drag impact at vehicle’s front end and driving force caused by vehicle engine.""",,"- The abstract discusses the limitations of previous guidelines and studies, particularly focusing on the lack of assessment for modern vehicles and the static condition of previous studies.
- It mentions an attempt to address the hydrodynamic response of a non-static vehicle, which implies a focus on dynamic conditions rather than specific vehicle models.
- The abstract does not provide specific details about the number or type of vehicle models tested or any model scale used in the study.
- The focus is on the development of algorithms for hydrodynamic studies rather than testing specific vehicle models.","  - ""the algorithms of the hydrodynamic studies for the non-static vehicle into safe stability limits will be presented,""
  - ""an attempt has been made to address hydrodynamic response of a non-static vehicle endangered by floodwaters.""
  - ""the studies performed on vehicles in the past were limited to static condition,""
  - ""the assessment of the studies on modern vehicles (static)""
  - ""the stability of old-fashioned vehicles (static condition).""",,"- The abstract mentions that previous studies were limited to ""static condition,"" which implies that the vehicles in those studies were stationary.
- The abstract also indicates that the current study addresses the ""hydrodynamic response of a non-static vehicle,"" suggesting that the vehicle in this study is not stationary.
- The mention of ""algorithms of the hydrodynamic studies for the non-static vehicle"" implies that the vehicle is moving, as hydrodynamic responses are typically associated with moving objects.
- The abstract does not specify whether the vehicle is towed or self-propelled, but the focus on ""hydrodynamic response"" and ""non-static vehicle"" suggests that the vehicle is likely self-propelled, as it involves dynamic forces such as rolling resistance and drag impact."
Review and analysis of vehicle stability models during floods and proposal for future improvements,"Ricardo A. Bocanegra, F. Vallés-Morán, F. Francés",10.1111/jfr3.12551,https://doi.org/10.1111/jfr3.12551,Journal of Flood Risk Management,,2019,"The stability thresholds for vehicles during floods vary widely across different models, and many existing models do not accurately fit experimental data, indicating a need for further research to standardize decision criteria.","- Small cars: H*V≤ 0.3 m2/s, H ≤ 0.3 m, V ≤ 3.0 m/s
- Large passenger cars: H*V≤ 0.45 m2/s, H ≤ 0.4 m, V ≤ 3.0 m/s
- 4WD cars: H*V≤ 0.6 m2/s, H ≤ 0.5 m, V ≤ 3.0 m/s
- Emergency rescue vehicles: H+V²/2g ≤ 0.6 m
- Passenger vehicles: H+V²/2g ≤ 0.3 m","rolling friction coefficient = 0.76 (average), 0.52-0.62 (experimental range)","- Teo et al. (2012a, b): 3 models (Mini Cooper, BMW M5, Mitsubishi Pajero), scales 1:43 and 1:18
- Kramer et al. (2016): 2 models (VW Golf III, emergency rescue vehicle), scales 1:9.8 and 1:13.1
- Smith et al. (2017): 2 models (Toyota Yaris Sedan, Nissan Patrol GRII), full prototype scale
- Martínez-Gomariz et al. (2017): 12 models, scales 1:14, 1:18, and 1:24
- Oshikawa and Komatsu (2014): 2 models (Nissan March, Toyota Land Cruiser), scale 1:24
- Toda et al. (2013): 2 models (sedan-style vehicle, minivan), scales 1:10 and 1:18",Stationary,"  - ""Flood water can affect vehicles significantly, which in turn can increase the negative effects of floods as vehicles are washed away by the flow and become a form of debris.""
  - ""it is necessary to establish thresholds for vehicle stability during this type of event to provide information necessary for flood risk management.""
  - ""The stability models were grouped according to the way in which they approached car watertightness and the stability thresholds proposed by each of them were compared.""
  - ""It was found that these thresholds vary over a relatively wide range.""
  - ""the experimental data were compared with the results provided by these studies leading to the conclusion that several of the stability models analysed do not fit measured data well.""
  - ""New research is required to overcome the simplifications made by the state‐of‐the‐art models and to try to standardise the decision criteria which should be adopted to define stability thresholds for vehicles of different characteristics.""",,"- The main finding is that the stability thresholds for vehicles during floods vary widely across different models, indicating a lack of standardization.
- The methodology involved grouping and comparing existing stability models based on their approach to car watertightness and stability thresholds.
- The strength of evidence is highlighted by the comparison of experimental data with model results, showing that many models do not accurately fit measured data, suggesting a need for further research.","  - ""The stability models were grouped according to the way in which they approached car watertightness and the stability thresholds proposed by each of them were compared.""
  - ""It was found that these thresholds vary over a relatively wide range.""
  - ""the stability thresholds proposed by these models are inter-compared, based on the type of cars for which they were developed.""
  - ""the ranges in which these stability thresholds fluctuate are compared with the pairs of velocity and depth data measured in laboratory for which the studied cars became unstable.""
  - ""Loss of floating stability occurs when buoyancy and lift effect exceed vehicle weight, causing for most cases the rear wheels to lose traction, due to weight distribution in modern vehicles, making the vehicle rotate on its front wheels and in many cases be washed away by the flow.""
  - ""Loss of sliding stability occurs when the drag force exerted by the flow exceeds frictional force.""
  - ""The Department of Infrastructure, Planning and Natural Resources of the New South Wales Government (DIPNR 2005) considers that vehicle instability is initially generated by buoyancy and establishes a stability threshold through a linear relationship between flow depth and velocity.""
  - ""According to their dimensions, weight and free distance to the ground, the cars were classified into large 4WD, large passenger and small passengers""
  - ""the stability limit for each of these types of vehicle is reached when the product of flow velocity with depth is equal to 0.3, 0.45 and 0.6, respectively.""
  - ""maximum depths of 0.5 m were defined for large 4WD vehicles, 0.4 m for large passenger vehicles and 0.3 m for small passenger vehicles.""
  - ""A maximum flow velocity of 3.0 m/s was established for all vehicles to ensure human safety when leaving the vehicles,""
  - ""Smith et al. (2014) proposed a stability threshold for small vehicles and another for all other types of vehicle, considering in both cases a maximum limit of flow velocity of 2.0 m/s""
  - ""a stability threshold equal to the total energy of the water was defined, giving it a constant value equivalent to the minimum wading depth, according to the vehicle under study: for emergency rescue vehicles this value was established at 0.6 m and for passenger vehicles at 0.3 m.""
  - ""Martínez-Gomariz et al. (2017) proposed a model to determine the stability of any vehicle exposed to flooding based on the analysis of the results of experimental tests.""
  - ""From the results, these authors defined a stability function that allowed them to establish a constant value of the product of flow velocity and depth.""
  - ""Oshikawa and Komatsu (2014) conducted experimental tests with 1:24 scale physical models of a Nissan March compact car and a 4WD Toyota Land Cruiser.""
  - ""A value of this ratio greater than 1.0 indicates that the vehicle would be washed away by the water flow.""
  - ""Arrighi et al. (2015), vehicle stability can be determined from the Froude number and a mobility parameter.""","  - ""(Page 19, Table 1) | Water-tightness of vehicles | Author               | Year | Used data                                                                                                                                                                                                 | Scale physical models | Velocity city (m/s) | Depth (m)     | Froude Number | Friction Coeffic. μ | Drag. Coeffic. | Angle of flow β(1) | Stability Equation (2)                                                                                                                                                                                                 |\n|-----------------------------|----------------------|------|----------------------------------------------------------------------------------------------------------------------------------------------------------------------------------------------------------|-----------------------|---------------------|---------------|---------------|---------------------|----------------|--------------------|------------------------------------------------------------------------------------------------------------------------------------------------------------------------------------------------------------------------|\n| Non-water-tightness         | Teo et al.           | 2012 | Measurements on Mini Cooper, BMW M5, Mitsubishi Pajero                                                                                                                                                    | 1:43                  | 2.37-7.94           | 0.65 - 4.82   | 0.50 – 3.16  | -                   | -              | 90° - 180°         | Linear relationship between H and V                                                                                                                                                                                                                             |""","- The paper discusses various stability models and their thresholds for vehicle instability during floods.
- The thresholds are expressed in terms of water depth and flow velocity, often as a product or a linear relationship.
- Different models provide different thresholds for different types of vehicles, such as large 4WD, large passenger, and small passenger vehicles.
- The Australian Rainfall and Runoff (AR&R) model provides specific thresholds: 0.3 m2/s for small cars, 0.45 m2/s for large passenger cars, and 0.6 m2/s for 4WD cars.
- Maximum depths are specified: 0.5 m for large 4WD, 0.4 m for large passenger, and 0.3 m for small passenger vehicles.
- A maximum flow velocity of 3.0 m/s is recommended for safety.
- Other models provide different thresholds, such as Kramer et al.'s total energy threshold and Martínez-Gomariz et al.'s stability function.
- The table at the end of the paper provides a summary of various models and their thresholds.","  - ""the friction coefficient fluctuated between 0.52 and 0.62, while for the calculation of the stability thresholds the values adopted were of 0.25 and 0.75, which are very far from the experimental range.""
  - ""The test results showed average values of 0.76 for the friction coefficient between the floor and the tyres and values fluctuating between 1.2 and 2.0 for the drag coefficient,""
  - ""Establishing the friction coefficients between the tyres and the surface by conducting tests with real-scale vehicles and variable water depths.""
  - ""The friction coefficient between the tyres and the road has not been studied in depth, especially when considering it can vary during flood events;""
  - ""The drag coefficients fluctuated between 0.8 and 5.1 for the compact car, and between 2.1 and 3.6 for the 4WD car.""",,"- The paper discusses various coefficients related to vehicle stability during floods, including drag coefficients and friction coefficients.
- The drag coefficients are mentioned in the context of forces exerted by the flow on vehicles, but they are not directly related to driving or propulsive forces.
- The friction coefficient is relevant to the rolling friction, which is a key factor in vehicle stability.
- The paper provides specific values for friction coefficients: average values of 0.76 for the friction coefficient between the floor and tires, and a range of 0.52 to 0.62 for experimental measurements.
- The paper also notes that the friction coefficient was not thoroughly studied and varied significantly from the adopted values of 0.25 and 0.75.
- The recommendation to establish friction coefficients with real-scale vehicles suggests that these values are important for understanding vehicle stability.","  - ""In order to understand the impact of water level and flow velocity in the hydrodynamic processes that cause stability loss of a vehicle during a flood event, Teo et al. (2012a) and Teo et al. (2012b) presented in similar papers a series of experiments in a flume using physical models of three different vehicle types: a Mini Cooper, a BMW M5 and a Mitsubishi Pajero. They used scales 1:43 and 1:18, satisfying the principle of geometric similarity.""
  - ""Kramer et al. (2016) conducted several laboratory tests using a 1: 9.8 scale physical model of a VW Golf III and a 1:13.1 scale physical model of an emergency rescue vehicle.""
  - ""Smith et al. (2017) conducted measurements on a 2006 Toyota Yaris Sedan and a 1998 Nissan Patrol GRII on a full prototype scale in order to determine the force required to overcome the friction force when the vehicles were submerged at different depths of water at rest.""
  - ""Martínez-Gomariz et al. (2017) proposed a model to determine the stability of any vehicle exposed to flooding based on the analysis of the results of experimental tests. Measurements were made with 12 car physical models using three different scales (1:14, 1:18 and 1:24).""
  - ""Oshikawa and Komatsu (2014) conducted experimental tests with 1:24 scale physical models of a Nissan March compact car and a 4WD Toyota Land Cruiser.""
  - ""Toda et al. (2013) performed laboratory tests using physical models at scale 1:10 of a sedan-style vehicle and 1:18 of a minivan..""
  - ""Arrighi et al. (2015), vehicle stability can be determined from the Froude number and a mobility parameter.""","  - ""(Page 19, Table 1) | Water-tightness of vehicles | Author               | Year | Used data                                                                                                                                                                                                 | Scale physical models | Velocity city (m/s) | Depth (m)     | Froude Number | Friction Coeffic. μ | Drag. Coeffic. | Angle of flow β(1) | Stability Equation (2)                                                                                                                                                                                                 |\n|-----------------------------|----------------------|------|----------------------------------------------------------------------------------------------------------------------------------------------------------------------------------------------------------|-----------------------|---------------------|---------------|---------------|---------------------|----------------|--------------------|------------------------------------------------------------------------------------------------------------------------------------------------------------------------------------------------------------------------|\n| Non-water-tightness         | Teo et al.           | 2012 | Measurements on Mini Cooper, BMW M5, Mitsubishi Pajero                                                                                                                                                    | 1:43                  | 2.37-7.94           | 0.65 - 4.82   | 0.50 – 3.16  | -                   | -              | 90° - 180°         | Linear relationship between H and V                                                                                                                                                                                                                             |""","- The paper discusses various studies that tested different vehicle models at different scales. For example, Teo et al. (2012a, b) used physical models of a Mini Cooper, a BMW M5, and a Mitsubishi Pajero at scales 1:43 and 1:18.
- Kramer et al. (2016) tested a VW Golf III and an emergency rescue vehicle at scales 1:9.8 and 1:13.1, respectively.
- Smith et al. (2017) tested a Toyota Yaris Sedan and a Nissan Patrol GRII at full prototype scale.
- Martínez-Gomariz et al. (2017) tested 12 car models at scales 1:14, 1:18, and 1:24.
- Oshikawa and Komatsu (2014) tested a Nissan March and a Toyota Land Cruiser at a scale of 1:24.
- Toda et al. (2013) tested a sedan-style vehicle and a minivan at scales 1:10 and 1:18, respectively.
- The table on page 19 provides a summary of the vehicle models tested, their scales, and other relevant details.","  - ""In order to understand the impact of water level and flow velocity in the hydrodynamic processes that cause stability loss of a vehicle during a flood event, Teo et al. (2012a) and Teo et al. (2012b) presented in similar papers a series of experiments in a flume using physical models of three different vehicle types: a Mini Cooper, a BMW M5 and a Mitsubishi Pajero.""
  - ""Smith et al. (2017) conducted measurements on a 2006 Toyota Yaris Sedan and a 1998 Nissan Patrol GRII on a full prototype scale in order to determine the force required to overcome the friction force when the vehicles were submerged at different depths of water at rest.""
  - ""Kramer et al. (2016) conducted several laboratory tests using a 1: 9.8 scale physical model of a VW Golf III and a 1:13.1 scale physical model of an emergency rescue vehicle.""
  - ""Martínez-Gomariz et al. (2017) proposed a model to determine the stability of any vehicle exposed to flooding based on the analysis of the results of experimental tests. Measurements were made with 12 car physical models using three different scales (1:14, 1:18 and 1:24).""
  - ""Oshikawa and Komatsu (2014) conducted experimental tests with 1:24 scale physical models of a Nissan March compact car and a 4WD Toyota Land Cruiser.""
  - ""Toda et al. (2013) performed laboratory tests using physical models at scale 1:10 of a sedan-style vehicle and 1:18 of a minivan..""
  - ""Arrighi et al. (2015), vehicle stability can be determined from the Froude number and a mobility parameter.""",,"REASONING:

- The paper discusses various experiments conducted to determine vehicle stability during floods. These experiments involve using physical models of vehicles in controlled environments such as flumes.
- The experiments mentioned in the paper, such as those by Teo et al. (2012a, 2012b), Smith et al. (2017), Kramer et al. (2016), Martínez-Gomariz et al. (2017), Oshikawa and Komatsu (2014), and Toda et al. (2013), all involve vehicles being tested in stationary conditions. This is evident from the descriptions of the experiments, which focus on measuring forces and stability thresholds rather than vehicle motion.
- The paper does not mention any experiments where vehicles were towed or self-propelled. The focus is on the stability of vehicles at rest when subjected to water flow, indicating that the vehicles were stationary during testing."
Theoretical analysis and experimental study of stability of flooded vehicles,Chen Yi-ming,,,Journal of Sediment Research,,2013,"The study found that the incipient velocity for partially submerged vehicles decreases with increasing water depth, and vehicles parked perpendicular to flow are more susceptible to slipping. The findings were derived from theoretical analysis and validated through flume experiments using scaled models.",Not mentioned (the abstract does not provide specific numeric thresholds or units for the depth-velocity relationship or critical depth for vehicle instability),Not mentioned (the abstract does not provide specific values or units for driving/propulsive force or rolling friction coefficient),"2 vehicle models, type not specified, scales not specified",Stationary,"  - ""The results indicate that:(i) for a certain vehicle,the greater incoming water depth,the smaller incipient velocity for a partially submerged vehicle;and(ii) for a certain incoming water depth,vehicles parking vertical to the flow direction are easier to slip than those parking parallel to the flow direction.""
  - ""In the study,all forces acting on a partially submerged vehicle are analyzed,and a formula of incipient velocity for flooded vehicles is derived based on the theory of incipient motion of sediment.A""
  - ""The experimental data obtained for the larger-scale model vehicles are used to determine two parameters in the derived formula and the corresponding incipient velocities under various incoming water depths are computed using the formula for the prototype of these two vehicles.Finally,the""
  - ""Finally,the prediction accuracy of this formula is validated using the experimental data obtained for the smaller-scale model vehicles.The""",,"- The main finding is that the incipient velocity for a partially submerged vehicle decreases with increasing water depth, and vehicles parked perpendicular to the flow direction are more susceptible to slipping than those parked parallel.
- The methodology involved theoretical analysis of forces acting on submerged vehicles and derivation of a formula for incipient velocity based on sediment motion theory.
- The strength of evidence is supported by flume experiments using scaled model vehicles, with validation of the formula's accuracy using smaller-scale models.","  - ""for a certain vehicle,the greater incoming water depth,the smaller incipient velocity for a partially submerged vehicle;and(ii)""
  - ""The experimental data obtained for the larger-scale model vehicles are used to determine two parameters in the derived formula and the corresponding incipient velocities under various incoming water depths are computed using the formula for the prototype of these two vehicles.Finally,the""
  - ""the prediction accuracy of this formula is validated using the experimental data obtained for the smaller-scale model vehicles.The""
  - ""a formula of incipient velocity for flooded vehicles is derived based on the theory of incipient motion of sediment.A""
  - ""for a certain incoming water depth,vehicles parking vertical to the flow direction are easier to slip than those parking parallel to the flow direction.""",,"- The abstract mentions the derivation of a formula for incipient velocity, which suggests that the study provides a threshold related to vehicle instability.
- The formula is validated using experimental data from both larger and smaller-scale model vehicles, indicating that the study likely provides specific thresholds for these models.
- The abstract states that the incipient velocity decreases with increasing water depth, which implies a relationship between depth and velocity but does not provide specific numeric values.
- The abstract does not provide specific numeric thresholds or units for the depth-velocity relationship or critical depth for vehicle instability.
- The study's focus on validating the formula using experimental data suggests that specific thresholds might be detailed in the full text, but they are not mentioned in the abstract.","  - ""the prediction accuracy of this formula is validated using the experimental data obtained for the smaller-scale model vehicles.The""
  - ""The experimental data obtained for the larger-scale model vehicles are used to determine two parameters in the derived formula""
  - ""all forces acting on a partially submerged vehicle are analyzed,and""
  - ""a formula of incipient velocity for flooded vehicles is derived based on the theory of incipient motion of sediment.A""",,"- The abstract mentions the analysis of all forces acting on a partially submerged vehicle, which could include driving/propulsive forces or rolling friction coefficients. However, it does not specify any particular values or units for these forces.
- The derivation of a formula for incipient velocity suggests that some parameters related to forces might have been considered, but again, no specific values or units are provided.
- The use of experimental data to determine parameters in the formula implies that some measurements might have been taken, but the abstract does not specify what these parameters are or their values.
- The abstract does not explicitly mention the driving/propulsive force or rolling friction coefficient, nor does it provide any specific values or units for these.","  - ""A series of flume experiments for the incipient motion of vehicles were therefore conducted using two types of scaled model vehicles,with two scales for each type.The""
  - ""Finally,the prediction accuracy of this formula is validated using the experimental data obtained for the smaller-scale model vehicles.The""
  - ""The experimental data obtained for the larger-scale model vehicles are used to determine two parameters in the derived formula and the corresponding incipient velocities under various incoming water depths are computed using the formula for the prototype of these two vehicles.Finally,the""",,"- The abstract mentions that ""two types of scaled model vehicles"" were used in the experiments. This indicates that there were two distinct vehicle models tested.
- The abstract specifies that there were ""two scales for each type,"" which means each of the two vehicle models was tested at two different scales.
- The abstract does not provide specific details about the type of vehicles (e.g., car, truck, etc.) or the exact scale ratios used for the models.
- The study used scaled models, as indicated by the mention of ""scaled model vehicles"" and ""larger-scale"" and ""smaller-scale"" models.","  - ""Finally,the prediction accuracy of this formula is validated using the experimental data obtained for the smaller-scale model vehicles.The""
  - ""The experimental data obtained for the larger-scale model vehicles are used to determine two parameters in the derived formula and the corresponding incipient velocities under various incoming water depths are computed using the formula for the prototype of these two vehicles.Finally,the""
  - ""A series of flume experiments for the incipient motion of vehicles were therefore conducted using two types of scaled model vehicles,with two scales for each type.The""
  - ""In the study,all forces acting on a partially submerged vehicle are analyzed,and a formula of incipient velocity for flooded vehicles is derived based on the theory of incipient motion of sediment.A""
  - ""Vehicles parking on the roads are susceptible to become instable during flood events.Once""",,"- The abstract mentions vehicles ""parking on the roads,"" which suggests that the vehicles are initially stationary.
- The study involves ""flume experiments for the incipient motion of vehicles,"" indicating that the vehicles are subjected to water flow to observe their stability, but it does not specify whether they are self-propelled or towed during these experiments.
- The focus on ""incipient velocity"" and ""stability"" implies that the vehicles are not moving under their own power (self-propelled) but are instead being acted upon by external forces (water flow).
- The abstract does not explicitly mention whether the vehicles are towed or self-propelled during testing, but the context suggests that they are likely stationary and subjected to water flow to assess their stability."
Understanding the Stability of Passenger Vehicles Exposed to Water Flows through 3D CFD Modelling,"E. Al-Qadami, M. Razi, W. S. Damanik, Z. Mustaffa, E. Martínez‐Gomariz",10.3390/su151713262,https://doi.org/10.3390/su151713262,Sustainability,,2023,"The study uses 3D CFD modelling to assess the stability of passenger vehicles in floodwaters, finding that vehicles experience floating instability at 0.38 m flow depth and sliding instability when depth×velocity exceeds 0.36 m2/s, with results validated by agreement with previous experimental studies.","0.38 m critical depth, 0.36 m2/s minimum depth-velocity threshold, medium-size passenger vehicle",Not mentioned (no information on driving/propulsive force or rolling friction coefficient is included in the abstract),"1 medium-size passenger vehicle model, full-scale",Stationary,"  - ""In this paper, a numerical framework was proposed to assess the response of a full-scale medium-size passenger vehicle exposed to floodwaters through three-dimensional computational fluid dynamic modelling.""
  - ""A vehicle exposed to flooding may lose its stability and wash away resulting in potential injuries and fatalities.""
  - ""The numerical results obtained through the framework introduced in this study demonstrate favorable agreement with three different previously published experimental outcomes.""
  - ""The results showed that the vehicle experienced the floating instability mode once the flow depth reached 0.38 m, while the sliding instability mode was observed once the depth×velocity threshold function exceeded 0.36 m2/s.""",,"- The main finding of the study is that a vehicle exposed to flooding can lose stability and wash away, leading to potential injuries and fatalities. This is highlighted by the observation of floating and sliding instability modes at specific flow depths and velocities.
- The methodology used in the study involves a numerical framework using three-dimensional computational fluid dynamic (3D CFD) modelling to assess the response of a full-scale medium-size passenger vehicle to floodwaters.
- The strength of evidence is supported by the favorable agreement of the numerical results with previously published experimental outcomes, indicating a robust validation of the findings.","  - ""the vehicle experienced the floating instability mode once the flow depth reached 0.38 m, while the sliding instability mode was observed once the depth×velocity threshold function exceeded 0.36 m2/s.""",,"- The abstract provides specific numeric thresholds for vehicle instability in floodwater.
- The first threshold mentioned is a critical depth of ""0.38 m,"" which is the point at which the vehicle experiences floating instability.
- The second threshold is a depth-velocity product of ""0.36 m2/s,"" which is the point at which the vehicle experiences sliding instability.
- Both thresholds are related to a ""medium-size passenger vehicle,"" as indicated by the context of the abstract.","  - ""In terms of hydrodynamic forces, it was noticed that the drag force decreased with the increment of the Froude number and flow velocity.""
  - ""In this paper, a numerical framework was proposed to assess the response of a full-scale medium-size passenger vehicle exposed to floodwaters through three-dimensional computational fluid dynamic modelling.""
  - ""The drag coefficient was noticed to be less than 1 for supercritical flows and more than 1 for subcritical flows.""
  - ""The results showed that the vehicle experienced the floating instability mode once the flow depth reached 0.38 m, while the sliding instability mode was observed once the depth×velocity threshold function exceeded 0.36 m2/s.""",,"- The abstract discusses the use of a numerical framework to assess the response of a vehicle to floodwaters, focusing on hydrodynamic forces and stability modes.
- It mentions the drag force and drag coefficient, which are related to the forces acting on the vehicle, but these are not directly related to driving or propulsive forces or rolling friction coefficients.
- There is no mention of a driving or propulsive force or a rolling friction coefficient in the abstract. The focus is on hydrodynamic forces such as drag and buoyancy, not on forces related to vehicle propulsion or rolling resistance.
- The abstract does not provide any specific values or units for driving or propulsive forces or rolling friction coefficients.","  - ""a numerical framework was proposed to assess the response of a full-scale medium-size passenger vehicle exposed to floodwaters through three-dimensional computational fluid dynamic modelling.""
  - ""The vehicle was simulated under subcritical and supercritical flows with the Froude number ranging between 0.09 and 2.46.""",,"- The abstract mentions that the study involved ""a full-scale medium-size passenger vehicle,"" indicating that the vehicle model tested was a medium-size passenger vehicle.
- The term ""full-scale"" suggests that the model was not scaled down but rather simulated at its actual size.
- There is no mention of multiple vehicle models or different scales being used in the study.
- The focus is on a single type of vehicle, which is a medium-size passenger vehicle, and it is simulated at full scale.","  - ""The results showed that the vehicle experienced the floating instability mode once the flow depth reached 0.38 m, while the sliding instability mode was observed once the depth×velocity threshold function exceeded 0.36 m2/s.""
  - ""The vehicle was simulated under subcritical and supercritical flows with the Froude number ranging between 0.09 and 2.46.""
  - ""In this paper, a numerical framework was proposed to assess the response of a full-scale medium-size passenger vehicle exposed to floodwaters through three-dimensional computational fluid dynamic modelling.""
  - ""A vehicle exposed to flooding may lose its stability and wash away resulting in potential injuries and fatalities.""",,"- The abstract discusses a numerical framework using 3D computational fluid dynamic (CFD) modelling to assess the response of a passenger vehicle exposed to floodwaters. This indicates that the study is computational rather than experimental, suggesting that the vehicle is not physically moving or being tested in a real-world scenario.
- The mention of simulating the vehicle under different flow conditions (subcritical and supercritical flows) implies that the vehicle's motion is being modeled rather than physically tested.
- The abstract does not mention any physical testing or movement of the vehicle, such as being towed or self-propelled. Instead, it focuses on numerical simulations of the vehicle's response to floodwaters.
- The context of the study is to understand the stability of vehicles in flood conditions, which aligns with a stationary scenario where the vehicle is exposed to water flows rather than being actively moved."
Assessment of Vehicle Stability Processes Under Unsteady Flow Conditions,"Fatima Azhar, H. H. Bui, V. Pauwels",10.1111/jfr3.70181,https://doi.org/10.1111/jfr3.70181,Journal of Flood Risk Management,,2026,"Hydrodynamic drag increases by 40%–50% in unsteady flows, significantly destabilizing vehicles; this was determined using a validated SPH model compared to physical model results.","0.45 m2/s minimum depth-velocity threshold, small passenger vehicle","rolling friction coefficient = 0.3, assumed not measured","1 car model, Toyota Yaris, scale 1:14",Stationary,"  - ""The results show that the hydrodynamic drag can increase by 40%–50% in unsteady flows.""
  - ""The numerical model built with smoothed particle hydrodynamics (SPH) is first validated for its use in studying unsteady flows by comparing it with 1:14 scale physical model results.""
  - ""The rapid variation of depths and velocities in floods causes an additional hydrodynamic force in the direction of the flow, destabilising a vehicle that would otherwise be safe in steady flow conditions.""
  - ""It is the first such study wherein the hydrodynamic forces on a partially submerged object in high Reynolds number flow have been studied.""",,"- The main finding is that hydrodynamic drag can increase by 40%–50% in unsteady flows, which is a significant destabilizing factor for vehicles.
- The methodology used involves a numerical model built with smoothed particle hydrodynamics (SPH), which was validated against physical model results.
- The strength of evidence is supported by the validation of the SPH model against physical model results, indicating a robust methodology.","  - ""The ARR vehicle stability criteria limit the DV product to 0.30 m 2 s -1 . Considering all the critical conditions in combination (a. vehicle orientation perpendicular to flow, b. poor road condition, c. accelerating flow), the numerical modelling results have shown that this limit can be taken as 0.45 m 2 s -1 for small passenger vehicles.""
  - ""The experimental study conducted by Martínez-Gomariz et al. (2019) for the stability of a Mini Cooper also concluded the threshold for DV to be 0.45 m 2 s -1""
  - ""The stability thresholds for a Toyota Yaris in poor road conditions (μ = 0.30) were determined by Azhar et al. (2023) and are shown in Figure 20 , corresponding to a steady-state analysis. Multiple runs were simulated with different depths and velocities ( 20 . It can be seen that the stability curve has shifted to the left, but it is still outside the ARR envelope.""","  - ""(Page 13, Table 1) | Flow depth (mm) | Flow velocity (m s⁻¹) | Destabilising drag force (N) |\n|-----------------|-----------------------|------------------------------|\n| 170             | 3.0                   | 3041                         |""","- The paper discusses the depth-velocity threshold for vehicle instability, specifically mentioning the Australian Rainfall and Runoff (ARR) criteria and the findings from the study.
- The ARR criteria limit the depth-velocity product to 0.30 m 2 s -1 , but the study suggests that for small passenger vehicles, this limit can be considered as 0.45 m 2 s -1 under certain conditions.
- The study also references a previous study on a Mini Cooper, which concluded a similar threshold of 0.45 m 2 s -1 .
- The table on page 13 provides specific values for destabilising drag forces at different flow depths and velocities, but it does not directly state a critical depth or depth-velocity threshold.","  - ""Considering poor road conditions with μ = 0.3, the vehicle analysed with a weight of 1100 kg will lose stability when the total horizontal force exceeds μF z of 3070 N.""
  - ""The weight of the vehicle model and the coefficient of friction of the flume bed are irrelevant in this case, as the model is suspended by vertical wires and does not touch the bed.""
  - ""The resistive force at the vehicle tyres is given by where F z (N) is the net force of the vehicle acting downwards, and μ is the coefficient of friction between the vehicle tyres and the road.""",,"- The paper mentions that the coefficient of friction (μ) is irrelevant in the experimental setup because the vehicle model is suspended and does not touch the flume bed. This suggests that the rolling friction coefficient was not directly measured or used in the study.
- However, the paper does provide a value for the coefficient of friction (μ = 0.3) in the context of poor road conditions, which is used to calculate the resistive force at the vehicle tyres. This value is assumed rather than measured, as it is part of the theoretical analysis rather than an experimental measurement.
- There is no mention of a driving or propulsive force in the context of the study, as the focus is on hydrodynamic forces and stability rather than propulsion.","  - ""Experiments were conducted in a 1.2 m wide water flume at the Living Lab, Monash University, using a 1:14 scale 3D-printed model of a Toyota Yaris, representative of a small passenger car.""
  - ""Physical model testing was carried out on a 1:14 scale model of Toyota Yaris, wherein a floodfront was mimicked by suddenly releasing flow in the flume through a gated operation.""",,"- The paper mentions that experiments were conducted using a ""1:14 scale 3D-printed model of a Toyota Yaris,"" which indicates that only one vehicle model was tested.
- The type of vehicle model tested is specified as a ""Toyota Yaris,"" which is described as ""representative of a small passenger car.""
- The physical model scale ratio is explicitly mentioned as ""1:14.""","  - ""The weight of the vehicle model and the coefficient of friction of the flume bed are irrelevant in this case, as the model is suspended by vertical wires and does not touch the bed.""
  - ""The lab set-up presented in Azhar et al. (2023) is used to determine the force of a floodfront on a vehicle positioned perpendicular to the flow direction.""",,"- The vehicle is described as being ""positioned perpendicular to the flow direction,"" which suggests it is not moving under its own power or being towed during the experiment.
- The vehicle model is ""suspended by vertical wires and does not touch the bed,"" indicating that it is not in contact with the ground and thus cannot be self-propelled or towed in the traditional sense.
- The statement ""The vehicle movement is restricted"" further supports that the vehicle is not moving on its own or being towed during the testing."
Confirmation of vehicle stability criteria through a combination of smoothed particle hydrodynamics and laboratory measurements,"Fatima Azhar, V. Pauwels, H. Bui",10.1111/jfr3.12885,https://doi.org/10.1111/jfr3.12885,Journal of Flood Risk Management,,2023,"The study confirms the Australian Rainfall and Runoff (ARR) safety criteria for stationary vehicles and suggests that road conditions can affect the stability curve, using a novel combination of laboratory experiments and smoothed particle hydrodynamics (SPH) modeling.","- 0.3 m critical depth for small cars
- 0.4 m critical depth for large passenger cars
- 0.5 m critical depth for large four-wheel drive (4WD) vehicles
- 0.35 m critical depth for a small passenger vehicle in still water","rolling friction coefficient = 0.55, measured","1 car model, Toyota Yaris Hatchback, scale 1:14",Stationary,"  - ""The results confirm the current Australian Rainfall and Runoff (ARR) safety criteria for stationary vehicles.""
  - ""This study combines laboratory experiments and numerical modelling in a novel manner to assess vehicle stability.""
  - ""It also suggests that the ARR stability curve can shift depending on the road conditions that affect the vehicle's sliding mechanism.""",,"- The main finding is that the study confirms the current Australian Rainfall and Runoff (ARR) safety criteria for stationary vehicles, which is a significant outcome as it validates existing guidelines.
- The methodology used is a combination of laboratory experiments and numerical modeling using smoothed particle hydrodynamics (SPH), which is a novel approach to assessing vehicle stability.
- The strength of evidence is supported by the validation of the SPH model through physical model studies, indicating a robust methodology.","  - ""The hazard classification is based on a set of vulnerability curves given in the Book 6 of the Australian Rainfall and Runoff (ARR) guide to flood estimation (Ball et al., 2019), reproduced in Figure 1 . These curves have a limiting depth of 0.3, 0.4 and 0.5 m for a small car, a large passenger car and a large four-wheel drive (4WD), respectively.""
  - ""A still water depth of 0.35 m is sufficient for a watertight small passenger vehicle to lose traction.""
  - ""The ARR limits this depth to 0.30 m and this difference of 0.05 m in flow depth may provide safety against poor road conditions or inclined ground slope.""
  - ""The results confirm the current Australian Rainfall and Runoff (ARR) safety criteria for stationary vehicles.""",,"- The paper confirms the ARR safety criteria for stationary vehicles, which includes specific depth limits for different vehicle types.
- The ARR criteria specify limiting depths of 0.3 m for small cars, 0.4 m for large passenger cars, and 0.5 m for large 4WD vehicles.
- The paper also mentions a specific depth of 0.35 m for a small passenger vehicle to lose traction in still water, which is slightly higher than the ARR limit of 0.30 m for small cars.
- These values are critical depths for vehicle instability and are directly related to the onset of instability in floodwater.","  - ""The wet coefficient of friction between the vehicle tyre and the surface of the water flume has been measured using a spring balance. According to Wong (2008), rubber tyres on a wet asphalt surface have a coefficient of friction ranging from 0.50 to 0.70. In this experiment, a rubber mat has been used as a representative of the road surface with a wet coefficient of friction of 0.55.""
  - ""The investigations in this study have been carried out with a coefficient of friction of 0.55.""
  - ""The coefficient of friction adopted by Smith et al. (2017) was 0.78, which was higher than the value of 0.55 adopted in this study.""
  - ""The vehicle has a COG height of 0.45 m, a weight of 1097 kg and a coefficient of friction of 0.55 in accordance with the 1:14 scale model properties used in the physical model testing.""
  - ""The applicability of the ARR guidelines is thus also checked for a lower coefficient of friction of 0.30 using the SPH model.""",,"- The paper mentions the use of a wet coefficient of friction between the vehicle tire and the surface of the water flume, which is measured using a spring balance.
- The coefficient of friction used in the study is explicitly stated as 0.55, which is consistent with the properties of the 1:14 scale model used in physical model testing.
- The paper also discusses the use of a lower coefficient of friction of 0.30 in the SPH model to check the applicability of the ARR guidelines, but this is not a measured value.
- There is no mention of a driving or propulsive force in the context of the study; the focus is on the rolling friction coefficient.","  - ""The experiments have been carried out using a scaled model of a Toyota Yaris Hatchback.""
  - ""The selective laser sintering (SLS) manufacturing technique has been adopted to acquire a 1:14 scale model (Figure 2""
  - ""The scaled model is watertight, representing a situation where a vehicle loses its stability in a flash flood before the water ingresses into the vehicle.""
  - ""The 1:14 model weighs 400 g that is equivalent to 1097 kg of a 1:1 Toyota Yaris.""
  - ""The 1:14 scale model has its COG 32 mm high, that is, 0.45 m for a 1:1 scale vehicle.""
  - ""The vehicle has a COG height of 0.45 m, a weight of 1097 kg and a coefficient of friction of 0.55 in accordance with the 1:14 scale model properties used in the physical model testing.""
  - ""The physical model used in lab experiments has been accurately scaled with respect to the shape, weight and centre of gravity (COG) of a real car.""",,"- The paper mentions that the experiments were conducted using a scaled model of a Toyota Yaris Hatchback, indicating that this is the primary vehicle model tested.
- The scale of the model is specified as 1:14, which is a common scale used in physical modeling to reduce the size of the vehicle while maintaining its proportions.
- The paper does not mention any other vehicle models being tested, so it appears that only the Toyota Yaris Hatchback was used in the study.
- The focus on the Toyota Yaris Hatchback suggests that this is the only distinct vehicle model tested in the study.","  - ""The SPH model is also validated against experimental results wherein (1) the vehicle is allowed to move with the flow, and (2) the vehicle is restrained to measure the drag force on the vehicle.""
  - ""The vehicle's movement is restricted by vertical cables that hold the vehicle just above the flume bed.""
  - ""The vehicle is positioned perpendicularly to the flow as it is the most critical orientation for a vehicle to lose its stability""
  - ""The experiments have been carried out using a scaled model of a Toyota Yaris Hatchback.""
  - ""The numerical investigation is performed using smoothed particle hydrodynamics (SPH) with the vehicle oriented perpendicular to the flow direction, as this is the most critical orientation.""",,"- The study involves both numerical modeling using SPH and physical model experiments.
- The vehicle is positioned perpendicular to the flow direction, which is the most critical orientation for stability assessment.
- The physical model experiments involve a scaled model of a Toyota Yaris Hatchback, indicating that the vehicle is not self-propelled during these experiments.
- The vehicle's movement is restricted by vertical cables, suggesting that it is not self-propelled or towed during the experiments.
- The SPH model allows the vehicle to move with the flow, but this is a numerical simulation rather than a physical experiment.
- The focus of the study is on assessing vehicle stability, which typically involves stationary vehicles to measure forces and stability thresholds."
Effects of Surface Anomalies and Tire Mechanics on ATV Tire Friction Coefficients,D. Renfroe,10.4271/961000,https://doi.org/10.4271/961000,,,1996,"The traditional model of tire friction is inadequate for ATV tires due to pulsing effects and high frictional spikes; experimental skid tests on various surfaces were conducted to measure friction coefficients, and a simple model was developed to predict vehicle performance in limit maneuvers.",Not mentioned (the abstract does not discuss vehicle instability in floodwater or provide a depth-velocity threshold),"friction coefficient = up to 1.89, units not specified",Not mentioned (the abstract does not specify the number or type of vehicle models tested or any model scale ratio),self-propelled,"  - ""The typical modeling of the tire's interaction as a force being equal to the normal force times some constant friction coefficient is totally inadequate.""
  - ""In this paper the experimental results of skid tests of an ATV on dirt, gravel, dirt with a bump, a hole and on asphalt are presented.""
  - ""The frictional spikes are significantly above 1.0 rising as high as 1.89 and will affect one's prediction of the motion of the vehicle.&lt;/div&gt;""",,"- The main finding is that the traditional model of tire friction is inadequate for ATV tires, especially due to the pulsing effect and high frictional spikes.
- The methodology used involves experimental skid tests on various surfaces to measure friction coefficients.
- The strength of evidence is supported by the presentation of experimental results and the development of a simple model to predict vehicle performance.","  - ""In modeling the mechanics of an ATV in acceleration, stopping, hill climbing or descending maneuvers, it is necessary to understand the nature of the frictional forces on the tires of the vehicle.""
  - ""The interaction of the lugs of the tires with the soil, grass, rocks, roots, and surface anomalies all affect the longitudinal forces transmitted to the vehicle.""
  - ""The typical modeling of the tire's interaction as a force being equal to the normal force times some constant friction coefficient is totally inadequate.""
  - ""The frictional spikes are significantly above 1.0 rising as high as 1.89 and will affect one's prediction of the motion of the vehicle.&lt;/div&gt;""
  - ""In this paper the experimental results of skid tests of an ATV on dirt, gravel, dirt with a bump, a hole and on asphalt are presented.""
  - ""Using the deceleration rates of the vehicle CG, comparisons between a typical friction coefficient presented by other experimenters and the actual coefficient are depicted.""",,"- The abstract discusses the mechanics of an ATV and the effects of surface anomalies on tire friction coefficients, which is relevant to understanding vehicle performance on different surfaces.
- However, there is no mention of vehicle instability in floodwater or any specific depth-velocity threshold or critical depth for vehicle instability.
- The abstract focuses on skid tests on various surfaces like dirt, gravel, and asphalt, but does not mention water or flood conditions.
- The discussion of friction coefficients and deceleration rates does not include any information about water depth or velocity thresholds for vehicle instability.","  - ""The frictional spikes are significantly above 1.0 rising as high as 1.89 and will affect one's prediction of the motion of the vehicle.&lt;/div&gt;""
  - ""The typical modeling of the tire's interaction as a force being equal to the normal force times some constant friction coefficient is totally inadequate.""
  - ""Using the deceleration rates of the vehicle CG, comparisons between a typical friction coefficient presented by other experimenters and the actual coefficient are depicted.""",,"- The abstract mentions that the typical modeling of tire interaction using a constant friction coefficient is inadequate, suggesting that the study does not rely on a simple, constant friction coefficient.
- It highlights that the frictional spikes are significantly above 1.0, reaching as high as 1.89, which indicates that these values are part of the study's findings.
- The abstract also mentions comparisons between typical friction coefficients and actual coefficients, suggesting that the study measured or calculated actual friction coefficients.
- The mention of ""frictional spikes"" and ""actual coefficient"" implies that the study measured or calculated specific friction coefficients, but it does not explicitly state the units or whether these are driving/propulsive forces or rolling friction coefficients.","  - ""In modeling the mechanics of an ATV in acceleration, stopping, hill climbing or descending maneuvers, it is necessary to understand the nature of the frictional forces on the tires of the vehicle.""
  - ""The interaction of the lugs of the tires with the soil, grass, rocks, roots, and surface anomalies all affect the longitudinal forces transmitted to the vehicle.""
  - ""In this paper the experimental results of skid tests of an ATV on dirt, gravel, dirt with a bump, a hole and on asphalt are presented.""",,"- The abstract mentions ""an ATV"" as the subject of the study, indicating that the vehicle type tested is an All-Terrain Vehicle (ATV).
- There is no mention of multiple vehicle models or different types of vehicles being tested; the focus is on a single type, which is the ATV.
- The abstract does not provide information on the number of distinct vehicle models tested or any model scale ratio, as it does not specify whether scaled models were used or if multiple models were tested.
- The study appears to focus on the frictional forces and tire mechanics of an ATV, but it does not specify the number or type of vehicle models beyond identifying it as an ATV.","  - ""Using the deceleration rates of the vehicle CG, comparisons between a typical friction coefficient presented by other experimenters and the actual coefficient are depicted.""
  - ""In this paper the experimental results of skid tests of an ATV on dirt, gravel, dirt with a bump, a hole and on asphalt are presented.""
  - ""The interaction of the lugs of the tires with the soil, grass, rocks, roots, and surface anomalies all affect the longitudinal forces transmitted to the vehicle.""
  - ""In modeling the mechanics of an ATV in acceleration, stopping, hill climbing or descending maneuvers, it is necessary to understand the nature of the frictional forces on the tires of the vehicle.""",,"- The abstract mentions ""acceleration, stopping, hill climbing or descending maneuvers,"" which suggests that the vehicle is in motion during these tests.
- The mention of ""skid tests"" implies that the vehicle is moving, as skid tests typically involve a vehicle in motion.
- The use of ""deceleration rates"" further indicates that the vehicle is moving, as deceleration is a measure of how quickly a moving object slows down.
- The abstract does not mention the vehicle being stationary or towed; instead, it focuses on dynamic maneuvers, which aligns with a self-propelled state."
Floodwaters and vehicle hydrodynamics: A deep dive into risk mitigation unraveling vehicle stability in floods,"E. Al-Qadami, M. Razi, Syed Muzzamil Hussain Shah, Jaan H. Pu, M. Amran, Marco Antonio Díaz Huenchuan, Siva Avudaiappan",10.1016/j.rineng.2024.102540,https://doi.org/10.1016/j.rineng.2024.102540,Results in Engineering,,2024,"Most previous studies (78%) have focused on static vehicle stability in floods, while only 22% have considered vehicles in motion, indicating a gap in research on dynamic vehicle stability. A comprehensive review from 2010 to 2023 was conducted to assess progress in guideline formulation. The ultimate goal is to prevent fatalities related to flooded vehicles and contribute to flood risk mitigation.",Not mentioned (the abstract does not provide specific numeric thresholds or units for vehicle instability),Not mentioned (no information on driving/propulsive force or rolling friction coefficient is included in the abstract),Not mentioned (the abstract is a review and does not provide specific details about vehicle models tested or model scales),Stationary,"  - ""According to the literature, 78 % of the previous investigations focused on the stability of static vehicles, while only 22 % considered vehicles in motion.""
  - ""Previous studies on vehicle stability during tsunamis have not been well-explored.""
  - ""This paper presents a comprehensive review, delving into previous studies on flooded vehicle stability during flood events and assessing progress in guideline formulation spanning from 2010 to 2023.""
  - ""The ultimate goal is to prevent fatalities related to flooded vehicles and contribute to the broader field of flood risk mitigation.""
  - ""Vehicles are frequently impacted objects during floods, susceptible to being washed away when the flow velocity and water depth surpass specific thresholds.""",,"- The main finding of the paper is that most previous studies (78%) have focused on the stability of static vehicles in floods, while only a minority (22%) have considered vehicles in motion. This indicates a gap in research on dynamic vehicle stability.
- The methodology used is a comprehensive review of previous studies from 2010 to 2023, which provides a broad overview of the current state of research in the field.
- The strength of evidence is supported by the comprehensive nature of the review, which assesses progress in guideline formulation over a significant period.","  - ""Vehicles are frequently impacted objects during floods, susceptible to being washed away when the flow velocity and water depth surpass specific thresholds.""
  - ""The ultimate goal is to prevent fatalities related to flooded vehicles and contribute to the broader field of flood risk mitigation.""
  - ""This paper presents a comprehensive review, delving into previous studies on flooded vehicle stability during flood events and assessing progress in guideline formulation spanning from 2010 to 2023.""",,"- The abstract mentions that vehicles are susceptible to being washed away when flow velocity and water depth surpass specific thresholds, indicating that there are depth-velocity thresholds for vehicle instability.
- However, the abstract does not provide specific numeric values or units for these thresholds.
- The paper is described as a comprehensive review, which suggests it might summarize findings from other studies, but it does not explicitly state any specific depth-velocity thresholds.
- The focus of the abstract is on the review of previous studies and the need for further research, rather than on providing specific data or thresholds.","  - ""The ultimate goal is to prevent fatalities related to flooded vehicles and contribute to the broader field of flood risk mitigation.""",,"- The abstract discusses the stability of vehicles in floodwaters and the need for safety guidelines, but it does not mention any specific driving or propulsive forces or rolling friction coefficients.
- The focus of the paper is on reviewing previous studies and identifying areas for further research rather than conducting new experiments or measurements.
- There is no mention of any specific values or measurements related to driving/propulsive forces or rolling friction coefficients in the abstract.","  - ""This paper presents a comprehensive review, delving into previous studies on flooded vehicle stability during flood events and assessing progress in guideline formulation spanning from 2010 to 2023.""
  - ""extensive research has been conducted on defining the critical vehicle orientation with respect to incoming flow, which is reported to occur when the flow direction is perpendicular to the longitudinal vehicle axis.""
  - ""According to the literature, 78 % of the previous investigations focused on the stability of static vehicles, while only 22 % considered vehicles in motion.""
  - ""Previous studies on vehicle stability during tsunamis have not been well-explored.""
  - ""Moreover, emergency vehicles, including police cars, fire trucks, and ambulances, received little attention and were only considered in two studies.""",,"- The abstract describes the paper as a ""comprehensive review"" of previous studies, which means it does not conduct new experiments or tests but rather summarizes existing research.
- There is no mention of specific vehicle models being tested or any physical model scale ratios in the abstract.
- The focus is on reviewing previous studies rather than conducting new experiments or testing specific vehicle models.
- The abstract discusses general trends and areas of focus in previous research but does not provide specific details about the number or type of vehicle models tested.","  - ""78 % of the previous investigations focused on the stability of static vehicles, while only 22 % considered vehicles in motion.""
  - ""extensive research has been conducted on defining the critical vehicle orientation with respect to incoming flow, which is reported to occur when the flow direction is perpendicular to the longitudinal vehicle axis.""
  - ""Previous studies on vehicle stability during tsunamis have not been well-explored.""",,"- The abstract mentions that 78% of previous investigations focused on the stability of static vehicles, which implies that these vehicles were stationary during testing.
- The remaining 22% of studies considered vehicles in motion, but it does not specify whether these vehicles were towed or self-propelled.
- The abstract does not provide specific details about the vehicle motion state in the current study, as it is a review of previous studies rather than a new experimental study.
- The focus on vehicle orientation suggests an interest in how vehicles are positioned relative to water flow, but again, it does not specify the motion state of the vehicles."
Stop there’s water on the road! Identifying key beliefs guiding people’s willingness to drive through flooded waterways,"K. Hamilton, A. Peden, Marti Pearson, M. Hagger",10.1016/J.SSCI.2016.07.004,https://doi.org/10.1016/J.SSCI.2016.07.004,Safety Science,,2016,"The study found that specific beliefs predict drivers' willingness to drive through flooded waterways, using a two-phased research program based on the Theory of Planned Behaviour with a cross-sectional design in Phase 2.",Not mentioned (the abstract does not provide specific numeric thresholds for vehicle instability),"Not mentioned (the abstract does not provide information on driving force, propulsive force, or rolling friction coefficient)",Not mentioned (the abstract does not provide information on vehicle models or model scales),self-propelled,"  - ""The findings highlight the role that specific key beliefs play in guiding people's willingness to drive through flooded waterways and, in turn, provide possible targets for future interventions to curb this risky and potentially fatal driving behaviour.""
  - ""Phase 2 (N = 174; Mage = 27.43, SD = 10.76) adopted a cross-sectional design to examine the belief predictors of drivers' willingness to drive through a flooded waterway.""
  - ""A range of beliefs emerged as predicting drivers' willingness to engage in this unsafe driving behaviour.""
  - ""Phase 1 (N = 25; Mage = 32.38, SD = 11.46) identified common beliefs about driving through a flooded waterway.""
  - ""Drawing on the Theory of Planned Behaviour, a two-phased research program was conducted.""",,"- The main finding is that specific beliefs predict drivers' willingness to drive through flooded waterways, which is highlighted by the identification of attitudinal, social, and efficacy beliefs.
- The methodology used was a two-phased research program, with Phase 1 identifying common beliefs and Phase 2 examining belief predictors using a cross-sectional design.
- The strength of evidence is supported by the use of a well-established theoretical framework (Theory of Planned Behaviour) and the inclusion of a substantial sample size in Phase 2.","  - ""The findings highlight the role that specific key beliefs play in guiding people's willingness to drive through flooded waterways and, in turn, provide possible targets for future interventions to curb this risky and potentially fatal driving behaviour.""
  - ""scenarios of low (road covered in 20 cm of water) and high (road covered in 60 cm of water) risk situations were investigated.""
  - ""A leading cause of flood related drowning deaths is driving through flooded waterways.""",,"- The abstract discusses the risks associated with driving through flooded waterways but does not provide specific numeric thresholds for vehicle instability.
- The mention of ""scenarios of low (road covered in 20 cm of water) and high (road covered in 60 cm of water) risk situations"" suggests that these depths were used in the study to investigate risk perceptions, but they are not explicitly described as thresholds for vehicle instability.
- The abstract focuses on the beliefs and attitudes influencing drivers' willingness to drive through flooded waterways rather than providing technical data on vehicle instability thresholds.
- There is no mention of a specific ""Depth-velocity threshold or critical depth reported for vehicle instability"" in the abstract.","  - ""A leading cause of flood related drowning deaths is driving through flooded waterways.""
  - ""Phase 1 (N = 25; Mage = 32.38, SD = 11.46) identified common beliefs about driving through a flooded waterway.""
  - ""Phase 2 (N = 174; Mage = 27.43, SD = 10.76) adopted a cross-sectional design to examine the belief predictors of drivers' willingness to drive through a flooded waterway.""
  - ""Given differences in consequences due to the depth of water, scenarios of low (road covered in 20 cm of water) and high (road covered in 60 cm of water) risk situations were investigated.""
  - ""A range of beliefs emerged as predicting drivers' willingness to engage in this unsafe driving behaviour.""
  - ""The results of the current study support using a Theory of Planned Behaviour belief-based approach to the understanding of risky transport-related aquatic activities.""",,"- The abstract focuses on identifying key beliefs that guide people's willingness to drive through flooded waterways, using the Theory of Planned Behaviour.
- The study is divided into two phases, both of which are concerned with understanding beliefs and attitudes rather than physical or mechanical aspects of driving.
- The abstract mentions scenarios involving different depths of water but does not provide any information about driving forces, propulsive forces, or rolling friction coefficients.
- The study's focus is on psychological and social factors influencing behavior, not on physical or mechanical measurements like friction coefficients or driving forces.","  - ""The findings highlight the role that specific key beliefs play in guiding people's willingness to drive through flooded waterways and, in turn, provide possible targets for future interventions to curb this risky and potentially fatal driving behaviour.""
  - ""Phase 2 (N = 174; Mage = 27.43, SD = 10.76) adopted a cross-sectional design to examine the belief predictors of drivers' willingness to drive through a flooded waterway.""
  - ""A range of beliefs emerged as predicting drivers' willingness to engage in this unsafe driving behaviour.""
  - ""Phase 1 (N = 25; Mage = 32.38, SD = 11.46) identified common beliefs about driving through a flooded waterway.""
  - ""A leading cause of flood related drowning deaths is driving through flooded waterways.""",,"- The abstract discusses a study focused on identifying beliefs that guide people's willingness to drive through flooded waterways, using the Theory of Planned Behaviour.
- The study is described as a two-phased research program, with Phase 1 involving 25 participants and Phase 2 involving 174 participants.
- The abstract does not mention any specific vehicle models being tested or any physical model scale ratios.
- The focus of the study is on understanding beliefs and attitudes related to driving through flooded waterways, not on testing specific vehicle models or their physical characteristics.
- There is no mention of any vehicle models or model scales in the abstract, indicating that this information is not relevant to the study's objectives.","  - ""The findings highlight the role that specific key beliefs play in guiding people's willingness to drive through flooded waterways and, in turn, provide possible targets for future interventions to curb this risky and potentially fatal driving behaviour.""
  - ""A range of beliefs emerged as predicting drivers' willingness to engage in this unsafe driving behaviour.""
  - ""Phase 2 (N = 174; Mage = 27.43, SD = 10.76) adopted a cross-sectional design to examine the belief predictors of drivers' willingness to drive through a flooded waterway.""
  - ""A leading cause of flood related drowning deaths is driving through flooded waterways.""",,"- The abstract discusses the willingness of drivers to drive through flooded waterways, which implies that the vehicle is in motion, as driving is an action that involves movement.
- The focus on ""driving through flooded waterways"" suggests that the vehicle is self-propelled, as driving typically involves the vehicle moving under its own power.
- There is no mention of the vehicle being stationary or towed in the context of the study, which further supports the conclusion that the vehicle is self-propelled.
- The abstract does not provide specific details about the speed or conditions under which the driving occurred, but it is clear that the vehicle is moving under its own power."